{"type":"FeatureCollection","bbox":[119.28755,26.081,119.2958,26.0891],"metadata":{"title":"三坊七巷 OpenStreetMap 实际街巷与建筑轮廓","origin":[119.2916,26.085],"displayBounds":[119.28755,26.081,119.2958,26.0891],"bounds":[119.28755,26.081,119.2958,26.0891],"coordinateSystem":"WGS84 / EPSG:4326","downloadedAt":"2026-09-20","sourceUrl":"https://api.openstreetmap.org/api/0.6/map?bbox=119.286,26.081,119.296,26.091","attribution":"© OpenStreetMap contributors","license":"ODbL-1.0","licenseUrl":"https://www.openstreetmap.org/copyright","counts":{"road":107,"building":901,"boundary":1,"water":4,"park":1},"note":"街道及建筑平面轮廓为公开地图数据；渲染中的高度、屋顶、材质及装饰为风格化示意。非测绘或实时导航产品。"},"features":[{"type":"Feature","id":"way/191939543","properties":{"highway":"tertiary","name":"光禄坊","oneway":"yes","kind":"road","osmId":"way/191939543","source":"OpenStreetMap","sourceUrl":"https://www.openstreetmap.org/way/191939543"},"geometry":{"type":"LineString","coordinates":[[119.28755,26.0814325],[119.2875525,26.0814334],[119.2878249,26.0815455],[119.2880725,26.0816999],[119.2885412,26.0819851],[119.289481,26.0823037]]}},{"type":"Feature","id":"way/191939548","properties":{"highway":"tertiary","lanes":"1","name":"达明路","oneway":"yes","kind":"road","osmId":"way/191939548","source":"OpenStreetMap","sourceUrl":"https://www.openstreetmap.org/way/191939548"},"geometry":{"type":"LineString","coordinates":[[119.2914378,26.088899],[119.2914165,26.088971],[119.2913925,26.0891]]}},{"type":"Feature","id":"way/271375888","properties":{"highway":"primary","name":"东街","oneway":"yes","kind":"road","osmId":"way/271375888","source":"OpenStreetMap","sourceUrl":"https://www.openstreetmap.org/way/271375888"},"geometry":{"type":"LineString","coordinates":[[119.2941777,26.0891],[119.2939454,26.0890734],[119.2928574,26.0889728]]}},{"type":"Feature","id":"way/277984477","properties":{"agricultural":"no","bicycle":"no","foot":"yes","highway":"pedestrian","horse":"no","lit":"yes","name":"南后街","name:en":"Nanhou Street","name:zh-Latn-pinyin":"Nánhòu Jiē","surface":"concrete","vehicle":"no","kind":"road","osmId":"way/277984477","source":"OpenStreetMap","sourceUrl":"https://www.openstreetmap.org/way/277984477"},"geometry":{"type":"LineString","coordinates":[[119.2914601,26.0887017],[119.2914635,26.0886655],[119.2915013,26.0881787],[119.2915191,26.0880172],[119.2915257,26.0879455],[119.2915409,26.0878501],[119.2915765,26.0876818],[119.2915908,26.0876176],[119.2916101,26.0875133],[119.2916774,26.0872384],[119.291836,26.0865424],[119.2921458,26.0851873],[119.2921516,26.0851569],[119.2923244,26.0843355],[119.2923345,26.0842873],[119.2923438,26.0842433],[119.292561,26.0832236],[119.2925748,26.0831587]]}},{"type":"Feature","id":"way/301880667","properties":{"highway":"residential","lanes":"1","lit":"yes","oneway":"yes","surface":"concrete","kind":"road","osmId":"way/301880667","source":"OpenStreetMap","sourceUrl":"https://www.openstreetmap.org/way/301880667"},"geometry":{"type":"LineString","coordinates":[[119.2899782,26.0889835],[119.2905773,26.0891]]}},{"type":"Feature","id":"way/301892651","properties":{"highway":"service","lit":"yes","service":"parking_aisle","surface":"concrete","kind":"road","osmId":"way/301892651","source":"OpenStreetMap","sourceUrl":"https://www.openstreetmap.org/way/301892651"},"geometry":{"type":"LineString","coordinates":[[119.2928367,26.0891],[119.2928574,26.0889728]]}},{"type":"Feature","id":"way/301892923","properties":{"highway":"tertiary","name":"澳门路","name:en":"Aomen Road","oneway":"yes","kind":"road","osmId":"way/301892923","source":"OpenStreetMap","sourceUrl":"https://www.openstreetmap.org/way/301892923"},"geometry":{"type":"LineString","coordinates":[[119.2931797,26.0811689],[119.2929308,26.0820362],[119.2927055,26.0827418]]}},{"type":"Feature","id":"way/301910528","properties":{"bicycle":"no","highway":"pedestrian","horse":"no","motor_vehicle":"no","name":"塔巷","name:en":"Tower Lane","name:zh-Latn-pinyin":"Tǎ Xiàng","surface":"paving_stones","kind":"road","osmId":"way/301910528","source":"OpenStreetMap","sourceUrl":"https://www.openstreetmap.org/way/301910528"},"geometry":{"type":"LineString","coordinates":[[119.2916774,26.0872384],[119.2917302,26.0872483],[119.2919219,26.0872843],[119.2921928,26.0873361],[119.2924536,26.0873776],[119.292666,26.0874154],[119.2928405,26.0874571],[119.2929832,26.0874907],[119.293267,26.0875517],[119.2935848,26.0876227],[119.2937149,26.0876517],[119.2940267,26.0877095],[119.2941433,26.0877288],[119.294427,26.0877685],[119.2947616,26.0877817]]}},{"type":"Feature","id":"way/301910529","properties":{"highway":"secondary","lit":"yes","name":"鼓屏路","oneway":"yes","surface":"concrete","kind":"road","osmId":"way/301910529","source":"OpenStreetMap","sourceUrl":"https://www.openstreetmap.org/way/301910529"},"geometry":{"type":"LineString","coordinates":[[119.2944228,26.0891],[119.294471,26.0889998]]}},{"type":"Feature","id":"way/301910532","properties":{"bicycle":"no","highway":"pedestrian","horse":"no","motor_vehicle":"no","name":"郎官巷","name:en":"Langguan Lane","name:zh-Latn-pinyin":"Lángguān Xiàng","surface":"paving_stones","kind":"road","osmId":"way/301910532","source":"OpenStreetMap","sourceUrl":"https://www.openstreetmap.org/way/301910532"},"geometry":{"type":"LineString","coordinates":[[119.2915191,26.0880172],[119.2915624,26.0880246],[119.2917703,26.08806],[119.2920184,26.0881081],[119.2922705,26.0881551],[119.292574,26.0882027],[119.2927922,26.0882551],[119.2930549,26.0883218],[119.2934259,26.0884089]]}},{"type":"Feature","id":"way/303181488","properties":{"highway":"residential","lanes":"2","lit":"yes","name":"雅道巷","name:en":"Yadao Lane","oneway":"no","surface":"concrete","kind":"road","osmId":"way/303181488","source":"OpenStreetMap","sourceUrl":"https://www.openstreetmap.org/way/303181488"},"geometry":{"type":"LineString","coordinates":[[119.2881716,26.0863986],[119.2882518,26.086415],[119.2885431,26.0864711],[119.2888381,26.0865295],[119.2890381,26.0865691],[119.2890587,26.0865731],[119.2898822,26.086736],[119.290313,26.0868146],[119.290452,26.08684],[119.2906639,26.0868875],[119.2906909,26.0869224]]}},{"type":"Feature","id":"way/303181489","properties":{"highway":"residential","lanes":"1","lit":"yes","name":"雅道巷","oneway":"yes","kind":"road","osmId":"way/303181489","source":"OpenStreetMap","sourceUrl":"https://www.openstreetmap.org/way/303181489"},"geometry":{"type":"LineString","coordinates":[[119.2906909,26.0869224],[119.2907018,26.086979],[119.2905873,26.0874434]]}},{"type":"Feature","id":"way/303181490","properties":{"highway":"residential","lanes":"1","lit":"yes","name":"雅道巷","oneway":"yes","kind":"road","osmId":"way/303181490","source":"OpenStreetMap","sourceUrl":"https://www.openstreetmap.org/way/303181490"},"geometry":{"type":"LineString","coordinates":[[119.2902762,26.08859],[119.2904779,26.0876675],[119.2904936,26.0875918]]}},{"type":"Feature","id":"way/303188570","properties":{"bicycle":"no","foot":"yes","highway":"pedestrian","horse":"no","motor_vehicle":"no","name":"衣锦坊","name:zh-Latn-pinyin":"Yī jǐn fāng","surface":"paving_stones","kind":"road","osmId":"way/303188570","source":"OpenStreetMap","sourceUrl":"https://www.openstreetmap.org/way/303188570"},"geometry":{"type":"LineString","coordinates":[[119.2882518,26.086415],[119.2883237,26.0863556],[119.2884169,26.086349],[119.2885637,26.0863498],[119.2885789,26.0863499],[119.28933,26.0864774],[119.289377,26.0861904],[119.2901559,26.0862964],[119.2903922,26.0863249],[119.2906268,26.0863572],[119.2910166,26.0864195],[119.2914838,26.08649],[119.2918028,26.0865375],[119.291836,26.0865424]]}},{"type":"Feature","id":"way/303189123","properties":{"bicycle":"no","highway":"pedestrian","horse":"no","motor_vehicle":"no","name":"黄巷","name:en":"Yellow Lane","name:zh-Latn-pinyin":"Huáng Xiàng","surface":"paving_stones","kind":"road","osmId":"way/303189123","source":"OpenStreetMap","sourceUrl":"https://www.openstreetmap.org/way/303189123"},"geometry":{"type":"LineString","coordinates":[[119.291836,26.0865424],[119.2918819,26.0865469],[119.2920922,26.0865676],[119.2923706,26.0865833],[119.292564,26.0865873],[119.2926688,26.0865881],[119.2927631,26.086585],[119.2930323,26.0865787],[119.2932614,26.0865784],[119.2934741,26.0865742],[119.2937484,26.08657],[119.2938058,26.086568],[119.2939509,26.0865748],[119.2940851,26.0865881],[119.2942847,26.0866127],[119.2944096,26.0866334],[119.294832,26.0867297],[119.294994,26.0867585]]}},{"type":"Feature","id":"way/303274240","properties":{"bicycle":"no","highway":"pedestrian","horse":"no","motor_vehicle":"no","name":"安民巷","name:en":"Anmin Lane","name:zh-Latn-pinyin":"Ānmín Xiàng","surface":"paving_stones","kind":"road","osmId":"way/303274240","source":"OpenStreetMap","sourceUrl":"https://www.openstreetmap.org/way/303274240"},"geometry":{"type":"LineString","coordinates":[[119.2921458,26.0851873],[119.2921903,26.0851996],[119.292351,26.0852439],[119.2924677,26.0852764],[119.2925562,26.0853125],[119.2928768,26.0854209],[119.2932214,26.0855438],[119.2933296,26.0855772],[119.2936629,26.0856629],[119.2939201,26.0857233],[119.2950198,26.0860485],[119.2951727,26.0860569]]}},{"type":"Feature","id":"way/303274241","properties":{"bicycle":"no","highway":"pedestrian","horse":"no","motor_vehicle":"no","name":"文儒坊","surface":"paving_stones","kind":"road","osmId":"way/303274241","source":"OpenStreetMap","sourceUrl":"https://www.openstreetmap.org/way/303274241"},"geometry":{"type":"LineString","coordinates":[[119.2888474,26.0842494],[119.2900998,26.084509],[119.2902468,26.0845308],[119.2903855,26.0845621],[119.2905459,26.0845965],[119.2907074,26.0846392],[119.2909147,26.0847031],[119.2910582,26.0847801],[119.2912473,26.0848753],[119.2921154,26.0851456],[119.2921516,26.0851569]]}},{"type":"Feature","id":"way/303627048","properties":{"building":"yes","kind":"building","osmId":"way/303627048","source":"OpenStreetMap","sourceUrl":"https://www.openstreetmap.org/way/303627048","inHistoricCore":false},"geometry":{"type":"Polygon","coordinates":[[[119.2906983,26.0876736],[119.2913011,26.0878006],[119.2913451,26.0876149],[119.2912835,26.0876028],[119.2912883,26.0875801],[119.291172,26.0875575],[119.2911679,26.0875764],[119.2910229,26.0875489],[119.2910263,26.0875336],[119.2909208,26.0875135],[119.2909168,26.0875287],[119.2907548,26.0874921],[119.2906983,26.0876736]]]}},{"type":"Feature","id":"way/303627052","properties":{"addr:housenumber":"2","addr:street":"达明路","building":"yes","kind":"building","osmId":"way/303627052","source":"OpenStreetMap","sourceUrl":"https://www.openstreetmap.org/way/303627052","inHistoricCore":false},"geometry":{"type":"Polygon","coordinates":[[[119.2901054,26.0889975],[119.2906626,26.0891],[119.2912974,26.0891],[119.2913002,26.0890871],[119.2912621,26.0890278],[119.2902678,26.088867],[119.290197,26.0888548],[119.2901303,26.0888939],[119.2901054,26.0889975]]]}},{"type":"Feature","id":"way/303633286","properties":{"bicycle":"no","foot":"yes","highway":"pedestrian","horse":"no","motor_vehicle":"no","name":"洗银营巷","name:en":"Xiyinying Lane","name:zh-Latn-pinyin":"Xǐyínyíng Xiàng","kind":"road","osmId":"way/303633286","source":"OpenStreetMap","sourceUrl":"https://www.openstreetmap.org/way/303633286"},"geometry":{"type":"LineString","coordinates":[[119.2904872,26.0856861],[119.2896299,26.0855764],[119.2895703,26.0857582],[119.289133,26.0856865],[119.2890952,26.0858171],[119.2887805,26.0857333],[119.2887202,26.0858161],[119.2883704,26.0857574]]}},{"type":"Feature","id":"way/303633287","properties":{"bicycle":"no","foot":"yes","highway":"pedestrian","horse":"no","motor_vehicle":"no","name":"闽山巷","name:en":"Minshan Lane","name:zh-Latn-pinyin":"Mǐnshān Xiàng","surface":"concrete","kind":"road","osmId":"way/303633287","source":"OpenStreetMap","sourceUrl":"https://www.openstreetmap.org/way/303633287"},"geometry":{"type":"LineString","coordinates":[[119.2907074,26.0846392],[119.2906465,26.0848645],[119.2906049,26.0851331],[119.2905033,26.085599],[119.2904872,26.0856861],[119.2903922,26.0863249],[119.290313,26.0868146]]}},{"type":"Feature","id":"way/303633291","properties":{"bicycle":"no","foot":"yes","highway":"pedestrian","horse":"no","motor_vehicle":"no","name":"宫巷","name:en":"Gong Lane","name:zh-Latn-pinyin":"Gōng Xiàng","kind":"road","osmId":"way/303633291","source":"OpenStreetMap","sourceUrl":"https://www.openstreetmap.org/way/303633291"},"geometry":{"type":"LineString","coordinates":[[119.2923244,26.0843355],[119.29236,26.084342],[119.2924241,26.0843537],[119.2942245,26.0847549],[119.294474,26.0847886],[119.2947127,26.0848356],[119.2952049,26.0849186],[119.2954785,26.0849933]]}},{"type":"Feature","id":"way/304170559","properties":{"highway":"tertiary","lanes":"2","name":"吉庇巷","oneway":"yes","surface":"concrete","kind":"road","osmId":"way/304170559","source":"OpenStreetMap","sourceUrl":"https://www.openstreetmap.org/way/304170559"},"geometry":{"type":"LineString","coordinates":[[119.2925748,26.0831587],[119.2944229,26.0837302],[119.2945407,26.0837679],[119.2956428,26.0840984],[119.2957556,26.0841367]]}},{"type":"Feature","id":"way/304170562","properties":{"bicycle":"no","highway":"service","horse":"no","motor_vehicle":"no","name":"早题巷","name:en":"Zaoti Lane","name:zh-Latn-pinyin":"Zǎotí Xiàng","service":"alley","kind":"road","osmId":"way/304170562","source":"OpenStreetMap","sourceUrl":"https://www.openstreetmap.org/way/304170562"},"geometry":{"type":"LineString","coordinates":[[119.2901456,26.0838302],[119.2902374,26.0835925],[119.2906403,26.0826411]]}},{"type":"Feature","id":"way/304170565","properties":{"bicycle":"no","highway":"service","horse":"no","motor_vehicle":"no","name":"大光里","name:zh-Latn-pinyin":"Dàguāng Lǐ","service":"alley","kind":"road","osmId":"way/304170565","source":"OpenStreetMap","sourceUrl":"https://www.openstreetmap.org/way/304170565"},"geometry":{"type":"LineString","coordinates":[[119.2891532,26.0836283],[119.2893885,26.0836985],[119.2896232,26.0837358],[119.2898742,26.0837845],[119.2901456,26.0838302],[119.2903494,26.0838948],[119.2905488,26.0839576],[119.2906109,26.0839942],[119.2906926,26.0840464],[119.2907457,26.0840767],[119.2908114,26.084111],[119.2909126,26.0841575]]}},{"type":"Feature","id":"way/304170566","properties":{"highway":"tertiary","lit":"yes","name":"津泰路","surface":"concrete","kind":"road","osmId":"way/304170566","source":"OpenStreetMap","sourceUrl":"https://www.openstreetmap.org/way/304170566"},"geometry":{"type":"LineString","coordinates":[[119.2957556,26.0841367],[119.2958,26.0841539]]}},{"type":"Feature","id":"way/304477285","properties":{"highway":"residential","lit":"yes","name":"锦巷","oneway":"yes","surface":"concrete","kind":"road","osmId":"way/304477285","source":"OpenStreetMap","sourceUrl":"https://www.openstreetmap.org/way/304477285"},"geometry":{"type":"LineString","coordinates":[[119.2950683,26.0869331],[119.2958,26.0870691]]}},{"type":"Feature","id":"way/304477292","properties":{"highway":"primary","lanes":"2","maxspeed":"70","oneway":"yes","surface":"concrete","name":"杨桥东路","historic_name":"杨桥巷","nameSource":"UNESCO / Sanfang Qixiang street layout","kind":"road","osmId":"way/304477292","source":"OpenStreetMap","sourceUrl":"https://www.openstreetmap.org/way/304477292"},"geometry":{"type":"LineString","coordinates":[[119.2928574,26.0889728],[119.2924556,26.0889532],[119.2917735,26.0889188],[119.2915504,26.0889075],[119.2914378,26.088899],[119.2912993,26.0888813],[119.2908768,26.0888219],[119.2900747,26.0886956],[119.2894845,26.0885949],[119.2892757,26.0885602],[119.2876733,26.0882824],[119.28755,26.0882611]]}},{"type":"Feature","id":"way/304477296","properties":{"highway":"residential","lit":"yes","name":"织缎巷","oneway":"yes","surface":"concrete","kind":"road","osmId":"way/304477296","source":"OpenStreetMap","sourceUrl":"https://www.openstreetmap.org/way/304477296"},"geometry":{"type":"LineString","coordinates":[[119.2958,26.085456],[119.2954973,26.08538],[119.2954561,26.0853732]]}},{"type":"Feature","id":"way/304477297","properties":{"highway":"residential","lit":"yes","name":"花巷","oneway":"yes","surface":"concrete","kind":"road","osmId":"way/304477297","source":"OpenStreetMap","sourceUrl":"https://www.openstreetmap.org/way/304477297"},"geometry":{"type":"LineString","coordinates":[[119.2958,26.0877395],[119.2956662,26.0877336],[119.295394,26.087701],[119.2951512,26.0876685],[119.2949142,26.0876111]]}},{"type":"Feature","id":"way/304480409","properties":{"highway":"residential","lanes":"1","lit":"yes","name":"元帅路","oneway":"yes","surface":"concrete","kind":"road","osmId":"way/304480409","source":"OpenStreetMap","sourceUrl":"https://www.openstreetmap.org/way/304480409"},"geometry":{"type":"LineString","coordinates":[[119.2899425,26.0891],[119.2899782,26.0889835],[119.2900747,26.0886956]]}},{"type":"Feature","id":"way/304538151","properties":{"highway":"tertiary","oneway":"yes","surface":"concrete","kind":"road","osmId":"way/304538151","source":"OpenStreetMap","sourceUrl":"https://www.openstreetmap.org/way/304538151"},"geometry":{"type":"LineString","coordinates":[[119.2914527,26.0887768],[119.2914378,26.088899]]}},{"type":"Feature","id":"way/304538184","properties":{"highway":"primary","lanes":"2","maxspeed":"70","oneway":"yes","surface":"concrete","name":"杨桥东路","historic_name":"杨桥巷","nameSource":"UNESCO / Sanfang Qixiang street layout","kind":"road","osmId":"way/304538184","source":"OpenStreetMap","sourceUrl":"https://www.openstreetmap.org/way/304538184"},"geometry":{"type":"LineString","coordinates":[[119.28755,26.0881202],[119.2877211,26.0881519],[119.2886195,26.0883086],[119.289041,26.0883802],[119.2902762,26.08859],[119.2903408,26.0886044],[119.2909497,26.0887056],[119.291312,26.0887539],[119.2914527,26.0887768],[119.2915582,26.0887861],[119.2919076,26.0888068],[119.291987,26.0888115],[119.2922643,26.088828],[119.2927034,26.0888471],[119.2929107,26.0888664],[119.2935852,26.0889232],[119.2938601,26.0889458],[119.2939529,26.0889528]]}},{"type":"Feature","id":"way/305673797","properties":{"highway":"residential","kind":"road","osmId":"way/305673797","source":"OpenStreetMap","sourceUrl":"https://www.openstreetmap.org/way/305673797"},"geometry":{"type":"LineString","coordinates":[[119.2886195,26.0883086],[119.288726,26.0875632],[119.2887427,26.0874243],[119.2888238,26.0872695],[119.2889996,26.0872057],[119.289128,26.0872543],[119.2891922,26.0873878],[119.2891719,26.0876671],[119.289041,26.0883802]]}},{"type":"Feature","id":"way/305859352","properties":{"highway":"tertiary","name":"道山路","oneway":"yes","kind":"road","osmId":"way/305859352","source":"OpenStreetMap","sourceUrl":"https://www.openstreetmap.org/way/305859352"},"geometry":{"type":"LineString","coordinates":[[119.2958,26.0817191],[119.295511,26.0816599],[119.2948954,26.0815302],[119.2941117,26.0813652],[119.2938487,26.0813098],[119.2931797,26.0811689]]}},{"type":"Feature","id":"way/306647915","properties":{"highway":"residential","kind":"road","osmId":"way/306647915","source":"OpenStreetMap","sourceUrl":"https://www.openstreetmap.org/way/306647915"},"geometry":{"type":"LineString","coordinates":[[119.2958,26.0812992],[119.2956212,26.0812584],[119.2955491,26.081242],[119.2950553,26.0811236],[119.2950431,26.0810745],[119.2950442,26.081]]}},{"type":"Feature","id":"way/306647918","properties":{"highway":"residential","kind":"road","osmId":"way/306647918","source":"OpenStreetMap","sourceUrl":"https://www.openstreetmap.org/way/306647918"},"geometry":{"type":"LineString","coordinates":[[119.2941117,26.0813652],[119.2941966,26.081]]}},{"type":"Feature","id":"way/308834046","properties":{"crossing":"zebra","footway":"crossing","highway":"footway","kind":"road","osmId":"way/308834046","source":"OpenStreetMap","sourceUrl":"https://www.openstreetmap.org/way/308834046"},"geometry":{"type":"LineString","coordinates":[[119.2956108,26.0842019],[119.2957257,26.0842308],[119.2958,26.0842495]]}},{"type":"Feature","id":"way/308834046","properties":{"crossing":"zebra","footway":"crossing","highway":"footway","kind":"road","osmId":"way/308834046","source":"OpenStreetMap","sourceUrl":"https://www.openstreetmap.org/way/308834046"},"geometry":{"type":"LineString","coordinates":[[119.2958,26.0840625],[119.2957814,26.0840578],[119.2956647,26.0840286],[119.2956428,26.0840984],[119.2956108,26.0842019]]}},{"type":"Feature","id":"way/317816044","properties":{"highway":"tertiary","oneway":"yes","kind":"road","osmId":"way/317816044","source":"OpenStreetMap","sourceUrl":"https://www.openstreetmap.org/way/317816044"},"geometry":{"type":"LineString","coordinates":[[119.2932106,26.081],[119.2931797,26.0811689]]}},{"type":"Feature","id":"way/494956517","properties":{"cycleway:left":"no","cycleway:right":"lane","highway":"tertiary","lanes":"3","lanes:backward":"1","lanes:forward":"2","name":"通湖路","kind":"road","osmId":"way/494956517","source":"OpenStreetMap","sourceUrl":"https://www.openstreetmap.org/way/494956517"},"geometry":{"type":"LineString","coordinates":[[119.2882799,26.0860493],[119.2883704,26.0857574],[119.2885342,26.0852524],[119.2886944,26.0846999],[119.288775,26.0844135],[119.2888054,26.0843385],[119.2888474,26.0842494],[119.288944,26.084039],[119.2891063,26.0837153]]}},{"type":"Feature","id":"way/502984361","properties":{"highway":"tertiary","name":"光禄坊","oneway":"yes","kind":"road","osmId":"way/502984361","source":"OpenStreetMap","sourceUrl":"https://www.openstreetmap.org/way/502984361"},"geometry":{"type":"LineString","coordinates":[[119.2925748,26.0831587],[119.2906403,26.0826411],[119.2898655,26.0824188],[119.2898144,26.0824042],[119.2897148,26.0823752]]}},{"type":"Feature","id":"way/502984362","properties":{"highway":"tertiary","lanes":"2","name":"通湖路","oneway":"yes","kind":"road","osmId":"way/502984362","source":"OpenStreetMap","sourceUrl":"https://www.openstreetmap.org/way/502984362"},"geometry":{"type":"LineString","coordinates":[[119.2898699,26.081997],[119.2897781,26.0822635],[119.2897394,26.0823016]]}},{"type":"Feature","id":"way/502984363","properties":{"highway":"tertiary","lanes":"1","name":"通湖路","oneway":"yes","kind":"road","osmId":"way/502984363","source":"OpenStreetMap","sourceUrl":"https://www.openstreetmap.org/way/502984363"},"geometry":{"type":"LineString","coordinates":[[119.2902262,26.081],[119.2900407,26.0815573],[119.2899206,26.0819083]]}},{"type":"Feature","id":"way/502984369","properties":{"highway":"tertiary","name":"道山路","oneway":"yes","kind":"road","osmId":"way/502984369","source":"OpenStreetMap","sourceUrl":"https://www.openstreetmap.org/way/502984369"},"geometry":{"type":"LineString","coordinates":[[119.2931797,26.0811689],[119.2927139,26.0810878],[119.292191,26.081]]}},{"type":"Feature","id":"way/503489073","properties":{"highway":"residential","kind":"road","osmId":"way/503489073","source":"OpenStreetMap","sourceUrl":"https://www.openstreetmap.org/way/503489073"},"geometry":{"type":"LineString","coordinates":[[119.2955183,26.081],[119.2955674,26.0810398],[119.2955491,26.081242]]}},{"type":"Feature","id":"way/601484949","properties":{"highway":"living_street","name":"营房里","kind":"road","osmId":"way/601484949","source":"OpenStreetMap","sourceUrl":"https://www.openstreetmap.org/way/601484949"},"geometry":{"type":"LineString","coordinates":[[119.2929308,26.0820362],[119.2925408,26.0819461],[119.2917931,26.0817837],[119.2912339,26.0816548],[119.2911819,26.0816522],[119.2911349,26.0816582],[119.2910854,26.0816683],[119.2910224,26.0816847],[119.2908231,26.081739],[119.2907747,26.0817451],[119.2907246,26.081745],[119.2906733,26.0817402],[119.2906175,26.0817289],[119.2904811,26.0816918],[119.290101,26.0815759],[119.2900407,26.0815573]]}},{"type":"Feature","id":"way/601484950","properties":{"highway":"living_street","kind":"road","osmId":"way/601484950","source":"OpenStreetMap","sourceUrl":"https://www.openstreetmap.org/way/601484950"},"geometry":{"type":"LineString","coordinates":[[119.2925408,26.0819461],[119.2924585,26.0822721],[119.2924416,26.0823007],[119.2924116,26.0823319],[119.2923857,26.0823479],[119.2923509,26.0823576],[119.29231,26.0823565],[119.2911298,26.0820769],[119.2910932,26.0820591],[119.2910642,26.0820344],[119.2910498,26.0819998]]}},{"type":"Feature","id":"way/601484951","properties":{"highway":"tertiary","name":"营房里直街","kind":"road","osmId":"way/601484951","source":"OpenStreetMap","sourceUrl":"https://www.openstreetmap.org/way/601484951"},"geometry":{"type":"LineString","coordinates":[[119.2917931,26.0817837],[119.2919769,26.081]]}},{"type":"Feature","id":"way/601484952","properties":{"highway":"living_street","kind":"road","osmId":"way/601484952","source":"OpenStreetMap","sourceUrl":"https://www.openstreetmap.org/way/601484952"},"geometry":{"type":"LineString","coordinates":[[119.2910498,26.0819998],[119.2910224,26.0816847]]}},{"type":"Feature","id":"way/601484955","properties":{"highway":"living_street","kind":"road","osmId":"way/601484955","source":"OpenStreetMap","sourceUrl":"https://www.openstreetmap.org/way/601484955"},"geometry":{"type":"LineString","coordinates":[[119.2899158,26.0817022],[119.2895204,26.0815598],[119.2891018,26.081416],[119.2888062,26.0812523],[119.2885534,26.081073],[119.2885255,26.0810532],[119.2883873,26.081]]}},{"type":"Feature","id":"way/601484956","properties":{"highway":"living_street","kind":"road","osmId":"way/601484956","source":"OpenStreetMap","sourceUrl":"https://www.openstreetmap.org/way/601484956"},"geometry":{"type":"LineString","coordinates":[[119.2885805,26.081],[119.2885534,26.081073]]}},{"type":"Feature","id":"way/665970840","properties":{"highway":"secondary","lanes":"2","lit":"yes","name":"八一七北路","oneway":"yes","surface":"concrete","kind":"road","osmId":"way/665970840","source":"OpenStreetMap","sourceUrl":"https://www.openstreetmap.org/way/665970840"},"geometry":{"type":"LineString","coordinates":[[119.294889,26.0872283],[119.294994,26.0867585],[119.2951727,26.0860569],[119.2954785,26.0849933],[119.2957071,26.0842883]]}},{"type":"Feature","id":"way/665970841","properties":{"highway":"primary_link","lit":"yes","oneway":"yes","kind":"road","osmId":"way/665970841","source":"OpenStreetMap","sourceUrl":"https://www.openstreetmap.org/way/665970841"},"geometry":{"type":"LineString","coordinates":[[119.2939529,26.0889528],[119.2941286,26.0889131],[119.2942657,26.0888745],[119.2943579,26.08884],[119.2944595,26.0887714],[119.2945334,26.0886521]]}},{"type":"Feature","id":"way/665970844","properties":{"highway":"primary_link","oneway":"yes","kind":"road","osmId":"way/665970844","source":"OpenStreetMap","sourceUrl":"https://www.openstreetmap.org/way/665970844"},"geometry":{"type":"LineString","coordinates":[[119.2946424,26.0886968],[119.2947208,26.0888012],[119.2948191,26.0889016],[119.2949011,26.088972],[119.2950685,26.0890607]]}},{"type":"Feature","id":"way/665970860","properties":{"bridge":"yes","footway":"sidewalk","highway":"footway","layer":"1","kind":"road","osmId":"way/665970860","source":"OpenStreetMap","sourceUrl":"https://www.openstreetmap.org/way/665970860"},"geometry":{"type":"LineString","coordinates":[[119.2955075,26.0891],[119.2955208,26.0889995]]}},{"type":"Feature","id":"way/665970875","properties":{"area":"yes","name":"三坊七巷核心区","name:en":"San Fang Qi Xiang","name:zh":"三坊七巷","name:zh-Latn-pinyin":"Sān fāng qī xiàng","tourism":"attraction","tourism:level:CN":"AAAAA","wikidata":"Q6859970","wikimedia_commons":"File:东百中心A馆10楼瞭望台西三坊七巷.jpg","kind":"boundary","osmId":"way/665970875","source":"OpenStreetMap","sourceUrl":"https://www.openstreetmap.org/way/665970875"},"geometry":{"type":"Polygon","coordinates":[[[119.2955711,26.0842028],[119.2955479,26.0841242],[119.2939644,26.0836455],[119.2924203,26.0832187],[119.2897771,26.0824679],[119.2889692,26.0841918],[119.2888851,26.084347],[119.2888104,26.0845316],[119.2884554,26.0856592],[119.2876296,26.0880716],[119.288563,26.0882213],[119.2886364,26.087752],[119.2886826,26.087442],[119.288745,26.0872789],[119.2888656,26.0872028],[119.2889384,26.0871569],[119.2891045,26.0871646],[119.2892454,26.0872186],[119.289334,26.0872525],[119.2894596,26.0867083],[119.2905943,26.0869006],[119.2907966,26.0869349],[119.2906817,26.0873957],[119.2914713,26.0875627],[119.2913809,26.0883338],[119.2908112,26.0882653],[119.290757,26.0886137],[119.2915743,26.0887085],[119.2915966,26.088381],[119.2918139,26.0883972],[119.2918105,26.0884544],[119.2919465,26.0884615],[119.2919916,26.0884359],[119.2922992,26.0884566],[119.2925112,26.0884669],[119.2925308,26.0882954],[119.2926192,26.0882888],[119.2926359,26.088247],[119.292954,26.0883135],[119.2932061,26.0883707],[119.2932916,26.0880066],[119.2934188,26.0880354],[119.2935107,26.0876826],[119.2937297,26.0877201],[119.2945326,26.0878304],[119.2945969,26.0878343],[119.294635,26.0878118],[119.2946631,26.0877513],[119.2946811,26.0877107],[119.2947047,26.0876274],[119.2951845,26.0856575],[119.2955711,26.0842028]]]}},{"type":"Feature","id":"way/666197646","properties":{"highway":"pedestrian","kind":"road","osmId":"way/666197646","source":"OpenStreetMap","sourceUrl":"https://www.openstreetmap.org/way/666197646"},"geometry":{"type":"LineString","coordinates":[[119.2905122,26.08774],[119.2914937,26.087939],[119.2915257,26.0879455]]}},{"type":"Feature","id":"way/666197647","properties":{"highway":"pedestrian","kind":"road","osmId":"way/666197647","source":"OpenStreetMap","sourceUrl":"https://www.openstreetmap.org/way/666197647"},"geometry":{"type":"LineString","coordinates":[[119.2906088,26.0874592],[119.2906534,26.0874238],[119.2915522,26.0876096],[119.2915908,26.0876176]]}},{"type":"Feature","id":"way/682099619","properties":{"highway":"secondary","lanes":"2","name":"八一七北路","oneway":"yes","surface":"concrete","kind":"road","osmId":"way/682099619","source":"OpenStreetMap","sourceUrl":"https://www.openstreetmap.org/way/682099619"},"geometry":{"type":"LineString","coordinates":[[119.2958,26.0843029],[119.2957996,26.0843041]]}},{"type":"Feature","id":"way/682099620","properties":{"highway":"secondary","lanes":"2","name":"八一七北路","oneway":"yes","surface":"concrete","kind":"road","osmId":"way/682099620","source":"OpenStreetMap","sourceUrl":"https://www.openstreetmap.org/way/682099620"},"geometry":{"type":"LineString","coordinates":[[119.2957996,26.0843041],[119.2955762,26.0849609],[119.2955522,26.0850434],[119.2954561,26.0853732],[119.2952521,26.086083],[119.295106,26.0867321],[119.2950683,26.0869331],[119.2949142,26.0876111],[119.2949077,26.0876307],[119.2948563,26.0877983],[119.2947563,26.0881243],[119.2946424,26.0886968],[119.2945768,26.0890105],[119.294555,26.0891]]}},{"type":"Feature","id":"way/682099623","properties":{"highway":"secondary","lanes":"2","lit":"yes","name":"八一七北路","oneway":"yes","surface":"concrete","kind":"road","osmId":"way/682099623","source":"OpenStreetMap","sourceUrl":"https://www.openstreetmap.org/way/682099623"},"geometry":{"type":"LineString","coordinates":[[119.2957071,26.0842883],[119.2957257,26.0842308],[119.2957556,26.0841367],[119.2957814,26.0840578],[119.2958,26.0840025]]}},{"type":"Feature","id":"way/705649921","properties":{"building":"yes","information":"yes","name":"三坊七巷游客中心","name:en":"Sanfang Qixiang Visitor Center","operator":"福州三坊七巷保护开发有限公司","tourism":"information","kind":"building","osmId":"way/705649921","source":"OpenStreetMap","sourceUrl":"https://www.openstreetmap.org/way/705649921","inHistoricCore":false},"geometry":{"type":"Polygon","coordinates":[[[119.29299,26.0813306],[119.2925921,26.0812379],[119.2926264,26.0811192],[119.2930243,26.0812119],[119.29299,26.0813306]]]}},{"type":"Feature","id":"way/708043883","properties":{"highway":"footway","name":"丰井营巷","name:en":"Fengjingying Lane","name:zh-Latn-pinyin":"Fēngjǐngyíng Xiàng","service":"alley","kind":"road","osmId":"way/708043883","source":"OpenStreetMap","sourceUrl":"https://www.openstreetmap.org/way/708043883"},"geometry":{"type":"LineString","coordinates":[[119.2909281,26.0841062],[119.2910568,26.0841466],[119.2910689,26.0841213],[119.2911192,26.0841339],[119.2911514,26.084064],[119.2915182,26.0842098],[119.2916134,26.0842502],[119.2916972,26.0842863],[119.2917958,26.0843254],[119.2918971,26.084358],[119.2919467,26.0841996],[119.2920689,26.0842322],[119.2923006,26.0842803],[119.2923345,26.0842873]]}},{"type":"Feature","id":"way/708043884","properties":{"highway":"pedestrian","name":"东林里","name:zh-Latn-pinyin":"Dōnglín Lǐ","service":"alley","kind":"road","osmId":"way/708043884","source":"OpenStreetMap","sourceUrl":"https://www.openstreetmap.org/way/708043884"},"geometry":{"type":"LineString","coordinates":[[119.2900998,26.084509],[119.2899351,26.0851933]]}},{"type":"Feature","id":"way/760528367","properties":{"highway":"tertiary","name":"澳门路","name:en":"Aomen Road","oneway":"yes","kind":"road","osmId":"way/760528367","source":"OpenStreetMap","sourceUrl":"https://www.openstreetmap.org/way/760528367"},"geometry":{"type":"LineString","coordinates":[[119.292647,26.0829322],[119.2925748,26.0831587]]}},{"type":"Feature","id":"way/760528368","properties":{"bridge":"yes","highway":"tertiary","layer":"1","name":"澳门桥","oneway":"yes","kind":"road","osmId":"way/760528368","source":"OpenStreetMap","sourceUrl":"https://www.openstreetmap.org/way/760528368"},"geometry":{"type":"LineString","coordinates":[[119.2927055,26.0827418],[119.292647,26.0829322]]}},{"type":"Feature","id":"way/777164490","properties":{"highway":"residential","lanes":"1","lit":"yes","name":"雅道巷","oneway":"yes","kind":"road","osmId":"way/777164490","source":"OpenStreetMap","sourceUrl":"https://www.openstreetmap.org/way/777164490"},"geometry":{"type":"LineString","coordinates":[[119.2905406,26.0876019],[119.290525,26.0876783],[119.2905122,26.08774],[119.2903408,26.0886044]]}},{"type":"Feature","id":"way/777164491","properties":{"highway":"residential","lanes":"1","lit":"yes","name":"雅道巷","oneway":"yes","kind":"road","osmId":"way/777164491","source":"OpenStreetMap","sourceUrl":"https://www.openstreetmap.org/way/777164491"},"geometry":{"type":"LineString","coordinates":[[119.2905353,26.0874314],[119.2906453,26.0869699],[119.2906909,26.0869224]]}},{"type":"Feature","id":"way/777164492","properties":{"highway":"residential","lanes":"1","lit":"yes","name":"雅道巷","oneway":"yes","kind":"road","osmId":"way/777164492","source":"OpenStreetMap","sourceUrl":"https://www.openstreetmap.org/way/777164492"},"geometry":{"type":"LineString","coordinates":[[119.2905244,26.087601],[119.2905085,26.0875976],[119.2904936,26.0875918],[119.2904705,26.0875761],[119.2904537,26.087555],[119.2904448,26.0875302],[119.2904446,26.0875043],[119.2904531,26.0874794],[119.2904674,26.0874603],[119.2904868,26.0874452],[119.29051,26.0874353],[119.2905353,26.0874314],[119.2905534,26.0874324],[119.2905709,26.0874365],[119.2905873,26.0874434],[119.2905987,26.0874506],[119.2906088,26.0874592],[119.2906226,26.0874769],[119.2906311,26.0874972],[119.2906336,26.0875187],[119.2906299,26.0875401],[119.2906204,26.08756],[119.2906057,26.0875771],[119.2905866,26.0875903],[119.2905644,26.0875988],[119.2905406,26.0876019],[119.2905244,26.087601]]}},{"type":"Feature","id":"way/779458257","properties":{"natural":"water","water":"river","kind":"water","osmId":"way/779458257","source":"OpenStreetMap","sourceUrl":"https://www.openstreetmap.org/way/779458257"},"geometry":{"type":"Polygon","coordinates":[[[119.2897583,26.0818949],[119.2897556,26.0819402],[119.2897559,26.0819612],[119.2896902,26.0820623],[119.2896245,26.0821683],[119.2895038,26.0825032],[119.2893535,26.0829091],[119.2891899,26.0832873],[119.2889432,26.0836969],[119.2887943,26.0838137],[119.2884724,26.0839486],[119.2881734,26.0839968],[119.2879038,26.0840438],[119.2877885,26.0841196],[119.2878193,26.0842509],[119.2879601,26.0844196],[119.288058,26.084546],[119.2881774,26.0846797],[119.2882297,26.0847785],[119.2882364,26.0849074],[119.2882096,26.085129],[119.2880889,26.0855386],[119.2880098,26.0857867],[119.2879628,26.0860179],[119.2879065,26.0861902],[119.2877979,26.0863444],[119.2876812,26.0864588],[119.28755,26.0865524],[119.28755,26.0864895],[119.287733,26.0863469],[119.2878158,26.0862399],[119.2879113,26.0860783],[119.2879096,26.0860039],[119.2879374,26.0857596],[119.2880177,26.0854568],[119.288125,26.0851374],[119.2881656,26.0850395],[119.2881656,26.0848915],[119.288136,26.0847898],[119.2881005,26.0847011],[119.2878057,26.0843209],[119.2877541,26.0842359],[119.2877346,26.0841335],[119.2877346,26.0840538],[119.2878199,26.0839832],[119.2880354,26.08394],[119.2884451,26.0838914],[119.2888245,26.0837161],[119.2889284,26.0835667],[119.2891607,26.0830787],[119.289279,26.0828769],[119.2894125,26.0825324],[119.2895544,26.0821355],[119.2896651,26.0819003],[119.2897583,26.0818949]]]}},{"type":"Feature","id":"way/793713171","properties":{"building":"residential","kind":"building","osmId":"way/793713171","source":"OpenStreetMap","sourceUrl":"https://www.openstreetmap.org/way/793713171","inHistoricCore":false},"geometry":{"type":"Polygon","coordinates":[[[119.2889419,26.0881384],[119.2889691,26.0879307],[119.2887135,26.0879036],[119.2886862,26.0881114],[119.2889419,26.0881384]]]}},{"type":"Feature","id":"way/793713172","properties":{"building":"residential","kind":"building","osmId":"way/793713172","source":"OpenStreetMap","sourceUrl":"https://www.openstreetmap.org/way/793713172","inHistoricCore":false},"geometry":{"type":"Polygon","coordinates":[[[119.2891077,26.0875752],[119.289135,26.0873675],[119.2888793,26.0873404],[119.2888521,26.0875482],[119.2891077,26.0875752]]]}},{"type":"Feature","id":"way/793713174","properties":{"landuse":"grass","kind":"park","osmId":"way/793713174","source":"OpenStreetMap","sourceUrl":"https://www.openstreetmap.org/way/793713174"},"geometry":{"type":"Polygon","coordinates":[[[119.2891979,26.0877293],[119.289762,26.0878269],[119.2898813,26.0873297],[119.289334,26.0872525],[119.2892454,26.0872186],[119.2891979,26.0877293]]]}},{"type":"Feature","id":"way/793713176","properties":{"highway":"residential","kind":"road","osmId":"way/793713176","source":"OpenStreetMap","sourceUrl":"https://www.openstreetmap.org/way/793713176"},"geometry":{"type":"LineString","coordinates":[[119.2892405,26.0877771],[119.2897833,26.0878632],[119.2899281,26.0873049],[119.2903368,26.0874043],[119.2904531,26.0874794]]}},{"type":"Feature","id":"way/793713180","properties":{"building":"residential","kind":"building","osmId":"way/793713180","source":"OpenStreetMap","sourceUrl":"https://www.openstreetmap.org/way/793713180","inHistoricCore":false},"geometry":{"type":"Polygon","coordinates":[[[119.2896937,26.0867813],[119.2898713,26.0868224],[119.2898346,26.0869503],[119.2901459,26.0870223],[119.2901901,26.0868681],[119.2903902,26.0869144],[119.2903459,26.0870689],[119.2905171,26.0871085],[119.2904667,26.0872842],[119.290318,26.0872498],[119.2902791,26.0873853],[119.2900404,26.08733],[119.2900779,26.0871995],[119.2898048,26.0871363],[119.2897628,26.0872826],[119.2895578,26.0872351],[119.2895992,26.087091],[119.2894534,26.0870572],[119.2895044,26.0868794],[119.2896555,26.0869144],[119.2896937,26.0867813]]]}},{"type":"Feature","id":"way/793713181","properties":{"building":"residential","kind":"building","osmId":"way/793713181","source":"OpenStreetMap","sourceUrl":"https://www.openstreetmap.org/way/793713181","inHistoricCore":false},"geometry":{"type":"Polygon","coordinates":[[[119.2897308,26.0882037],[119.2897712,26.088043],[119.2899146,26.088072],[119.2899852,26.0877904],[119.2898208,26.0877622],[119.2898662,26.0875763],[119.290031,26.0876094],[119.2900698,26.0874546],[119.2902669,26.0874944],[119.2902332,26.087629],[119.2903851,26.0876597],[119.2903309,26.0878757],[119.2901845,26.087846],[119.2901225,26.0880931],[119.2902866,26.0881263],[119.29024,26.0883118],[119.2900784,26.088279],[119.2900452,26.088411],[119.2898458,26.0883706],[119.2898801,26.0882339],[119.2897308,26.0882037]]]}},{"type":"Feature","id":"way/793713182","properties":{"building":"residential","kind":"building","osmId":"way/793713182","source":"OpenStreetMap","sourceUrl":"https://www.openstreetmap.org/way/793713182","inHistoricCore":false},"geometry":{"type":"Polygon","coordinates":[[[119.2892083,26.0878087],[119.2896966,26.0878648],[119.2897,26.0881683],[119.2891474,26.0881106],[119.2892083,26.0878087]]]}},{"type":"Feature","id":"way/793713183","properties":{"highway":"service","oneway":"yes","kind":"road","osmId":"way/793713183","source":"OpenStreetMap","sourceUrl":"https://www.openstreetmap.org/way/793713183"},"geometry":{"type":"LineString","coordinates":[[119.294727,26.0878963],[119.2936928,26.0877368],[119.2936151,26.0877282],[119.2935907,26.0877425],[119.2935126,26.0881608],[119.2936036,26.0881765],[119.2935892,26.0882731],[119.2936569,26.0884578],[119.2936012,26.0888196],[119.2935852,26.0889232]]}},{"type":"Feature","id":"way/793713185","properties":{"building":"retail","name":"东百中心A馆","kind":"building","osmId":"way/793713185","source":"OpenStreetMap","sourceUrl":"https://www.openstreetmap.org/way/793713185","inHistoricCore":false},"geometry":{"type":"Polygon","coordinates":[[[119.2943725,26.0880231],[119.2942988,26.0880705],[119.2942858,26.0881239],[119.2939499,26.0880636],[119.2939132,26.0882164],[119.2938782,26.0882419],[119.2936916,26.0882079],[119.2936835,26.0882483],[119.2937307,26.0883429],[119.2937187,26.088501],[119.2937483,26.0885074],[119.2937288,26.0886774],[119.293775,26.0886834],[119.2938657,26.0886936],[119.2939161,26.0886969],[119.2939885,26.0886935],[119.2940565,26.0886857],[119.2941197,26.0886669],[119.294164,26.088641],[119.2942054,26.0886107],[119.2942403,26.0885734],[119.2942715,26.0885098],[119.2943725,26.0880231]]]}},{"type":"Feature","id":"way/793713186","properties":{"building":"bridge","building:levels":"2","building:min_level":"1","layer":"1","kind":"building","osmId":"way/793713186","source":"OpenStreetMap","sourceUrl":"https://www.openstreetmap.org/way/793713186","inHistoricCore":false},"geometry":{"type":"Polygon","coordinates":[[[119.293732,26.0891],[119.293775,26.0886834],[119.2938657,26.0886936],[119.2938238,26.0891],[119.293732,26.0891]]]}},{"type":"Feature","id":"way/793713194","properties":{"building":"yes","name":"中闽大厦","kind":"building","osmId":"way/793713194","source":"OpenStreetMap","sourceUrl":"https://www.openstreetmap.org/way/793713194","inHistoricCore":false},"geometry":{"type":"Polygon","coordinates":[[[119.2926975,26.0885518],[119.2929094,26.0885699],[119.2928934,26.0887207],[119.2926815,26.0887026],[119.2926975,26.0885518]]]}},{"type":"Feature","id":"way/793713196","properties":{"highway":"service","kind":"road","osmId":"way/793713196","source":"OpenStreetMap","sourceUrl":"https://www.openstreetmap.org/way/793713196"},"geometry":{"type":"LineString","coordinates":[[119.2929107,26.0888664],[119.2929198,26.088783],[119.2929457,26.0885448],[119.2924558,26.0885288],[119.2924505,26.0884887],[119.2920226,26.088461],[119.292006,26.0886267]]}},{"type":"Feature","id":"way/793713198","properties":{"building":"yes","name":"三友大厦","kind":"building","osmId":"way/793713198","source":"OpenStreetMap","sourceUrl":"https://www.openstreetmap.org/way/793713198","inHistoricCore":false},"geometry":{"type":"Polygon","coordinates":[[[119.2933427,26.088459],[119.2936157,26.0884848],[119.293575,26.0888337],[119.2933019,26.088808],[119.2933427,26.088459]]]}},{"type":"Feature","id":"way/793713200","properties":{"building":"yes","name":"百华大厦","kind":"building","osmId":"way/793713200","source":"OpenStreetMap","sourceUrl":"https://www.openstreetmap.org/way/793713200","inHistoricCore":false},"geometry":{"type":"Polygon","coordinates":[[[119.2938782,26.0882419],[119.2939132,26.0882164],[119.2939499,26.0880636],[119.2942858,26.0881239],[119.2942988,26.0880705],[119.2943725,26.0880231],[119.2943939,26.0879277],[119.2943775,26.087909],[119.2944052,26.0878892],[119.2943823,26.0878649],[119.2943551,26.0878835],[119.2943379,26.0878639],[119.2937582,26.0877548],[119.2937169,26.08778],[119.2936282,26.0881641],[119.2936511,26.0882006],[119.2936916,26.0882079],[119.2938782,26.0882419]]]}},{"type":"Feature","id":"way/801847604","properties":{"highway":"primary","lanes":"2","maxspeed":"70","oneway":"yes","surface":"concrete","name":"杨桥东路","historic_name":"杨桥巷","nameSource":"UNESCO / Sanfang Qixiang street layout","kind":"road","osmId":"way/801847604","source":"OpenStreetMap","sourceUrl":"https://www.openstreetmap.org/way/801847604"},"geometry":{"type":"LineString","coordinates":[[119.2939529,26.0889528],[119.2941,26.0889626],[119.294471,26.0889998],[119.2945768,26.0890105],[119.2947339,26.0890263],[119.2950685,26.0890607],[119.2953284,26.0890617],[119.2954735,26.0890712],[119.2957753,26.0890882],[119.2958,26.0890896]]}},{"type":"Feature","id":"way/837000479","properties":{"highway":"tertiary","name":"光禄坊","oneway":"yes","kind":"road","osmId":"way/837000479","source":"OpenStreetMap","sourceUrl":"https://www.openstreetmap.org/way/837000479"},"geometry":{"type":"LineString","coordinates":[[119.2895739,26.0823332],[119.2896085,26.0823438],[119.2897148,26.0823752]]}},{"type":"Feature","id":"way/837000480","properties":{"bridge":"yes","highway":"tertiary","layer":"1","name":"光禄坊","oneway":"yes","kind":"road","osmId":"way/837000480","source":"OpenStreetMap","sourceUrl":"https://www.openstreetmap.org/way/837000480"},"geometry":{"type":"LineString","coordinates":[[119.289481,26.0823037],[119.2895739,26.0823332]]}},{"type":"Feature","id":"way/838459513","properties":{"bridge":"yes","highway":"tertiary","layer":"1","name":"通湖路","oneway":"yes","kind":"road","osmId":"way/838459513","source":"OpenStreetMap","sourceUrl":"https://www.openstreetmap.org/way/838459513"},"geometry":{"type":"LineString","coordinates":[[119.2899206,26.0819083],[119.2898699,26.081997]]}},{"type":"Feature","id":"way/871799891","properties":{"footway":"sidewalk","highway":"footway","kind":"road","osmId":"way/871799891","source":"OpenStreetMap","sourceUrl":"https://www.openstreetmap.org/way/871799891"},"geometry":{"type":"LineString","coordinates":[[119.2955208,26.0889995],[119.2956282,26.0890143],[119.2957753,26.0890882]]}},{"type":"Feature","id":"way/897380056","properties":{"highway":"secondary","lit":"yes","name":"八一七北路","oneway":"yes","surface":"concrete","kind":"road","osmId":"way/897380056","source":"OpenStreetMap","sourceUrl":"https://www.openstreetmap.org/way/897380056"},"geometry":{"type":"LineString","coordinates":[[119.294471,26.0889998],[119.2945334,26.0886521],[119.2946053,26.0883001],[119.294727,26.0878963],[119.2947616,26.0877817],[119.2948018,26.087607],[119.294889,26.0872283]]}},{"type":"Feature","id":"way/904679705","properties":{"highway":"pedestrian","kind":"road","osmId":"way/904679705","source":"OpenStreetMap","sourceUrl":"https://www.openstreetmap.org/way/904679705"},"geometry":{"type":"LineString","coordinates":[[119.2957066,26.081],[119.2956212,26.0812584],[119.295511,26.0816599]]}},{"type":"Feature","id":"way/904679716","properties":{"natural":"water","water":"basin","kind":"water","osmId":"way/904679716","source":"OpenStreetMap","sourceUrl":"https://www.openstreetmap.org/way/904679716"},"geometry":{"type":"Polygon","coordinates":[[[119.2923399,26.08153],[119.2924058,26.0815319],[119.2924347,26.0815569],[119.292478,26.08153],[119.2924893,26.0815087],[119.2925645,26.0815152],[119.2925738,26.0814874],[119.2925604,26.0814328],[119.2925192,26.081393],[119.2924316,26.081418],[119.2923564,26.0814365],[119.2923296,26.0814421],[119.2923162,26.0815004],[119.2923399,26.08153]]]}},{"type":"Feature","id":"way/904679717","properties":{"natural":"water","water":"basin","kind":"water","osmId":"way/904679717","source":"OpenStreetMap","sourceUrl":"https://www.openstreetmap.org/way/904679717"},"geometry":{"type":"Polygon","coordinates":[[[119.2921152,26.0816587],[119.2921276,26.0816855],[119.2921729,26.0817003],[119.2922389,26.0817087],[119.2922667,26.0816911],[119.2922306,26.0816781],[119.2922069,26.0816615],[119.2922028,26.0816429],[119.2921461,26.0816244],[119.2921121,26.0816346],[119.2921152,26.0816587]]]}},{"type":"Feature","id":"way/904679718","properties":{"bridge":"yes","highway":"steps","layer":"1","kind":"road","osmId":"way/904679718","source":"OpenStreetMap","sourceUrl":"https://www.openstreetmap.org/way/904679718"},"geometry":{"type":"LineString","coordinates":[[119.2946504,26.0835124],[119.2946756,26.0834538]]}},{"type":"Feature","id":"way/904679719","properties":{"highway":"footway","kind":"road","osmId":"way/904679719","source":"OpenStreetMap","sourceUrl":"https://www.openstreetmap.org/way/904679719"},"geometry":{"type":"LineString","coordinates":[[119.2946504,26.0835124],[119.2945407,26.0837679]]}},{"type":"Feature","id":"way/904679720","properties":{"bridge":"yes","highway":"steps","layer":"1","kind":"road","osmId":"way/904679720","source":"OpenStreetMap","sourceUrl":"https://www.openstreetmap.org/way/904679720"},"geometry":{"type":"LineString","coordinates":[[119.2947011,26.0833943],[119.2946756,26.0834538]]}},{"type":"Feature","id":"way/904679721","properties":{"highway":"footway","kind":"road","osmId":"way/904679721","source":"OpenStreetMap","sourceUrl":"https://www.openstreetmap.org/way/904679721"},"geometry":{"type":"LineString","coordinates":[[119.292647,26.0829322],[119.2935569,26.0831581],[119.2946504,26.0835124],[119.2955397,26.083819],[119.2958,26.0838953]]}},{"type":"Feature","id":"way/904679722","properties":{"highway":"footway","kind":"road","osmId":"way/904679722","source":"OpenStreetMap","sourceUrl":"https://www.openstreetmap.org/way/904679722"},"geometry":{"type":"LineString","coordinates":[[119.2958,26.0837563],[119.2955417,26.0836857],[119.2947011,26.0833943],[119.2940145,26.0831563],[119.2931241,26.0828841],[119.2927055,26.0827418]]}},{"type":"Feature","id":"way/904679729","properties":{"natural":"water","water":"basin","kind":"water","osmId":"way/904679729","source":"OpenStreetMap","sourceUrl":"https://www.openstreetmap.org/way/904679729"},"geometry":{"type":"Polygon","coordinates":[[[119.2922129,26.0838777],[119.2921346,26.0838656],[119.2921264,26.0838049],[119.292144,26.0837648],[119.2920859,26.0837454],[119.2920277,26.0837612],[119.292071,26.0838085],[119.2920994,26.083851],[119.2921021,26.0839032],[119.2920798,26.0839884],[119.2921675,26.0840123],[119.2922129,26.0838777]]]}},{"type":"Feature","id":"way/904679731","properties":{"highway":"steps","name":"丰井营巷","name:en":"Fengjingying Lane","name:zh-Latn-pinyin":"Fēngjǐngyíng Xiàng","service":"alley","step_count":"5","kind":"road","osmId":"way/904679731","source":"OpenStreetMap","sourceUrl":"https://www.openstreetmap.org/way/904679731"},"geometry":{"type":"LineString","coordinates":[[119.2909126,26.0841575],[119.2909281,26.0841062]]}},{"type":"Feature","id":"way/904679732","properties":{"bicycle":"no","highway":"footway","horse":"no","motor_vehicle":"no","name":"大光里","name:zh-Latn-pinyin":"Dàguāng Lǐ","service":"alley","kind":"road","osmId":"way/904679732","source":"OpenStreetMap","sourceUrl":"https://www.openstreetmap.org/way/904679732"},"geometry":{"type":"LineString","coordinates":[[119.2909126,26.0841575],[119.2908972,26.0842007],[119.2908228,26.0844013],[119.290735,26.0846006],[119.2907074,26.0846392]]}},{"type":"Feature","id":"way/904679733","properties":{"building":"yes","kind":"building","osmId":"way/904679733","source":"OpenStreetMap","sourceUrl":"https://www.openstreetmap.org/way/904679733","inHistoricCore":true},"geometry":{"type":"Polygon","coordinates":[[[119.2917771,26.0840597],[119.2919393,26.0841047],[119.2919861,26.0839685],[119.2918238,26.0839236],[119.2917771,26.0840597]]]}},{"type":"Feature","id":"way/904679734","properties":{"highway":"steps","step_count":"5","kind":"road","osmId":"way/904679734","source":"OpenStreetMap","sourceUrl":"https://www.openstreetmap.org/way/904679734"},"geometry":{"type":"LineString","coordinates":[[119.2935581,26.0859828],[119.2935391,26.0860769]]}},{"type":"Feature","id":"way/904679735","properties":{"highway":"footway","kind":"road","osmId":"way/904679735","source":"OpenStreetMap","sourceUrl":"https://www.openstreetmap.org/way/904679735"},"geometry":{"type":"LineString","coordinates":[[119.2936629,26.0856629],[119.2935581,26.0859828]]}},{"type":"Feature","id":"way/904679736","properties":{"highway":"footway","kind":"road","osmId":"way/904679736","source":"OpenStreetMap","sourceUrl":"https://www.openstreetmap.org/way/904679736"},"geometry":{"type":"LineString","coordinates":[[119.2934894,26.0862703],[119.2936559,26.0862707],[119.2938198,26.0862818],[119.2938123,26.0864045],[119.2938058,26.086568]]}},{"type":"Feature","id":"way/904679737","properties":{"highway":"footway","kind":"road","osmId":"way/904679737","source":"OpenStreetMap","sourceUrl":"https://www.openstreetmap.org/way/904679737"},"geometry":{"type":"LineString","coordinates":[[119.2935391,26.0860769],[119.2934894,26.0862703],[119.2934848,26.0863542],[119.2934741,26.0865742]]}},{"type":"Feature","id":"way/904679739","properties":{"highway":"footway","kind":"road","osmId":"way/904679739","source":"OpenStreetMap","sourceUrl":"https://www.openstreetmap.org/way/904679739"},"geometry":{"type":"LineString","coordinates":[[119.2941433,26.0877288],[119.2942782,26.0871687],[119.2943546,26.0868952],[119.2944096,26.0866334]]}},{"type":"Feature","id":"way/904679740","properties":{"bicycle":"yes","footway":"crossing","highway":"footway","kind":"road","osmId":"way/904679740","source":"OpenStreetMap","sourceUrl":"https://www.openstreetmap.org/way/904679740"},"geometry":{"type":"LineString","coordinates":[[119.2949077,26.0876307],[119.2948018,26.087607]]}},{"type":"Feature","id":"way/904685815","properties":{"highway":"footway","kind":"road","osmId":"way/904685815","source":"OpenStreetMap","sourceUrl":"https://www.openstreetmap.org/way/904685815"},"geometry":{"type":"LineString","coordinates":[[119.2898699,26.081997],[119.2901552,26.0821063],[119.2907527,26.0823763],[119.2921187,26.0827852],[119.292547,26.0829032],[119.292647,26.0829322]]}},{"type":"Feature","id":"way/904685816","properties":{"highway":"footway","kind":"road","osmId":"way/904685816","source":"OpenStreetMap","sourceUrl":"https://www.openstreetmap.org/way/904685816"},"geometry":{"type":"LineString","coordinates":[[119.2899206,26.0819083],[119.2901588,26.0819867],[119.2909111,26.0822874],[119.2921295,26.0826624],[119.292619,26.0827707],[119.2927055,26.0827418]]}},{"type":"Feature","id":"way/985135079","properties":{"building":"yes","kind":"building","osmId":"way/985135079","source":"OpenStreetMap","sourceUrl":"https://www.openstreetmap.org/way/985135079","inHistoricCore":true},"geometry":{"type":"Polygon","coordinates":[[[119.2916355,26.0880894],[119.2917598,26.0881036],[119.2917649,26.0880672],[119.2915792,26.088046],[119.2915765,26.0880991],[119.2916349,26.0881015],[119.2916355,26.0880894]]]}},{"type":"Feature","id":"way/985135080","properties":{"building":"yes","kind":"building","osmId":"way/985135080","source":"OpenStreetMap","sourceUrl":"https://www.openstreetmap.org/way/985135080","inHistoricCore":true},"geometry":{"type":"Polygon","coordinates":[[[119.2915644,26.0882804],[119.2916318,26.088283],[119.2917438,26.0882874],[119.2917462,26.0882376],[119.2916342,26.0882333],[119.2916402,26.0881094],[119.2915728,26.0881067],[119.2915644,26.0882804]]]}},{"type":"Feature","id":"way/985135081","properties":{"building":"yes","kind":"building","osmId":"way/985135081","source":"OpenStreetMap","sourceUrl":"https://www.openstreetmap.org/way/985135081","inHistoricCore":true},"geometry":{"type":"Polygon","coordinates":[[[119.2916422,26.088225],[119.291752,26.0882292],[119.2917562,26.0881407],[119.2916465,26.0881364],[119.2916422,26.088225]]]}},{"type":"Feature","id":"way/985135082","properties":{"building":"yes","kind":"building","osmId":"way/985135082","source":"OpenStreetMap","sourceUrl":"https://www.openstreetmap.org/way/985135082","inHistoricCore":true},"geometry":{"type":"Polygon","coordinates":[[[119.2915611,26.0883508],[119.2917314,26.0883575],[119.2917345,26.0882941],[119.2915641,26.0882875],[119.2915611,26.0883508]]]}},{"type":"Feature","id":"way/985135083","properties":{"building":"yes","kind":"building","osmId":"way/985135083","source":"OpenStreetMap","sourceUrl":"https://www.openstreetmap.org/way/985135083","inHistoricCore":true},"geometry":{"type":"Polygon","coordinates":[[[119.2917562,26.0882671],[119.2918272,26.0882729],[119.2918441,26.0881039],[119.2917731,26.0880982],[119.2917562,26.0882671]]]}},{"type":"Feature","id":"way/985135084","properties":{"building":"yes","kind":"building","osmId":"way/985135084","source":"OpenStreetMap","sourceUrl":"https://www.openstreetmap.org/way/985135084","inHistoricCore":true},"geometry":{"type":"Polygon","coordinates":[[[119.2917361,26.0883822],[119.2918202,26.088389],[119.291828,26.0883117],[119.2917438,26.0883049],[119.2917361,26.0883822]]]}},{"type":"Feature","id":"way/985135094","properties":{"building":"yes","kind":"building","osmId":"way/985135094","source":"OpenStreetMap","sourceUrl":"https://www.openstreetmap.org/way/985135094","inHistoricCore":true},"geometry":{"type":"Polygon","coordinates":[[[119.2920761,26.0883948],[119.2922591,26.0884207],[119.2922727,26.0883435],[119.2920896,26.0883176],[119.2920761,26.0883948]]]}},{"type":"Feature","id":"way/985135095","properties":{"building":"yes","kind":"building","osmId":"way/985135095","source":"OpenStreetMap","sourceUrl":"https://www.openstreetmap.org/way/985135095","inHistoricCore":true},"geometry":{"type":"Polygon","coordinates":[[[119.2922853,26.0883508],[119.2923613,26.0883571],[119.2923705,26.0882665],[119.2922945,26.0882603],[119.2922853,26.0883508]]]}},{"type":"Feature","id":"way/985135096","properties":{"building":"yes","kind":"building","osmId":"way/985135096","source":"OpenStreetMap","sourceUrl":"https://www.openstreetmap.org/way/985135096","inHistoricCore":true},"geometry":{"type":"Polygon","coordinates":[[[119.2922719,26.0884195],[119.2923502,26.0884259],[119.292355,26.0883786],[119.2922767,26.0883721],[119.2922719,26.0884195]]]}},{"type":"Feature","id":"way/985135099","properties":{"building":"yes","kind":"building","osmId":"way/985135099","source":"OpenStreetMap","sourceUrl":"https://www.openstreetmap.org/way/985135099","inHistoricCore":false},"geometry":{"type":"Polygon","coordinates":[[[119.2924057,26.0887115],[119.2924234,26.0885345],[119.2920361,26.0885033],[119.2920236,26.0886282],[119.292006,26.0886267],[119.2919398,26.088621],[119.2919499,26.0885197],[119.2917824,26.0885062],[119.2917754,26.088502],[119.2917855,26.0884007],[119.2916235,26.0883876],[119.291613,26.0884925],[119.2916094,26.0885204],[119.2916109,26.0885533],[119.2916219,26.0885847],[119.2916415,26.0886125],[119.2916684,26.0886348],[119.2917009,26.08865],[119.2917366,26.0886572],[119.2917597,26.0886589],[119.292001,26.0886785],[119.2924057,26.0887115]]]}},{"type":"Feature","id":"way/985135102","properties":{"building":"yes","kind":"building","osmId":"way/985135102","source":"OpenStreetMap","sourceUrl":"https://www.openstreetmap.org/way/985135102","inHistoricCore":false},"geometry":{"type":"Polygon","coordinates":[[[119.2924288,26.0885532],[119.2924131,26.0887097],[119.2926518,26.088729],[119.2926675,26.0885725],[119.2924288,26.0885532]]]}},{"type":"Feature","id":"way/985135103","properties":{"building":"yes","kind":"building","osmId":"way/985135103","source":"OpenStreetMap","sourceUrl":"https://www.openstreetmap.org/way/985135103","inHistoricCore":false},"geometry":{"type":"Polygon","coordinates":[[[119.2905486,26.0883719],[119.2906987,26.0884002],[119.2907676,26.088105],[119.2912325,26.0881925],[119.2912666,26.0880462],[119.2908017,26.0879587],[119.2908167,26.0878943],[119.2906666,26.087866],[119.2905486,26.0883719]]]}},{"type":"Feature","id":"way/985138951","properties":{"building":"yes","kind":"building","osmId":"way/985138951","source":"OpenStreetMap","sourceUrl":"https://www.openstreetmap.org/way/985138951","inHistoricCore":true},"geometry":{"type":"Polygon","coordinates":[[[119.2922736,26.0881346],[119.2923634,26.088144],[119.2923762,26.0880445],[119.2922864,26.0880352],[119.2922736,26.0881346]]]}},{"type":"Feature","id":"way/985138952","properties":{"building":"yes","kind":"building","osmId":"way/985138952","source":"OpenStreetMap","sourceUrl":"https://www.openstreetmap.org/way/985138952","inHistoricCore":true},"geometry":{"type":"Polygon","coordinates":[[[119.2928499,26.0880262],[119.2928938,26.088031],[119.2928998,26.0879858],[119.2928559,26.0879811],[119.2928499,26.0880262]]]}},{"type":"Feature","id":"way/985138955","properties":{"building":"yes","kind":"building","osmId":"way/985138955","source":"OpenStreetMap","sourceUrl":"https://www.openstreetmap.org/way/985138955","inHistoricCore":true},"geometry":{"type":"Polygon","coordinates":[[[119.2928031,26.0880327],[119.2928083,26.0879973],[119.2927639,26.0879921],[119.2927587,26.0880274],[119.2927279,26.088225],[119.2927684,26.0882298],[119.292767,26.0882398],[119.2928452,26.0882491],[119.292851,26.0882096],[119.2928758,26.0880414],[119.2928031,26.0880327]]]}},{"type":"Feature","id":"way/985138958","properties":{"building":"yes","kind":"building","osmId":"way/985138958","source":"OpenStreetMap","sourceUrl":"https://www.openstreetmap.org/way/985138958","inHistoricCore":true},"geometry":{"type":"Polygon","coordinates":[[[119.2931436,26.0883334],[119.2932008,26.0883452],[119.2932174,26.088281],[119.2931601,26.0882691],[119.2931436,26.0883334]]]}},{"type":"Feature","id":"way/985138959","properties":{"building":"yes","kind":"building","osmId":"way/985138959","source":"OpenStreetMap","sourceUrl":"https://www.openstreetmap.org/way/985138959","inHistoricCore":true},"geometry":{"type":"Polygon","coordinates":[[[119.2931362,26.088331],[119.2931524,26.0882682],[119.2930397,26.0882449],[119.2930235,26.0883076],[119.2931362,26.088331]]]}},{"type":"Feature","id":"way/985138960","properties":{"building":"yes","kind":"building","osmId":"way/985138960","source":"OpenStreetMap","sourceUrl":"https://www.openstreetmap.org/way/985138960","inHistoricCore":true},"geometry":{"type":"Polygon","coordinates":[[[119.2930517,26.0882196],[119.2932056,26.0882515],[119.2932214,26.0881901],[119.2930675,26.0881582],[119.2930517,26.0882196]]]}},{"type":"Feature","id":"way/985138961","properties":{"building":"yes","kind":"building","osmId":"way/985138961","source":"OpenStreetMap","sourceUrl":"https://www.openstreetmap.org/way/985138961","inHistoricCore":true},"geometry":{"type":"Polygon","coordinates":[[[119.2930645,26.0881443],[119.2932388,26.0881804],[119.2932583,26.0881047],[119.2930839,26.0880686],[119.2930645,26.0881443]]]}},{"type":"Feature","id":"way/985138967","properties":{"building":"yes","kind":"building","osmId":"way/985138967","source":"OpenStreetMap","sourceUrl":"https://www.openstreetmap.org/way/985138967","inHistoricCore":true},"geometry":{"type":"Polygon","coordinates":[[[119.2926621,26.0878835],[119.2927111,26.0878865],[119.2927145,26.0878419],[119.2926655,26.0878388],[119.2926621,26.0878835]]]}},{"type":"Feature","id":"way/985138968","properties":{"building":"yes","kind":"building","osmId":"way/985138968","source":"OpenStreetMap","sourceUrl":"https://www.openstreetmap.org/way/985138968","inHistoricCore":true},"geometry":{"type":"Polygon","coordinates":[[[119.2926836,26.0877992],[119.2927045,26.087803],[119.29273,26.0876891],[119.2927091,26.0876854],[119.2926836,26.0877992]]]}},{"type":"Feature","id":"way/985138973","properties":{"building":"yes","kind":"building","osmId":"way/985138973","source":"OpenStreetMap","sourceUrl":"https://www.openstreetmap.org/way/985138973","inHistoricCore":true},"geometry":{"type":"Polygon","coordinates":[[[119.2923892,26.0878715],[119.2924918,26.0878841],[119.2925066,26.0877875],[119.292404,26.0877749],[119.2923892,26.0878715]]]}},{"type":"Feature","id":"way/985138974","properties":{"building":"yes","kind":"building","osmId":"way/985138974","source":"OpenStreetMap","sourceUrl":"https://www.openstreetmap.org/way/985138974","inHistoricCore":true},"geometry":{"type":"Polygon","coordinates":[[[119.2925354,26.0876294],[119.2927291,26.0876633],[119.2927533,26.0875517],[119.2925597,26.0875177],[119.2925354,26.0876294]]]}},{"type":"Feature","id":"way/985138975","properties":{"building":"yes","kind":"building","osmId":"way/985138975","source":"OpenStreetMap","sourceUrl":"https://www.openstreetmap.org/way/985138975","inHistoricCore":true},"geometry":{"type":"Polygon","coordinates":[[[119.2924328,26.0876101],[119.292527,26.0876266],[119.2925542,26.0875017],[119.29246,26.0874852],[119.2924328,26.0876101]]]}},{"type":"Feature","id":"way/985138976","properties":{"building":"yes","kind":"building","osmId":"way/985138976","source":"OpenStreetMap","sourceUrl":"https://www.openstreetmap.org/way/985138976","inHistoricCore":true},"geometry":{"type":"Polygon","coordinates":[[[119.2925891,26.087418],[119.2925805,26.0874687],[119.2927642,26.087503],[119.2927761,26.0874571],[119.2925891,26.087418]]]}},{"type":"Feature","id":"way/985138977","properties":{"building":"yes","kind":"building","osmId":"way/985138977","source":"OpenStreetMap","sourceUrl":"https://www.openstreetmap.org/way/985138977","inHistoricCore":true},"geometry":{"type":"Polygon","coordinates":[[[119.2924811,26.0874005],[119.2924722,26.0874462],[119.2925723,26.0874619],[119.2925812,26.0874163],[119.2924811,26.0874005]]]}},{"type":"Feature","id":"way/985138978","properties":{"building":"yes","kind":"building","osmId":"way/985138978","source":"OpenStreetMap","sourceUrl":"https://www.openstreetmap.org/way/985138978","inHistoricCore":true},"geometry":{"type":"Polygon","coordinates":[[[119.2923557,26.0874403],[119.2924625,26.087457],[119.2924737,26.0873993],[119.2923669,26.0873825],[119.2923557,26.0874403]]]}},{"type":"Feature","id":"way/985138979","properties":{"building":"yes","kind":"building","osmId":"way/985138979","source":"OpenStreetMap","sourceUrl":"https://www.openstreetmap.org/way/985138979","inHistoricCore":true},"geometry":{"type":"Polygon","coordinates":[[[119.2923021,26.0876239],[119.292412,26.0876432],[119.2924404,26.0875126],[119.2923304,26.0874934],[119.2923021,26.0876239]]]}},{"type":"Feature","id":"way/985138980","properties":{"building":"yes","kind":"building","osmId":"way/985138980","source":"OpenStreetMap","sourceUrl":"https://www.openstreetmap.org/way/985138980","inHistoricCore":true},"geometry":{"type":"Polygon","coordinates":[[[119.292345,26.0877558],[119.2923898,26.0877616],[119.2924019,26.0876864],[119.292357,26.0876806],[119.292345,26.0877558]]]}},{"type":"Feature","id":"way/985138981","properties":{"building":"yes","kind":"building","osmId":"way/985138981","source":"OpenStreetMap","sourceUrl":"https://www.openstreetmap.org/way/985138981","inHistoricCore":true},"geometry":{"type":"Polygon","coordinates":[[[119.2923396,26.0877474],[119.2923554,26.0876419],[119.2923061,26.087636],[119.2922903,26.0877415],[119.2923396,26.0877474]]]}},{"type":"Feature","id":"way/985138982","properties":{"building":"yes","kind":"building","osmId":"way/985138982","source":"OpenStreetMap","sourceUrl":"https://www.openstreetmap.org/way/985138982","inHistoricCore":true},"geometry":{"type":"Polygon","coordinates":[[[119.2922645,26.0878805],[119.2923099,26.087886],[119.2923295,26.0877546],[119.2922842,26.0877492],[119.2922645,26.0878805]]]}},{"type":"Feature","id":"way/985138983","properties":{"building":"yes","kind":"building","osmId":"way/985138983","source":"OpenStreetMap","sourceUrl":"https://www.openstreetmap.org/way/985138983","inHistoricCore":true},"geometry":{"type":"Polygon","coordinates":[[[119.2923121,26.0879166],[119.2923719,26.0879239],[119.2923946,26.0877721],[119.2923348,26.0877649],[119.2923121,26.0879166]]]}},{"type":"Feature","id":"way/985138984","properties":{"building":"yes","kind":"building","osmId":"way/985138984","source":"OpenStreetMap","sourceUrl":"https://www.openstreetmap.org/way/985138984","inHistoricCore":true},"geometry":{"type":"Polygon","coordinates":[[[119.2923906,26.0880214],[119.2924178,26.0880247],[119.2924154,26.0880408],[119.2923852,26.0880372],[119.2923678,26.0881539],[119.2924925,26.088169],[119.29251,26.0880522],[119.2924514,26.0880452],[119.2924539,26.0880291],[119.2925049,26.0880352],[119.2925254,26.0878986],[119.292411,26.0878848],[119.2923906,26.0880214]]]}},{"type":"Feature","id":"way/985138987","properties":{"building":"yes","kind":"building","osmId":"way/985138987","source":"OpenStreetMap","sourceUrl":"https://www.openstreetmap.org/way/985138987","inHistoricCore":true},"geometry":{"type":"Polygon","coordinates":[[[119.2923175,26.0880268],[119.2923789,26.0880343],[119.2923906,26.0879564],[119.2923291,26.087949],[119.2923175,26.0880268]]]}},{"type":"Feature","id":"way/985138988","properties":{"building":"yes","kind":"building","osmId":"way/985138988","source":"OpenStreetMap","sourceUrl":"https://www.openstreetmap.org/way/985138988","inHistoricCore":true},"geometry":{"type":"Polygon","coordinates":[[[119.2922189,26.0881232],[119.2922581,26.0881295],[119.2922772,26.0880341],[119.2922381,26.0880277],[119.2922189,26.0881232]]]}},{"type":"Feature","id":"way/985138993","properties":{"building":"yes","kind":"building","osmId":"way/985138993","source":"OpenStreetMap","sourceUrl":"https://www.openstreetmap.org/way/985138993","inHistoricCore":true},"geometry":{"type":"Polygon","coordinates":[[[119.2920633,26.0878414],[119.2921213,26.0878507],[119.2921478,26.0877185],[119.2920899,26.0877091],[119.2920633,26.0878414]]]}},{"type":"Feature","id":"way/985138996","properties":{"building":"yes","kind":"building","osmId":"way/985138996","source":"OpenStreetMap","sourceUrl":"https://www.openstreetmap.org/way/985138996","inHistoricCore":true},"geometry":{"type":"Polygon","coordinates":[[[119.2920144,26.0880871],[119.2920553,26.0880937],[119.2920629,26.0880556],[119.292022,26.088049],[119.2920144,26.0880871]]]}},{"type":"Feature","id":"way/985138997","properties":{"building":"yes","kind":"building","osmId":"way/985138997","source":"OpenStreetMap","sourceUrl":"https://www.openstreetmap.org/way/985138997","inHistoricCore":true},"geometry":{"type":"Polygon","coordinates":[[[119.2921646,26.0873981],[119.2923523,26.0874276],[119.2923618,26.0873793],[119.292174,26.0873498],[119.2921646,26.0873981]]]}},{"type":"Feature","id":"way/985138998","properties":{"building":"yes","kind":"building","osmId":"way/985138998","source":"OpenStreetMap","sourceUrl":"https://www.openstreetmap.org/way/985138998","inHistoricCore":true},"geometry":{"type":"Polygon","coordinates":[[[119.2920043,26.087371],[119.2921552,26.0873975],[119.2921653,26.0873511],[119.2920144,26.0873247],[119.2920043,26.087371]]]}},{"type":"Feature","id":"way/985139010","properties":{"building":"yes","kind":"building","osmId":"way/985139010","source":"OpenStreetMap","sourceUrl":"https://www.openstreetmap.org/way/985139010","inHistoricCore":true},"geometry":{"type":"Polygon","coordinates":[[[119.2927721,26.0879775],[119.2928439,26.0879883],[119.2928558,26.0879246],[119.2927841,26.0879137],[119.2927721,26.0879775]]]}},{"type":"Feature","id":"way/985139011","properties":{"building":"yes","kind":"building","osmId":"way/985139011","source":"OpenStreetMap","sourceUrl":"https://www.openstreetmap.org/way/985139011","inHistoricCore":true},"geometry":{"type":"Polygon","coordinates":[[[119.2928579,26.0879738],[119.2929538,26.0879883],[119.292969,26.0879074],[119.2928731,26.0878929],[119.2928579,26.0879738]]]}},{"type":"Feature","id":"way/985139012","properties":{"building":"yes","kind":"building","osmId":"way/985139012","source":"OpenStreetMap","sourceUrl":"https://www.openstreetmap.org/way/985139012","inHistoricCore":true},"geometry":{"type":"Polygon","coordinates":[[[119.2928506,26.0878769],[119.2929639,26.0878925],[119.2929768,26.0878171],[119.2928635,26.0878014],[119.2928506,26.0878769]]]}},{"type":"Feature","id":"way/985139015","properties":{"building":"yes","kind":"building","osmId":"way/985139015","source":"OpenStreetMap","sourceUrl":"https://www.openstreetmap.org/way/985139015","inHistoricCore":true},"geometry":{"type":"Polygon","coordinates":[[[119.2929706,26.0879811],[119.2930966,26.0880084],[119.2931349,26.087866],[119.2929915,26.0878363],[119.2929706,26.0879811]]]}},{"type":"Feature","id":"way/985139019","properties":{"building":"yes","kind":"building","osmId":"way/985139019","source":"OpenStreetMap","sourceUrl":"https://www.openstreetmap.org/way/985139019","inHistoricCore":true},"geometry":{"type":"Polygon","coordinates":[[[119.2929149,26.0875487],[119.2930324,26.0875742],[119.2930477,26.0875174],[119.2929302,26.0874918],[119.2929149,26.0875487]]]}},{"type":"Feature","id":"way/985139020","properties":{"building":"yes","kind":"building","osmId":"way/985139020","source":"OpenStreetMap","sourceUrl":"https://www.openstreetmap.org/way/985139020","inHistoricCore":true},"geometry":{"type":"Polygon","coordinates":[[[119.2930886,26.08758],[119.2931011,26.0875337],[119.2930537,26.0875234],[119.2930413,26.0875697],[119.2930886,26.08758]]]}},{"type":"Feature","id":"way/985139021","properties":{"building":"yes","kind":"building","osmId":"way/985139021","source":"OpenStreetMap","sourceUrl":"https://www.openstreetmap.org/way/985139021","inHistoricCore":true},"geometry":{"type":"Polygon","coordinates":[[[119.2931436,26.0875932],[119.2931561,26.0875469],[119.2931087,26.0875366],[119.2930963,26.087583],[119.2931436,26.0875932]]]}},{"type":"Feature","id":"way/985139022","properties":{"building":"yes","kind":"building","osmId":"way/985139022","source":"OpenStreetMap","sourceUrl":"https://www.openstreetmap.org/way/985139022","inHistoricCore":true},"geometry":{"type":"Polygon","coordinates":[[[119.2932019,26.0876053],[119.2932144,26.0875589],[119.2931671,26.0875487],[119.2931546,26.087595],[119.2932019,26.0876053]]]}},{"type":"Feature","id":"way/985139023","properties":{"building":"yes","kind":"building","osmId":"way/985139023","source":"OpenStreetMap","sourceUrl":"https://www.openstreetmap.org/way/985139023","inHistoricCore":true},"geometry":{"type":"Polygon","coordinates":[[[119.293216,26.0876077],[119.2933645,26.0876399],[119.293377,26.0875938],[119.2932284,26.0875616],[119.293216,26.0876077]]]}},{"type":"Feature","id":"way/985139027","properties":{"building":"yes","kind":"building","osmId":"way/985139027","source":"OpenStreetMap","sourceUrl":"https://www.openstreetmap.org/way/985139027","inHistoricCore":true},"geometry":{"type":"Polygon","coordinates":[[[119.2933749,26.0876342],[119.293491,26.0876594],[119.2935017,26.0876197],[119.2933856,26.0875945],[119.2933749,26.0876342]]]}},{"type":"Feature","id":"way/985139029","properties":{"building":"yes","kind":"building","osmId":"way/985139029","source":"OpenStreetMap","sourceUrl":"https://www.openstreetmap.org/way/985139029","inHistoricCore":true},"geometry":{"type":"Polygon","coordinates":[[[119.2932864,26.0879684],[119.2934085,26.0879949],[119.2934409,26.0878744],[119.2933189,26.0878479],[119.2932864,26.0879684]]]}},{"type":"Feature","id":"way/985139030","properties":{"building":"yes","kind":"building","osmId":"way/985139030","source":"OpenStreetMap","sourceUrl":"https://www.openstreetmap.org/way/985139030","inHistoricCore":true},"geometry":{"type":"Polygon","coordinates":[[[119.2918749,26.0875199],[119.291796,26.0875061],[119.2917871,26.0875469],[119.291866,26.0875607],[119.2918521,26.0876246],[119.2919166,26.0876359],[119.291948,26.0874915],[119.2918835,26.0874801],[119.2918749,26.0875199]]]}},{"type":"Feature","id":"way/985139031","properties":{"building":"yes","kind":"building","osmId":"way/985139031","source":"OpenStreetMap","sourceUrl":"https://www.openstreetmap.org/way/985139031","inHistoricCore":true},"geometry":{"type":"Polygon","coordinates":[[[119.2916949,26.0874851],[119.2918327,26.0875093],[119.2918588,26.0873894],[119.291721,26.0873652],[119.2916949,26.0874851]]]}},{"type":"Feature","id":"way/985139032","properties":{"building":"yes","kind":"building","osmId":"way/985139032","source":"OpenStreetMap","sourceUrl":"https://www.openstreetmap.org/way/985139032","inHistoricCore":true},"geometry":{"type":"Polygon","coordinates":[[[119.291662,26.0876432],[119.2917539,26.0876594],[119.2917864,26.0875101],[119.2916945,26.087494],[119.291662,26.0876432]]]}},{"type":"Feature","id":"way/985140659","properties":{"building":"yes","kind":"building","osmId":"way/985140659","source":"OpenStreetMap","sourceUrl":"https://www.openstreetmap.org/way/985140659","inHistoricCore":true},"geometry":{"type":"Polygon","coordinates":[[[119.2896158,26.0862545],[119.289571,26.0864389],[119.2899458,26.0865125],[119.2899109,26.0866561],[119.2900242,26.0866784],[119.2900591,26.0865347],[119.290104,26.0863502],[119.2896158,26.0862545]]]}},{"type":"Feature","id":"way/985140660","properties":{"building":"yes","kind":"building","osmId":"way/985140660","source":"OpenStreetMap","sourceUrl":"https://www.openstreetmap.org/way/985140660","inHistoricCore":true},"geometry":{"type":"Polygon","coordinates":[[[119.2901228,26.0865616],[119.2900933,26.0866909],[119.2902998,26.0867289],[119.2903293,26.0865995],[119.2901228,26.0865616]]]}},{"type":"Feature","id":"way/985140661","properties":{"building":"yes","kind":"building","osmId":"way/985140661","source":"OpenStreetMap","sourceUrl":"https://www.openstreetmap.org/way/985140661","inHistoricCore":true},"geometry":{"type":"Polygon","coordinates":[[[119.2904299,26.0867778],[119.2905425,26.0867917],[119.2905526,26.0867253],[119.29044,26.0867115],[119.2904299,26.0867778]]]}},{"type":"Feature","id":"way/985140662","properties":{"building":"yes","kind":"building","osmId":"way/985140662","source":"OpenStreetMap","sourceUrl":"https://www.openstreetmap.org/way/985140662","inHistoricCore":true},"geometry":{"type":"Polygon","coordinates":[[[119.2908141,26.0869693],[119.2909172,26.0869874],[119.2909414,26.0868766],[119.2908382,26.0868585],[119.2908141,26.0869693]]]}},{"type":"Feature","id":"way/985140663","properties":{"building":"yes","kind":"building","osmId":"way/985140663","source":"OpenStreetMap","sourceUrl":"https://www.openstreetmap.org/way/985140663","inHistoricCore":true},"geometry":{"type":"Polygon","coordinates":[[[119.2912138,26.0870446],[119.2912775,26.0870494],[119.2912839,26.0869801],[119.2912202,26.0869753],[119.2912138,26.0870446]]]}},{"type":"Feature","id":"way/985140667","properties":{"building":"yes","kind":"building","osmId":"way/985140667","source":"OpenStreetMap","sourceUrl":"https://www.openstreetmap.org/way/985140667","inHistoricCore":true},"geometry":{"type":"Polygon","coordinates":[[[119.2907759,26.087103],[119.2908711,26.0871209],[119.2909006,26.086994],[119.2908054,26.0869762],[119.2907759,26.087103]]]}},{"type":"Feature","id":"way/985140668","properties":{"building":"yes","kind":"building","osmId":"way/985140668","source":"OpenStreetMap","sourceUrl":"https://www.openstreetmap.org/way/985140668","inHistoricCore":true},"geometry":{"type":"Polygon","coordinates":[[[119.290747,26.087215],[119.290985,26.0872596],[119.2910092,26.0871554],[119.2907713,26.0871108],[119.290747,26.087215]]]}},{"type":"Feature","id":"way/985140669","properties":{"building":"yes","kind":"building","osmId":"way/985140669","source":"OpenStreetMap","sourceUrl":"https://www.openstreetmap.org/way/985140669","inHistoricCore":true},"geometry":{"type":"Polygon","coordinates":[[[119.2907196,26.087318],[119.2909348,26.0873584],[119.2909567,26.0872642],[119.2907414,26.0872239],[119.2907196,26.087318]]]}},{"type":"Feature","id":"way/985140670","properties":{"building":"yes","kind":"building","osmId":"way/985140670","source":"OpenStreetMap","sourceUrl":"https://www.openstreetmap.org/way/985140670","inHistoricCore":true},"geometry":{"type":"Polygon","coordinates":[[[119.2910247,26.0871367],[119.2910153,26.0873022],[119.291187,26.08731],[119.2911963,26.0871446],[119.2910247,26.0871367]]]}},{"type":"Feature","id":"way/985140671","properties":{"building":"yes","kind":"building","osmId":"way/985140671","source":"OpenStreetMap","sourceUrl":"https://www.openstreetmap.org/way/985140671","inHistoricCore":true},"geometry":{"type":"Polygon","coordinates":[[[119.2912386,26.0872728],[119.2914135,26.0872839],[119.2914289,26.0870863],[119.291254,26.0870753],[119.2912386,26.0872728]]]}},{"type":"Feature","id":"way/985140675","properties":{"building":"yes","kind":"building","osmId":"way/985140675","source":"OpenStreetMap","sourceUrl":"https://www.openstreetmap.org/way/985140675","inHistoricCore":true},"geometry":{"type":"Polygon","coordinates":[[[119.2916362,26.0872078],[119.2916492,26.0871033],[119.2915081,26.0870892],[119.2914951,26.0871937],[119.2916362,26.0872078]]]}},{"type":"Feature","id":"way/985140676","properties":{"building":"yes","kind":"building","osmId":"way/985140676","source":"OpenStreetMap","sourceUrl":"https://www.openstreetmap.org/way/985140676","inHistoricCore":true},"geometry":{"type":"Polygon","coordinates":[[[119.2914759,26.0872963],[119.2916192,26.0873107],[119.2916308,26.0872174],[119.2914875,26.0872031],[119.2914759,26.0872963]]]}},{"type":"Feature","id":"way/985140677","properties":{"building":"yes","kind":"building","osmId":"way/985140677","source":"OpenStreetMap","sourceUrl":"https://www.openstreetmap.org/way/985140677","inHistoricCore":true},"geometry":{"type":"Polygon","coordinates":[[[119.29161,26.0873222],[119.2915064,26.0873118],[119.2915033,26.0873363],[119.2914538,26.0873313],[119.2914417,26.0874282],[119.2915792,26.087442],[119.29161,26.0873222]]]}},{"type":"Feature","id":"way/985140678","properties":{"building":"yes","kind":"building","osmId":"way/985140678","source":"OpenStreetMap","sourceUrl":"https://www.openstreetmap.org/way/985140678","inHistoricCore":true},"geometry":{"type":"Polygon","coordinates":[[[119.2914384,26.0874385],[119.2914276,26.0875249],[119.2915658,26.0875388],[119.2915765,26.0874523],[119.2914384,26.0874385]]]}},{"type":"Feature","id":"way/985162789","properties":{"building":"yes","kind":"building","osmId":"way/985162789","source":"OpenStreetMap","sourceUrl":"https://www.openstreetmap.org/way/985162789","inHistoricCore":true},"geometry":{"type":"Polygon","coordinates":[[[119.2922752,26.0869356],[119.2922813,26.0868495],[119.2922265,26.0868464],[119.2922205,26.0869325],[119.2922752,26.0869356]]]}},{"type":"Feature","id":"way/985162790","properties":{"building":"yes","kind":"building","osmId":"way/985162790","source":"OpenStreetMap","sourceUrl":"https://www.openstreetmap.org/way/985162790","inHistoricCore":true},"geometry":{"type":"Polygon","coordinates":[[[119.2920271,26.0867766],[119.2920691,26.0867823],[119.2920725,26.0867626],[119.2921813,26.0867776],[119.2921807,26.0867838],[119.2922826,26.0867923],[119.2922903,26.0867177],[119.2921883,26.0867093],[119.292186,26.0867322],[119.2920801,26.0867177],[119.2920812,26.0867113],[119.2920392,26.0867055],[119.2920271,26.0867766]]]}},{"type":"Feature","id":"way/985162799","properties":{"building":"yes","kind":"building","osmId":"way/985162799","source":"OpenStreetMap","sourceUrl":"https://www.openstreetmap.org/way/985162799","inHistoricCore":true},"geometry":{"type":"Polygon","coordinates":[[[119.2930665,26.0866586],[119.2932073,26.0866652],[119.2932103,26.0866145],[119.2930694,26.0866079],[119.2930665,26.0866586]]]}},{"type":"Feature","id":"way/985162800","properties":{"building":"yes","kind":"building","osmId":"way/985162800","source":"OpenStreetMap","sourceUrl":"https://www.openstreetmap.org/way/985162800","inHistoricCore":true},"geometry":{"type":"Polygon","coordinates":[[[119.292868,26.0866549],[119.2930189,26.0866598],[119.2930207,26.0866145],[119.2928698,26.0866097],[119.292868,26.0866549]]]}},{"type":"Feature","id":"way/985162801","properties":{"building":"yes","kind":"building","osmId":"way/985162801","source":"OpenStreetMap","sourceUrl":"https://www.openstreetmap.org/way/985162801","inHistoricCore":true},"geometry":{"type":"Polygon","coordinates":[[[119.2927901,26.0866546],[119.292853,26.0866589],[119.2928573,26.0866092],[119.2927943,26.0866049],[119.2927901,26.0866546]]]}},{"type":"Feature","id":"way/985162802","properties":{"building":"yes","kind":"building","osmId":"way/985162802","source":"OpenStreetMap","sourceUrl":"https://www.openstreetmap.org/way/985162802","inHistoricCore":true},"geometry":{"type":"Polygon","coordinates":[[[119.2927271,26.0866502],[119.2927901,26.0866546],[119.2927943,26.0866049],[119.2927313,26.0866005],[119.2927271,26.0866502]]]}},{"type":"Feature","id":"way/985162803","properties":{"building":"yes","kind":"building","osmId":"way/985162803","source":"OpenStreetMap","sourceUrl":"https://www.openstreetmap.org/way/985162803","inHistoricCore":true},"geometry":{"type":"Polygon","coordinates":[[[119.2926642,26.0866459],[119.2927271,26.0866502],[119.2927313,26.0866005],[119.2926684,26.0865962],[119.2926642,26.0866459]]]}},{"type":"Feature","id":"way/985162804","properties":{"building":"yes","kind":"building","osmId":"way/985162804","source":"OpenStreetMap","sourceUrl":"https://www.openstreetmap.org/way/985162804","inHistoricCore":true},"geometry":{"type":"Polygon","coordinates":[[[119.2925508,26.0866694],[119.2926505,26.0866762],[119.2926568,26.0866025],[119.2925571,26.0865957],[119.2925508,26.0866694]]]}},{"type":"Feature","id":"way/985162805","properties":{"building":"yes","kind":"building","osmId":"way/985162805","source":"OpenStreetMap","sourceUrl":"https://www.openstreetmap.org/way/985162805","inHistoricCore":true},"geometry":{"type":"Polygon","coordinates":[[[119.2923188,26.0866616],[119.2925402,26.0866768],[119.2925455,26.0866146],[119.2923241,26.0865994],[119.2923188,26.0866616]]]}},{"type":"Feature","id":"way/985162806","properties":{"building":"yes","kind":"building","osmId":"way/985162806","source":"OpenStreetMap","sourceUrl":"https://www.openstreetmap.org/way/985162806","inHistoricCore":true},"geometry":{"type":"Polygon","coordinates":[[[119.2923128,26.0866465],[119.2923166,26.0866022],[119.2922082,26.0865947],[119.2922044,26.0866391],[119.2923128,26.0866465]]]}},{"type":"Feature","id":"way/985162808","properties":{"building":"yes","kind":"building","osmId":"way/985162808","source":"OpenStreetMap","sourceUrl":"https://www.openstreetmap.org/way/985162808","inHistoricCore":true},"geometry":{"type":"Polygon","coordinates":[[[119.2919594,26.0866802],[119.2920722,26.0866972],[119.2920868,26.0866188],[119.291974,26.0866018],[119.2919594,26.0866802]]]}},{"type":"Feature","id":"way/985162811","properties":{"building":"yes","kind":"building","osmId":"way/985162811","source":"OpenStreetMap","sourceUrl":"https://www.openstreetmap.org/way/985162811","inHistoricCore":true},"geometry":{"type":"Polygon","coordinates":[[[119.2918917,26.086979],[119.2920044,26.0869959],[119.2920157,26.086935],[119.2919031,26.086918],[119.2918917,26.086979]]]}},{"type":"Feature","id":"way/985162812","properties":{"building":"yes","kind":"building","osmId":"way/985162812","source":"OpenStreetMap","sourceUrl":"https://www.openstreetmap.org/way/985162812","inHistoricCore":true},"geometry":{"type":"Polygon","coordinates":[[[119.2919044,26.0868573],[119.2919556,26.086583],[119.2918776,26.0865712],[119.2918264,26.0868456],[119.2919044,26.0868573]]]}},{"type":"Feature","id":"way/985162813","properties":{"building":"yes","kind":"building","osmId":"way/985162813","source":"OpenStreetMap","sourceUrl":"https://www.openstreetmap.org/way/985162813","inHistoricCore":true},"geometry":{"type":"Polygon","coordinates":[[[119.2918052,26.0869639],[119.2918816,26.0869754],[119.2919017,26.0868675],[119.2918253,26.086856],[119.2918052,26.0869639]]]}},{"type":"Feature","id":"way/985162814","properties":{"building":"yes","kind":"building","osmId":"way/985162814","source":"OpenStreetMap","sourceUrl":"https://www.openstreetmap.org/way/985162814","inHistoricCore":true},"geometry":{"type":"Polygon","coordinates":[[[119.2917965,26.0870319],[119.2919868,26.0870606],[119.2919976,26.0870024],[119.2918073,26.0869738],[119.2917965,26.0870319]]]}},{"type":"Feature","id":"way/985162815","properties":{"building":"yes","kind":"building","osmId":"way/985162815","source":"OpenStreetMap","sourceUrl":"https://www.openstreetmap.org/way/985162815","inHistoricCore":true},"geometry":{"type":"Polygon","coordinates":[[[119.2918501,26.0871361],[119.2919804,26.0871557],[119.2919943,26.0870813],[119.291864,26.0870617],[119.2918501,26.0871361]]]}},{"type":"Feature","id":"way/985162818","properties":{"building":"yes","kind":"building","osmId":"way/985162818","source":"OpenStreetMap","sourceUrl":"https://www.openstreetmap.org/way/985162818","inHistoricCore":true},"geometry":{"type":"Polygon","coordinates":[[[119.2917492,26.0871757],[119.2917371,26.0872352],[119.2917909,26.087244],[119.291803,26.0871845],[119.2917492,26.0871757]]]}},{"type":"Feature","id":"way/985162819","properties":{"building":"yes","kind":"building","osmId":"way/985162819","source":"OpenStreetMap","sourceUrl":"https://www.openstreetmap.org/way/985162819","inHistoricCore":true},"geometry":{"type":"Polygon","coordinates":[[[119.2917613,26.0871163],[119.2917492,26.0871757],[119.291803,26.0871845],[119.2918151,26.0871251],[119.2917613,26.0871163]]]}},{"type":"Feature","id":"way/985162825","properties":{"building":"yes","kind":"building","osmId":"way/985162825","source":"OpenStreetMap","sourceUrl":"https://www.openstreetmap.org/way/985162825","inHistoricCore":true},"geometry":{"type":"Polygon","coordinates":[[[119.291354,26.0852556],[119.2913899,26.0852617],[119.2914109,26.0851626],[119.291375,26.0851565],[119.291354,26.0852556]]]}},{"type":"Feature","id":"way/985162826","properties":{"building":"yes","kind":"building","osmId":"way/985162826","source":"OpenStreetMap","sourceUrl":"https://www.openstreetmap.org/way/985162826","inHistoricCore":true},"geometry":{"type":"Polygon","coordinates":[[[119.2913713,26.0853571],[119.2913894,26.0852719],[119.2913452,26.0852644],[119.2913272,26.0853496],[119.2913713,26.0853571]]]}},{"type":"Feature","id":"way/985162827","properties":{"building":"yes","kind":"building","osmId":"way/985162827","source":"OpenStreetMap","sourceUrl":"https://www.openstreetmap.org/way/985162827","inHistoricCore":true},"geometry":{"type":"Polygon","coordinates":[[[119.2912875,26.0854324],[119.2913546,26.0854438],[119.2913696,26.0853728],[119.2913025,26.0853614],[119.2912875,26.0854324]]]}},{"type":"Feature","id":"way/985162828","properties":{"building":"yes","kind":"building","osmId":"way/985162828","source":"OpenStreetMap","sourceUrl":"https://www.openstreetmap.org/way/985162828","inHistoricCore":true},"geometry":{"type":"Polygon","coordinates":[[[119.2913888,26.0851475],[119.29142,26.0850639],[119.2913056,26.0850295],[119.2912744,26.0851131],[119.2913888,26.0851475]]]}},{"type":"Feature","id":"way/985162829","properties":{"building":"yes","kind":"building","osmId":"way/985162829","source":"OpenStreetMap","sourceUrl":"https://www.openstreetmap.org/way/985162829","inHistoricCore":true},"geometry":{"type":"Polygon","coordinates":[[[119.2913572,26.0849741],[119.2914513,26.0850024],[119.2914672,26.0849596],[119.2913732,26.0849313],[119.2913572,26.0849741]]]}},{"type":"Feature","id":"way/985162830","properties":{"building":"yes","kind":"building","osmId":"way/985162830","source":"OpenStreetMap","sourceUrl":"https://www.openstreetmap.org/way/985162830","inHistoricCore":true},"geometry":{"type":"Polygon","coordinates":[[[119.2914317,26.0850596],[119.2914493,26.0850125],[119.2913237,26.0849747],[119.2913061,26.0850218],[119.2914317,26.0850596]]]}},{"type":"Feature","id":"way/985162831","properties":{"building":"yes","kind":"building","osmId":"way/985162831","source":"OpenStreetMap","sourceUrl":"https://www.openstreetmap.org/way/985162831","inHistoricCore":true},"geometry":{"type":"Polygon","coordinates":[[[119.291435,26.0850759],[119.2915408,26.0851077],[119.2915832,26.0849939],[119.2914775,26.0849621],[119.291435,26.0850759]]]}},{"type":"Feature","id":"way/985162832","properties":{"building":"yes","kind":"building","osmId":"way/985162832","source":"OpenStreetMap","sourceUrl":"https://www.openstreetmap.org/way/985162832","inHistoricCore":true},"geometry":{"type":"Polygon","coordinates":[[[119.2917167,26.0850349],[119.2915963,26.0849987],[119.2915725,26.0850626],[119.2916928,26.0850988],[119.2917167,26.0850349]]]}},{"type":"Feature","id":"way/985162833","properties":{"building":"yes","kind":"building","osmId":"way/985162833","source":"OpenStreetMap","sourceUrl":"https://www.openstreetmap.org/way/985162833","inHistoricCore":true},"geometry":{"type":"Polygon","coordinates":[[[119.2917307,26.0850361],[119.2917113,26.0850882],[119.2918394,26.0851267],[119.2918588,26.0850746],[119.2917307,26.0850361]]]}},{"type":"Feature","id":"way/985162834","properties":{"building":"yes","kind":"building","osmId":"way/985162834","source":"OpenStreetMap","sourceUrl":"https://www.openstreetmap.org/way/985162834","inHistoricCore":true},"geometry":{"type":"Polygon","coordinates":[[[119.2916818,26.0852186],[119.2917985,26.0852356],[119.2918146,26.0851469],[119.2916979,26.0851299],[119.2916818,26.0852186]]]}},{"type":"Feature","id":"way/985162835","properties":{"building":"yes","kind":"building","osmId":"way/985162835","source":"OpenStreetMap","sourceUrl":"https://www.openstreetmap.org/way/985162835","inHistoricCore":true},"geometry":{"type":"Polygon","coordinates":[[[119.2918072,26.0852625],[119.2918516,26.085269],[119.2918709,26.0851626],[119.2918265,26.0851561],[119.2918072,26.0852625]]]}},{"type":"Feature","id":"way/985162836","properties":{"building":"yes","kind":"building","osmId":"way/985162836","source":"OpenStreetMap","sourceUrl":"https://www.openstreetmap.org/way/985162836","inHistoricCore":true},"geometry":{"type":"Polygon","coordinates":[[[119.2916623,26.0853204],[119.2917809,26.0853377],[119.2917971,26.0852481],[119.2916786,26.0852308],[119.2916623,26.0853204]]]}},{"type":"Feature","id":"way/985162837","properties":{"building":"yes","kind":"building","osmId":"way/985162837","source":"OpenStreetMap","sourceUrl":"https://www.openstreetmap.org/way/985162837","inHistoricCore":true},"geometry":{"type":"Polygon","coordinates":[[[119.2916503,26.085424],[119.2917829,26.0854433],[119.2917985,26.0853571],[119.2916659,26.0853377],[119.2916503,26.085424]]]}},{"type":"Feature","id":"way/985162838","properties":{"building":"yes","kind":"building","osmId":"way/985162838","source":"OpenStreetMap","sourceUrl":"https://www.openstreetmap.org/way/985162838","inHistoricCore":true},"geometry":{"type":"Polygon","coordinates":[[[119.2915577,26.0851668],[119.2916742,26.0851838],[119.2916872,26.085112],[119.2915707,26.085095],[119.2915577,26.0851668]]]}},{"type":"Feature","id":"way/985162839","properties":{"building":"yes","kind":"building","osmId":"way/985162839","source":"OpenStreetMap","sourceUrl":"https://www.openstreetmap.org/way/985162839","inHistoricCore":true},"geometry":{"type":"Polygon","coordinates":[[[119.2915229,26.0853228],[119.2916431,26.0853403],[119.2916677,26.0852041],[119.2915475,26.0851866],[119.2915229,26.0853228]]]}},{"type":"Feature","id":"way/985162840","properties":{"building":"yes","kind":"building","osmId":"way/985162840","source":"OpenStreetMap","sourceUrl":"https://www.openstreetmap.org/way/985162840","inHistoricCore":true},"geometry":{"type":"Polygon","coordinates":[[[119.29148,26.0854697],[119.2916161,26.0854896],[119.2916403,26.0853558],[119.2915042,26.0853359],[119.29148,26.0854697]]]}},{"type":"Feature","id":"way/985162844","properties":{"building":"yes","kind":"building","osmId":"way/985162844","source":"OpenStreetMap","sourceUrl":"https://www.openstreetmap.org/way/985162844","inHistoricCore":true},"geometry":{"type":"Polygon","coordinates":[[[119.2918065,26.0856076],[119.2919768,26.085639],[119.2920856,26.0851618],[119.2919153,26.0851305],[119.2918065,26.0856076]]]}},{"type":"Feature","id":"way/985162845","properties":{"building":"yes","kind":"building","osmId":"way/985162845","source":"OpenStreetMap","sourceUrl":"https://www.openstreetmap.org/way/985162845","inHistoricCore":true},"geometry":{"type":"Polygon","coordinates":[[[119.2916275,26.085607],[119.2917334,26.0856233],[119.2917496,26.0855383],[119.2916437,26.085522],[119.2916275,26.085607]]]}},{"type":"Feature","id":"way/985162846","properties":{"building":"yes","kind":"building","osmId":"way/985162846","source":"OpenStreetMap","sourceUrl":"https://www.openstreetmap.org/way/985162846","inHistoricCore":true},"geometry":{"type":"Polygon","coordinates":[[[119.2914216,26.0856335],[119.2915973,26.0856606],[119.2916196,26.0855439],[119.291444,26.0855168],[119.2914216,26.0856335]]]}},{"type":"Feature","id":"way/985162851","properties":{"building":"yes","kind":"building","osmId":"way/985162851","source":"OpenStreetMap","sourceUrl":"https://www.openstreetmap.org/way/985162851","inHistoricCore":true},"geometry":{"type":"Polygon","coordinates":[[[119.2915142,26.08586],[119.2915572,26.0858672],[119.2915859,26.0857299],[119.2915429,26.0857226],[119.2915142,26.08586]]]}},{"type":"Feature","id":"way/985162852","properties":{"building":"yes","kind":"building","osmId":"way/985162852","source":"OpenStreetMap","sourceUrl":"https://www.openstreetmap.org/way/985162852","inHistoricCore":true},"geometry":{"type":"Polygon","coordinates":[[[119.2917683,26.0857462],[119.2917912,26.0856366],[119.2917408,26.0856281],[119.2917179,26.0857376],[119.2917683,26.0857462]]]}},{"type":"Feature","id":"way/985162853","properties":{"building":"yes","kind":"building","osmId":"way/985162853","source":"OpenStreetMap","sourceUrl":"https://www.openstreetmap.org/way/985162853","inHistoricCore":true},"geometry":{"type":"Polygon","coordinates":[[[119.2917871,26.0856871],[119.2918832,26.0857034],[119.2918937,26.0856534],[119.2917975,26.0856372],[119.2917871,26.0856871]]]}},{"type":"Feature","id":"way/985162854","properties":{"building":"yes","kind":"building","osmId":"way/985162854","source":"OpenStreetMap","sourceUrl":"https://www.openstreetmap.org/way/985162854","inHistoricCore":true},"geometry":{"type":"Polygon","coordinates":[[[119.2918749,26.0857751],[119.2919385,26.0857863],[119.2919647,26.0856664],[119.2919011,26.0856552],[119.2918749,26.0857751]]]}},{"type":"Feature","id":"way/985162855","properties":{"building":"yes","kind":"building","osmId":"way/985162855","source":"OpenStreetMap","sourceUrl":"https://www.openstreetmap.org/way/985162855","inHistoricCore":true},"geometry":{"type":"Polygon","coordinates":[[[119.2914853,26.0860358],[119.2915752,26.0860385],[119.2915812,26.0858765],[119.2914914,26.0858738],[119.2914853,26.0860358]]]}},{"type":"Feature","id":"way/985162858","properties":{"building":"yes","kind":"building","osmId":"way/985162858","source":"OpenStreetMap","sourceUrl":"https://www.openstreetmap.org/way/985162858","inHistoricCore":true},"geometry":{"type":"Polygon","coordinates":[[[119.2916409,26.0862418],[119.291651,26.0861063],[119.2914956,26.086097],[119.2914856,26.0862325],[119.2916409,26.0862418]]]}},{"type":"Feature","id":"way/985162859","properties":{"building":"yes","kind":"building","osmId":"way/985162859","source":"OpenStreetMap","sourceUrl":"https://www.openstreetmap.org/way/985162859","inHistoricCore":true},"geometry":{"type":"Polygon","coordinates":[[[119.2916536,26.0861954],[119.2916858,26.0861966],[119.2916892,26.0861242],[119.291657,26.086123],[119.2916536,26.0861954]]]}},{"type":"Feature","id":"way/985162860","properties":{"building":"yes","kind":"building","osmId":"way/985162860","source":"OpenStreetMap","sourceUrl":"https://www.openstreetmap.org/way/985162860","inHistoricCore":true},"geometry":{"type":"Polygon","coordinates":[[[119.2916986,26.0861864],[119.2918575,26.0862081],[119.2918729,26.0861167],[119.291714,26.086095],[119.2916986,26.0861864]]]}},{"type":"Feature","id":"way/985162861","properties":{"building":"yes","kind":"building","osmId":"way/985162861","source":"OpenStreetMap","sourceUrl":"https://www.openstreetmap.org/way/985162861","inHistoricCore":true},"geometry":{"type":"Polygon","coordinates":[[[119.2917193,26.0864966],[119.2917864,26.0865068],[119.2918105,26.0864014],[119.2917708,26.086394],[119.2917548,26.0864639],[119.2917263,26.0864596],[119.2917193,26.0864966]]]}},{"type":"Feature","id":"way/985162862","properties":{"building":"yes","kind":"building","osmId":"way/985162862","source":"OpenStreetMap","sourceUrl":"https://www.openstreetmap.org/way/985162862","inHistoricCore":true},"geometry":{"type":"Polygon","coordinates":[[[119.2917931,26.0862959],[119.2917719,26.0863835],[119.2918112,26.0863912],[119.2918528,26.0862195],[119.2918135,26.0862118],[119.2916992,26.0861942],[119.291683,26.0862789],[119.2917931,26.0862959]]]}},{"type":"Feature","id":"way/985162863","properties":{"building":"yes","kind":"building","osmId":"way/985162863","source":"OpenStreetMap","sourceUrl":"https://www.openstreetmap.org/way/985162863","inHistoricCore":true},"geometry":{"type":"Polygon","coordinates":[[[119.291724,26.0863978],[119.2917368,26.0862972],[119.2916611,26.0862895],[119.2916484,26.0863901],[119.291724,26.0863978]]]}},{"type":"Feature","id":"way/985162864","properties":{"building":"yes","kind":"building","osmId":"way/985162864","source":"OpenStreetMap","sourceUrl":"https://www.openstreetmap.org/way/985162864","inHistoricCore":true},"geometry":{"type":"Polygon","coordinates":[[[119.2916362,26.0864839],[119.2917113,26.0864953],[119.291727,26.0864123],[119.2916519,26.0864008],[119.2916362,26.0864839]]]}},{"type":"Feature","id":"way/985162868","properties":{"building":"yes","kind":"building","osmId":"way/985162868","source":"OpenStreetMap","sourceUrl":"https://www.openstreetmap.org/way/985162868","inHistoricCore":true},"geometry":{"type":"Polygon","coordinates":[[[119.2912634,26.086358],[119.2913203,26.0863632],[119.2913391,26.0861958],[119.2912821,26.0861906],[119.2912634,26.086358]]]}},{"type":"Feature","id":"way/985162869","properties":{"building":"yes","kind":"building","osmId":"way/985162869","source":"OpenStreetMap","sourceUrl":"https://www.openstreetmap.org/way/985162869","inHistoricCore":true},"geometry":{"type":"Polygon","coordinates":[[[119.2910796,26.0863412],[119.291205,26.0863502],[119.2912124,26.0862675],[119.291087,26.0862585],[119.2910796,26.0863412]]]}},{"type":"Feature","id":"way/985162870","properties":{"building":"yes","kind":"building","osmId":"way/985162870","source":"OpenStreetMap","sourceUrl":"https://www.openstreetmap.org/way/985162870","inHistoricCore":true},"geometry":{"type":"Polygon","coordinates":[[[119.2913472,26.0863797],[119.2914285,26.0863868],[119.2914419,26.0862627],[119.2913606,26.0862557],[119.2913472,26.0863797]]]}},{"type":"Feature","id":"way/985162875","properties":{"building":"yes","kind":"building","osmId":"way/985162875","source":"OpenStreetMap","sourceUrl":"https://www.openstreetmap.org/way/985162875","inHistoricCore":true},"geometry":{"type":"Polygon","coordinates":[[[119.2910998,26.0861424],[119.2910253,26.0861337],[119.2909884,26.0863863],[119.2910629,26.0863951],[119.2910998,26.0861424]]]}},{"type":"Feature","id":"way/985162878","properties":{"building":"yes","kind":"building","osmId":"way/985162878","source":"OpenStreetMap","sourceUrl":"https://www.openstreetmap.org/way/985162878","inHistoricCore":true},"geometry":{"type":"Polygon","coordinates":[[[119.2914022,26.0866911],[119.2914781,26.0867002],[119.2914844,26.0866581],[119.2915198,26.0866624],[119.2915136,26.0867044],[119.291708,26.0867278],[119.2917193,26.0866513],[119.2914135,26.0866146],[119.2914022,26.0866911]]]}},{"type":"Feature","id":"way/985162879","properties":{"building":"yes","kind":"building","osmId":"way/985162879","source":"OpenStreetMap","sourceUrl":"https://www.openstreetmap.org/way/985162879","inHistoricCore":true},"geometry":{"type":"Polygon","coordinates":[[[119.2912265,26.086667],[119.2913896,26.0866866],[119.2914075,26.0865658],[119.2912444,26.0865462],[119.2912265,26.086667]]]}},{"type":"Feature","id":"way/985162883","properties":{"building":"yes","kind":"building","osmId":"way/985162883","source":"OpenStreetMap","sourceUrl":"https://www.openstreetmap.org/way/985162883","inHistoricCore":true},"geometry":{"type":"Polygon","coordinates":[[[119.2912466,26.0865345],[119.2914159,26.086557],[119.2914256,26.0864978],[119.2912563,26.0864753],[119.2912466,26.0865345]]]}},{"type":"Feature","id":"way/985162884","properties":{"building":"yes","kind":"building","osmId":"way/985162884","source":"OpenStreetMap","sourceUrl":"https://www.openstreetmap.org/way/985162884","inHistoricCore":true},"geometry":{"type":"Polygon","coordinates":[[[119.2911728,26.0865104],[119.291238,26.086519],[119.2912466,26.0864664],[119.2911815,26.0864578],[119.2911728,26.0865104]]]}},{"type":"Feature","id":"way/985162885","properties":{"building":"yes","kind":"building","osmId":"way/985162885","source":"OpenStreetMap","sourceUrl":"https://www.openstreetmap.org/way/985162885","inHistoricCore":true},"geometry":{"type":"Polygon","coordinates":[[[119.2910635,26.0864357],[119.2910555,26.0864847],[119.2911722,26.0865002],[119.2911802,26.0864512],[119.2910635,26.0864357]]]}},{"type":"Feature","id":"way/985162886","properties":{"building":"yes","kind":"building","osmId":"way/985162886","source":"OpenStreetMap","sourceUrl":"https://www.openstreetmap.org/way/985162886","inHistoricCore":true},"geometry":{"type":"Polygon","coordinates":[[[119.2910179,26.0864869],[119.2910478,26.0864909],[119.2910568,26.0864357],[119.291027,26.0864318],[119.2910179,26.0864869]]]}},{"type":"Feature","id":"way/985162887","properties":{"building":"yes","kind":"building","osmId":"way/985162887","source":"OpenStreetMap","sourceUrl":"https://www.openstreetmap.org/way/985162887","inHistoricCore":true},"geometry":{"type":"Polygon","coordinates":[[[119.2908081,26.0864737],[119.2909017,26.0864861],[119.2909127,26.0864195],[119.290819,26.086407],[119.2908081,26.0864737]]]}},{"type":"Feature","id":"way/985162888","properties":{"building":"yes","kind":"building","osmId":"way/985162888","source":"OpenStreetMap","sourceUrl":"https://www.openstreetmap.org/way/985162888","inHistoricCore":true},"geometry":{"type":"Polygon","coordinates":[[[119.2908979,26.0865532],[119.2909941,26.0865659],[119.2910112,26.0864616],[119.2909151,26.0864489],[119.2908979,26.0865532]]]}},{"type":"Feature","id":"way/985162889","properties":{"building":"yes","kind":"building","osmId":"way/985162889","source":"OpenStreetMap","sourceUrl":"https://www.openstreetmap.org/way/985162889","inHistoricCore":true},"geometry":{"type":"Polygon","coordinates":[[[119.2910213,26.0866549],[119.2910317,26.0865916],[119.2909013,26.0865742],[119.2908908,26.0866376],[119.2910213,26.0866549]]]}},{"type":"Feature","id":"way/985162890","properties":{"building":"yes","kind":"building","osmId":"way/985162890","source":"OpenStreetMap","sourceUrl":"https://www.openstreetmap.org/way/985162890","inHistoricCore":true},"geometry":{"type":"Polygon","coordinates":[[[119.2911386,26.0869802],[119.291159,26.0868436],[119.2909632,26.0868201],[119.2909428,26.0869567],[119.290937,26.0869957],[119.2909831,26.0870012],[119.2909889,26.0869622],[119.2910946,26.0869749],[119.2910904,26.087003],[119.2911345,26.0870083],[119.2911386,26.0869802]]]}},{"type":"Feature","id":"way/985162896","properties":{"building":"yes","kind":"building","osmId":"way/985162896","source":"OpenStreetMap","sourceUrl":"https://www.openstreetmap.org/way/985162896","inHistoricCore":true},"geometry":{"type":"Polygon","coordinates":[[[119.2912057,26.0867814],[119.2913245,26.0867957],[119.2913405,26.0866881],[119.2912217,26.0866738],[119.2912057,26.0867814]]]}},{"type":"Feature","id":"way/985162897","properties":{"building":"yes","kind":"building","osmId":"way/985162897","source":"OpenStreetMap","sourceUrl":"https://www.openstreetmap.org/way/985162897","inHistoricCore":true},"geometry":{"type":"Polygon","coordinates":[[[119.2911876,26.0869061],[119.2912953,26.086919],[119.291307,26.0868404],[119.2911993,26.0868275],[119.2911876,26.0869061]]]}},{"type":"Feature","id":"way/985162898","properties":{"building":"yes","kind":"building","osmId":"way/985162898","source":"OpenStreetMap","sourceUrl":"https://www.openstreetmap.org/way/985162898","inHistoricCore":true},"geometry":{"type":"Polygon","coordinates":[[[119.2916883,26.0867358],[119.2916328,26.086729],[119.2916143,26.0868511],[119.2914526,26.0868313],[119.2914471,26.0868675],[119.2916642,26.0868942],[119.2917031,26.0867376],[119.2916883,26.0867358]]]}},{"type":"Feature","id":"way/985162899","properties":{"building":"yes","kind":"building","osmId":"way/985162899","source":"OpenStreetMap","sourceUrl":"https://www.openstreetmap.org/way/985162899","inHistoricCore":true},"geometry":{"type":"Polygon","coordinates":[[[119.2913827,26.08682],[119.2915985,26.0868464],[119.2916161,26.0867308],[119.2914003,26.0867043],[119.2913827,26.08682]]]}},{"type":"Feature","id":"way/985162900","properties":{"building":"yes","kind":"building","osmId":"way/985162900","source":"OpenStreetMap","sourceUrl":"https://www.openstreetmap.org/way/985162900","inHistoricCore":true},"geometry":{"type":"Polygon","coordinates":[[[119.2913264,26.0868139],[119.2913673,26.086819],[119.2913794,26.0867399],[119.2913384,26.0867348],[119.2913264,26.0868139]]]}},{"type":"Feature","id":"way/985162901","properties":{"building":"yes","kind":"building","osmId":"way/985162901","source":"OpenStreetMap","sourceUrl":"https://www.openstreetmap.org/way/985162901","inHistoricCore":true},"geometry":{"type":"Polygon","coordinates":[[[119.2913593,26.0869073],[119.2913715,26.086827],[119.2913284,26.0868218],[119.2913162,26.086902],[119.2913593,26.0869073]]]}},{"type":"Feature","id":"way/985162902","properties":{"building":"yes","kind":"building","osmId":"way/985162902","source":"OpenStreetMap","sourceUrl":"https://www.openstreetmap.org/way/985162902","inHistoricCore":true},"geometry":{"type":"Polygon","coordinates":[[[119.2913686,26.0869085],[119.2914524,26.0869188],[119.2914585,26.086879],[119.2913747,26.0868687],[119.2913686,26.0869085]]]}},{"type":"Feature","id":"way/985162903","properties":{"building":"yes","kind":"building","osmId":"way/985162903","source":"OpenStreetMap","sourceUrl":"https://www.openstreetmap.org/way/985162903","inHistoricCore":true},"geometry":{"type":"Polygon","coordinates":[[[119.2916328,26.0869874],[119.2916455,26.086904],[119.2914712,26.0868826],[119.2914586,26.086966],[119.2916328,26.0869874]]]}},{"type":"Feature","id":"way/985162904","properties":{"building":"yes","kind":"building","osmId":"way/985162904","source":"OpenStreetMap","sourceUrl":"https://www.openstreetmap.org/way/985162904","inHistoricCore":true},"geometry":{"type":"Polygon","coordinates":[[[119.2915289,26.0870765],[119.2916166,26.0870873],[119.2916288,26.0870073],[119.2915411,26.0869965],[119.2915289,26.0870765]]]}},{"type":"Feature","id":"way/985162905","properties":{"building":"yes","kind":"building","osmId":"way/985162905","source":"OpenStreetMap","sourceUrl":"https://www.openstreetmap.org/way/985162905","inHistoricCore":true},"geometry":{"type":"Polygon","coordinates":[[[119.2914437,26.0870663],[119.2915168,26.0870752],[119.2915315,26.0869783],[119.2914585,26.0869693],[119.2914437,26.0870663]]]}},{"type":"Feature","id":"way/985162906","properties":{"building":"yes","kind":"building","osmId":"way/985162906","source":"OpenStreetMap","sourceUrl":"https://www.openstreetmap.org/way/985162906","inHistoricCore":true},"geometry":{"type":"Polygon","coordinates":[[[119.2912882,26.0870494],[119.291433,26.0870687],[119.2914565,26.0869264],[119.2914226,26.0869219],[119.2914166,26.0869581],[119.2913457,26.0869487],[119.2913517,26.0869125],[119.2913117,26.0869071],[119.2912882,26.0870494]]]}},{"type":"Feature","id":"way/985164857","properties":{"building":"yes","kind":"building","osmId":"way/985164857","source":"OpenStreetMap","sourceUrl":"https://www.openstreetmap.org/way/985164857","inHistoricCore":true},"geometry":{"type":"Polygon","coordinates":[[[119.2929659,26.087197],[119.2930276,26.0872006],[119.2930309,26.0871562],[119.2931999,26.0871662],[119.2932107,26.0870204],[119.2930417,26.0870103],[119.29298,26.0870066],[119.2929659,26.087197]]]}},{"type":"Feature","id":"way/985164858","properties":{"building":"yes","kind":"building","osmId":"way/985164858","source":"OpenStreetMap","sourceUrl":"https://www.openstreetmap.org/way/985164858","inHistoricCore":true},"geometry":{"type":"Polygon","coordinates":[[[119.2929967,26.0874487],[119.2931785,26.0874595],[119.2931967,26.0872129],[119.293015,26.0872021],[119.2929967,26.0874487]]]}},{"type":"Feature","id":"way/985164866","properties":{"building":"yes","kind":"building","osmId":"way/985164866","source":"OpenStreetMap","sourceUrl":"https://www.openstreetmap.org/way/985164866","inHistoricCore":true},"geometry":{"type":"Polygon","coordinates":[[[119.2928526,26.087162],[119.2928438,26.0872572],[119.2929516,26.0872652],[119.2929604,26.0871701],[119.2928526,26.087162]]]}},{"type":"Feature","id":"way/985164867","properties":{"building":"yes","kind":"building","osmId":"way/985164867","source":"OpenStreetMap","sourceUrl":"https://www.openstreetmap.org/way/985164867","inHistoricCore":true},"geometry":{"type":"Polygon","coordinates":[[[119.2927701,26.08738],[119.2929398,26.0873927],[119.2929499,26.0872828],[119.2929169,26.0872804],[119.2929128,26.087324],[119.2928094,26.0873163],[119.29276,26.087271],[119.2927012,26.0873227],[119.2927615,26.0873782],[119.2927701,26.08738]]]}},{"type":"Feature","id":"way/985164868","properties":{"building":"yes","kind":"building","osmId":"way/985164868","source":"OpenStreetMap","sourceUrl":"https://www.openstreetmap.org/way/985164868","inHistoricCore":true},"geometry":{"type":"Polygon","coordinates":[[[119.2926943,26.0874083],[119.292986,26.08748],[119.2929902,26.0874137],[119.2926972,26.0873812],[119.2926943,26.0874083]]]}},{"type":"Feature","id":"way/985164869","properties":{"building":"yes","kind":"building","osmId":"way/985164869","source":"OpenStreetMap","sourceUrl":"https://www.openstreetmap.org/way/985164869","inHistoricCore":true},"geometry":{"type":"Polygon","coordinates":[[[119.2925817,26.0873843],[119.2926789,26.0874053],[119.292687,26.0873751],[119.2925898,26.087354],[119.2925817,26.0873843]]]}},{"type":"Feature","id":"way/985164870","properties":{"building":"yes","kind":"building","osmId":"way/985164870","source":"OpenStreetMap","sourceUrl":"https://www.openstreetmap.org/way/985164870","inHistoricCore":true},"geometry":{"type":"Polygon","coordinates":[[[119.2925951,26.0872548],[119.2925718,26.0873428],[119.2926791,26.0873657],[119.2927024,26.0872777],[119.2925951,26.0872548]]]}},{"type":"Feature","id":"way/985164871","properties":{"building":"yes","kind":"building","osmId":"way/985164871","source":"OpenStreetMap","sourceUrl":"https://www.openstreetmap.org/way/985164871","inHistoricCore":true},"geometry":{"type":"Polygon","coordinates":[[[119.2924891,26.0873602],[119.2925669,26.0873683],[119.2925823,26.0872497],[119.2925046,26.0872415],[119.2924891,26.0873602]]]}},{"type":"Feature","id":"way/985164872","properties":{"building":"yes","kind":"building","osmId":"way/985164872","source":"OpenStreetMap","sourceUrl":"https://www.openstreetmap.org/way/985164872","inHistoricCore":true},"geometry":{"type":"Polygon","coordinates":[[[119.2925616,26.0870831],[119.2925281,26.0872066],[119.2926877,26.0872415],[119.2927212,26.0871181],[119.2925616,26.0870831]]]}},{"type":"Feature","id":"way/985164873","properties":{"building":"yes","kind":"building","osmId":"way/985164873","source":"OpenStreetMap","sourceUrl":"https://www.openstreetmap.org/way/985164873","inHistoricCore":true},"geometry":{"type":"Polygon","coordinates":[[[119.2925334,26.0869103],[119.2926202,26.0869173],[119.2926309,26.0868095],[119.2925441,26.0868025],[119.2925334,26.0869103]]]}},{"type":"Feature","id":"way/985164874","properties":{"building":"yes","kind":"building","osmId":"way/985164874","source":"OpenStreetMap","sourceUrl":"https://www.openstreetmap.org/way/985164874","inHistoricCore":true},"geometry":{"type":"Polygon","coordinates":[[[119.2922811,26.0869133],[119.29252,26.086935],[119.2925388,26.086768],[119.2923428,26.0867502],[119.2923485,26.0866996],[119.2924426,26.0867081],[119.2924397,26.0867342],[119.2925391,26.0867432],[119.2925442,26.0866978],[119.2923078,26.0866763],[119.2922811,26.0869133]]]}},{"type":"Feature","id":"way/985164875","properties":{"building":"yes","kind":"building","osmId":"way/985164875","source":"OpenStreetMap","sourceUrl":"https://www.openstreetmap.org/way/985164875","inHistoricCore":true},"geometry":{"type":"Polygon","coordinates":[[[119.2922574,26.0871516],[119.2924958,26.0871753],[119.2925156,26.0870148],[119.2922772,26.0869912],[119.2922574,26.0871516]]]}},{"type":"Feature","id":"way/985164876","properties":{"building":"yes","kind":"building","osmId":"way/985164876","source":"OpenStreetMap","sourceUrl":"https://www.openstreetmap.org/way/985164876","inHistoricCore":true},"geometry":{"type":"Polygon","coordinates":[[[119.292239,26.0873331],[119.2924762,26.087359],[119.2924952,26.0872192],[119.2924993,26.0871886],[119.2924603,26.0871843],[119.2924561,26.087215],[119.292258,26.0871933],[119.292239,26.0873331]]]}},{"type":"Feature","id":"way/985164877","properties":{"building":"yes","kind":"building","osmId":"way/985164877","source":"OpenStreetMap","sourceUrl":"https://www.openstreetmap.org/way/985164877","inHistoricCore":true},"geometry":{"type":"Polygon","coordinates":[[[119.292182,26.087035],[119.2922555,26.087043],[119.2922645,26.0869765],[119.2921911,26.0869685],[119.292182,26.087035]]]}},{"type":"Feature","id":"way/985164878","properties":{"building":"yes","kind":"building","osmId":"way/985164878","source":"OpenStreetMap","sourceUrl":"https://www.openstreetmap.org/way/985164878","inHistoricCore":true},"geometry":{"type":"Polygon","coordinates":[[[119.2921599,26.0871265],[119.2922424,26.0871355],[119.2922535,26.0870533],[119.2921711,26.0870442],[119.2921599,26.0871265]]]}},{"type":"Feature","id":"way/985165616","properties":{"building":"yes","kind":"building","osmId":"way/985165616","source":"OpenStreetMap","sourceUrl":"https://www.openstreetmap.org/way/985165616","inHistoricCore":true},"geometry":{"type":"Polygon","coordinates":[[[119.2933749,26.0871343],[119.2934243,26.0871375],[119.2934226,26.0871587],[119.2933545,26.0871543],[119.2933428,26.0873018],[119.2935117,26.0873126],[119.2935235,26.0871651],[119.2934688,26.0871616],[119.2934705,26.0871405],[119.2935175,26.0871435],[119.2935305,26.0869796],[119.2935335,26.0869415],[119.2934977,26.0869392],[119.2934946,26.0869773],[119.2934161,26.0869722],[119.2934192,26.0869332],[119.2933911,26.0869314],[119.293388,26.0869704],[119.2933749,26.0871343]]]}},{"type":"Feature","id":"way/985165620","properties":{"building":"yes","kind":"building","osmId":"way/985165620","source":"OpenStreetMap","sourceUrl":"https://www.openstreetmap.org/way/985165620","inHistoricCore":true},"geometry":{"type":"Polygon","coordinates":[[[119.2939523,26.0876583],[119.2939684,26.0875816],[119.2939449,26.0875776],[119.2939288,26.0876543],[119.2939523,26.0876583]]]}},{"type":"Feature","id":"way/985165621","properties":{"building":"yes","kind":"building","osmId":"way/985165621","source":"OpenStreetMap","sourceUrl":"https://www.openstreetmap.org/way/985165621","inHistoricCore":true},"geometry":{"type":"Polygon","coordinates":[[[119.2937934,26.0876486],[119.2939203,26.0876702],[119.2939342,26.0876041],[119.2938073,26.0875825],[119.2937934,26.0876486]]]}},{"type":"Feature","id":"way/985165622","properties":{"building":"yes","kind":"building","osmId":"way/985165622","source":"OpenStreetMap","sourceUrl":"https://www.openstreetmap.org/way/985165622","inHistoricCore":true},"geometry":{"type":"Polygon","coordinates":[[[119.2937545,26.0876372],[119.2937842,26.0876422],[119.2937954,26.087589],[119.2937657,26.087584],[119.2937545,26.0876372]]]}},{"type":"Feature","id":"way/985165623","properties":{"building":"yes","kind":"building","osmId":"way/985165623","source":"OpenStreetMap","sourceUrl":"https://www.openstreetmap.org/way/985165623","inHistoricCore":true},"geometry":{"type":"Polygon","coordinates":[[[119.2937022,26.0876294],[119.2937415,26.0876361],[119.2937525,26.0875842],[119.2937131,26.0875775],[119.2937022,26.0876294]]]}},{"type":"Feature","id":"way/985165624","properties":{"building":"yes","kind":"building","osmId":"way/985165624","source":"OpenStreetMap","sourceUrl":"https://www.openstreetmap.org/way/985165624","inHistoricCore":true},"geometry":{"type":"Polygon","coordinates":[[[119.2936479,26.0876167],[119.2936916,26.0876242],[119.2937022,26.087574],[119.2936584,26.0875665],[119.2936479,26.0876167]]]}},{"type":"Feature","id":"way/985165625","properties":{"building":"yes","kind":"building","osmId":"way/985165625","source":"OpenStreetMap","sourceUrl":"https://www.openstreetmap.org/way/985165625","inHistoricCore":true},"geometry":{"type":"Polygon","coordinates":[[[119.2935982,26.0876023],[119.2936398,26.0876093],[119.2936499,26.0875613],[119.2936083,26.0875543],[119.2935982,26.0876023]]]}},{"type":"Feature","id":"way/985165626","properties":{"building":"yes","kind":"building","osmId":"way/985165626","source":"OpenStreetMap","sourceUrl":"https://www.openstreetmap.org/way/985165626","inHistoricCore":true},"geometry":{"type":"Polygon","coordinates":[[[119.2935386,26.087592],[119.2935869,26.0876002],[119.2935969,26.0875529],[119.2935485,26.0875447],[119.2935386,26.087592]]]}},{"type":"Feature","id":"way/985165627","properties":{"building":"yes","kind":"building","osmId":"way/985165627","source":"OpenStreetMap","sourceUrl":"https://www.openstreetmap.org/way/985165627","inHistoricCore":true},"geometry":{"type":"Polygon","coordinates":[[[119.2934534,26.0875752],[119.2935278,26.0875878],[119.2935368,26.0875454],[119.2934623,26.0875327],[119.2934534,26.0875752]]]}},{"type":"Feature","id":"way/985165630","properties":{"building":"yes","kind":"building","osmId":"way/985165630","source":"OpenStreetMap","sourceUrl":"https://www.openstreetmap.org/way/985165630","inHistoricCore":true},"geometry":{"type":"Polygon","coordinates":[[[119.2932784,26.0866688],[119.2933729,26.0866742],[119.2933766,26.0866227],[119.2932821,26.0866173],[119.2932563,26.0866158],[119.2932133,26.0872162],[119.2932392,26.0872177],[119.2933405,26.0872236],[119.2933454,26.0871542],[119.2932442,26.0871484],[119.2932455,26.08713],[119.2933629,26.0871367],[119.2933771,26.0869381],[119.2932597,26.0869313],[119.2932623,26.0868945],[119.2933689,26.0869007],[119.2933831,26.0867016],[119.2932765,26.0866955],[119.2932784,26.0866688]]]}},{"type":"Feature","id":"way/985165631","properties":{"building":"yes","kind":"building","osmId":"way/985165631","source":"OpenStreetMap","sourceUrl":"https://www.openstreetmap.org/way/985165631","inHistoricCore":true},"geometry":{"type":"Polygon","coordinates":[[[119.2932335,26.0873463],[119.2933219,26.087352],[119.2933313,26.0872333],[119.2932428,26.0872277],[119.2932335,26.0873463]]]}},{"type":"Feature","id":"way/985165632","properties":{"building":"yes","kind":"building","osmId":"way/985165632","source":"OpenStreetMap","sourceUrl":"https://www.openstreetmap.org/way/985165632","inHistoricCore":true},"geometry":{"type":"Polygon","coordinates":[[[119.2933002,26.0874695],[119.2933112,26.0873647],[119.2932361,26.0873583],[119.2932251,26.0874631],[119.2933002,26.0874695]]]}},{"type":"Feature","id":"way/985165633","properties":{"building":"yes","kind":"building","osmId":"way/985165633","source":"OpenStreetMap","sourceUrl":"https://www.openstreetmap.org/way/985165633","inHistoricCore":true},"geometry":{"type":"Polygon","coordinates":[[[119.2932019,26.0875222],[119.2932931,26.0875384],[119.2933065,26.0874782],[119.2932153,26.0874619],[119.2932019,26.0875222]]]}},{"type":"Feature","id":"way/985166815","properties":{"building":"yes","kind":"building","osmId":"way/985166815","source":"OpenStreetMap","sourceUrl":"https://www.openstreetmap.org/way/985166815","inHistoricCore":true},"geometry":{"type":"Polygon","coordinates":[[[119.2942815,26.0867013],[119.2943265,26.0867049],[119.294331,26.0866589],[119.2942861,26.0866553],[119.2942815,26.0867013]]]}},{"type":"Feature","id":"way/985166816","properties":{"building":"yes","kind":"building","osmId":"way/985166816","source":"OpenStreetMap","sourceUrl":"https://www.openstreetmap.org/way/985166816","inHistoricCore":true},"geometry":{"type":"Polygon","coordinates":[[[119.2942534,26.0869103],[119.2943297,26.0869192],[119.2943491,26.0867843],[119.2942728,26.0867754],[119.2942534,26.0869103]]]}},{"type":"Feature","id":"way/985166817","properties":{"building":"yes","kind":"building","osmId":"way/985166817","source":"OpenStreetMap","sourceUrl":"https://www.openstreetmap.org/way/985166817","inHistoricCore":true},"geometry":{"type":"Polygon","coordinates":[[[119.2942413,26.0869886],[119.2943137,26.0869976],[119.2943225,26.0869406],[119.2942501,26.0869315],[119.2942413,26.0869886]]]}},{"type":"Feature","id":"way/985166820","properties":{"building":"yes","kind":"building","osmId":"way/985166820","source":"OpenStreetMap","sourceUrl":"https://www.openstreetmap.org/way/985166820","inHistoricCore":true},"geometry":{"type":"Polygon","coordinates":[[[119.294071,26.086605],[119.2940624,26.0866601],[119.2942743,26.0866865],[119.2942829,26.0866315],[119.294071,26.086605]]]}},{"type":"Feature","id":"way/985166821","properties":{"building":"yes","kind":"building","osmId":"way/985166821","source":"OpenStreetMap","sourceUrl":"https://www.openstreetmap.org/way/985166821","inHistoricCore":true},"geometry":{"type":"Polygon","coordinates":[[[119.2939825,26.0866628],[119.2940418,26.0866647],[119.2940442,26.0866074],[119.2939848,26.0866054],[119.2939825,26.0866628]]]}},{"type":"Feature","id":"way/985166822","properties":{"building":"yes","kind":"building","osmId":"way/985166822","source":"OpenStreetMap","sourceUrl":"https://www.openstreetmap.org/way/985166822","inHistoricCore":true},"geometry":{"type":"Polygon","coordinates":[[[119.2938316,26.0868374],[119.2938363,26.0867207],[119.2937766,26.0867188],[119.2937718,26.0868355],[119.2938316,26.0868374]]]}},{"type":"Feature","id":"way/985166823","properties":{"building":"yes","kind":"building","osmId":"way/985166823","source":"OpenStreetMap","sourceUrl":"https://www.openstreetmap.org/way/985166823","inHistoricCore":true},"geometry":{"type":"Polygon","coordinates":[[[119.2937618,26.0868326],[119.2937659,26.0867335],[119.2937469,26.0867329],[119.2937478,26.0867112],[119.2937668,26.0867119],[119.2937707,26.0866147],[119.2936566,26.086611],[119.2936477,26.0868289],[119.2937618,26.0868326]]]}},{"type":"Feature","id":"way/985166824","properties":{"building":"yes","kind":"building","osmId":"way/985166824","source":"OpenStreetMap","sourceUrl":"https://www.openstreetmap.org/way/985166824","inHistoricCore":true},"geometry":{"type":"Polygon","coordinates":[[[119.2935459,26.0867953],[119.2936392,26.0867983],[119.2936473,26.0866008],[119.293554,26.0865977],[119.2935459,26.0867953]]]}},{"type":"Feature","id":"way/985166825","properties":{"building":"yes","kind":"building","osmId":"way/985166825","source":"OpenStreetMap","sourceUrl":"https://www.openstreetmap.org/way/985166825","inHistoricCore":true},"geometry":{"type":"Polygon","coordinates":[[[119.2940086,26.0867989],[119.2940167,26.0867209],[119.2938544,26.0867073],[119.2938463,26.0867853],[119.2938408,26.0868387],[119.2938825,26.0868422],[119.2938881,26.0867888],[119.2940086,26.0867989]]]}},{"type":"Feature","id":"way/985166826","properties":{"building":"yes","kind":"building","osmId":"way/985166826","source":"OpenStreetMap","sourceUrl":"https://www.openstreetmap.org/way/985166826","inHistoricCore":true},"geometry":{"type":"Polygon","coordinates":[[[119.2940146,26.0868386],[119.2940459,26.0868412],[119.2940556,26.0867483],[119.2940243,26.0867457],[119.2940146,26.0868386]]]}},{"type":"Feature","id":"way/985166827","properties":{"building":"yes","kind":"building","osmId":"way/985166827","source":"OpenStreetMap","sourceUrl":"https://www.openstreetmap.org/way/985166827","inHistoricCore":true},"geometry":{"type":"Polygon","coordinates":[[[119.2940026,26.0869091],[119.2940357,26.0869119],[119.2940415,26.0868561],[119.2940084,26.0868533],[119.2940026,26.0869091]]]}},{"type":"Feature","id":"way/985166828","properties":{"building":"yes","kind":"building","osmId":"way/985166828","source":"OpenStreetMap","sourceUrl":"https://www.openstreetmap.org/way/985166828","inHistoricCore":true},"geometry":{"type":"Polygon","coordinates":[[[119.2939925,26.0870145],[119.2940243,26.0870171],[119.2940343,26.0869202],[119.2940026,26.0869175],[119.2939925,26.0870145]]]}},{"type":"Feature","id":"way/985166831","properties":{"building":"yes","kind":"building","osmId":"way/985166831","source":"OpenStreetMap","sourceUrl":"https://www.openstreetmap.org/way/985166831","inHistoricCore":true},"geometry":{"type":"Polygon","coordinates":[[[119.2937491,26.0869964],[119.293858,26.0870011],[119.2938661,26.0868493],[119.2937572,26.0868447],[119.2937491,26.0869964]]]}},{"type":"Feature","id":"way/985166832","properties":{"building":"yes","kind":"building","osmId":"way/985166832","source":"OpenStreetMap","sourceUrl":"https://www.openstreetmap.org/way/985166832","inHistoricCore":true},"geometry":{"type":"Polygon","coordinates":[[[119.2936418,26.086997],[119.2937327,26.0870006],[119.2937394,26.0868627],[119.2936485,26.0868591],[119.2936418,26.086997]]]}},{"type":"Feature","id":"way/985166833","properties":{"building":"yes","kind":"building","osmId":"way/985166833","source":"OpenStreetMap","sourceUrl":"https://www.openstreetmap.org/way/985166833","inHistoricCore":true},"geometry":{"type":"Polygon","coordinates":[[[119.2935392,26.0870109],[119.2935861,26.0870114],[119.2935864,26.0869908],[119.293634,26.0869914],[119.2936357,26.0868668],[119.2935412,26.0868657],[119.2935392,26.0870109]]]}},{"type":"Feature","id":"way/985166834","properties":{"building":"yes","kind":"building","osmId":"way/985166834","source":"OpenStreetMap","sourceUrl":"https://www.openstreetmap.org/way/985166834","inHistoricCore":true},"geometry":{"type":"Polygon","coordinates":[[[119.2935526,26.0871066],[119.2937312,26.0871313],[119.2937437,26.0870578],[119.2935652,26.0870332],[119.2935526,26.0871066]]]}},{"type":"Feature","id":"way/985166835","properties":{"building":"yes","kind":"building","osmId":"way/985166835","source":"OpenStreetMap","sourceUrl":"https://www.openstreetmap.org/way/985166835","inHistoricCore":true},"geometry":{"type":"Polygon","coordinates":[[[119.2935345,26.0872626],[119.2937089,26.0872867],[119.293734,26.08714],[119.2935597,26.0871159],[119.2935345,26.0872626]]]}},{"type":"Feature","id":"way/985166836","properties":{"building":"yes","kind":"building","osmId":"way/985166836","source":"OpenStreetMap","sourceUrl":"https://www.openstreetmap.org/way/985166836","inHistoricCore":true},"geometry":{"type":"Polygon","coordinates":[[[119.2940861,26.0871385],[119.2940804,26.0871735],[119.2941277,26.0871797],[119.2941335,26.0871447],[119.2942009,26.0871536],[119.2942279,26.0869886],[119.2940369,26.0869634],[119.2940099,26.0871284],[119.2940039,26.087165],[119.2940442,26.0871704],[119.2940502,26.0871337],[119.2940861,26.0871385]]]}},{"type":"Feature","id":"way/985166837","properties":{"building":"yes","kind":"building","osmId":"way/985166837","source":"OpenStreetMap","sourceUrl":"https://www.openstreetmap.org/way/985166837","inHistoricCore":true},"geometry":{"type":"Polygon","coordinates":[[[119.2939804,26.0871711],[119.2940017,26.087041],[119.2939241,26.0870307],[119.2939028,26.0871608],[119.2939804,26.0871711]]]}},{"type":"Feature","id":"way/985166838","properties":{"building":"yes","kind":"building","osmId":"way/985166838","source":"OpenStreetMap","sourceUrl":"https://www.openstreetmap.org/way/985166838","inHistoricCore":true},"geometry":{"type":"Polygon","coordinates":[[[119.2938946,26.0873084],[119.2940398,26.0873275],[119.2940589,26.0872108],[119.2939137,26.0871916],[119.2938946,26.0873084]]]}},{"type":"Feature","id":"way/985166844","properties":{"building":"yes","kind":"building","osmId":"way/985166844","source":"OpenStreetMap","sourceUrl":"https://www.openstreetmap.org/way/985166844","inHistoricCore":true},"geometry":{"type":"Polygon","coordinates":[[[119.2939013,26.0873668],[119.2940703,26.0873955],[119.294081,26.0873445],[119.2939121,26.0873158],[119.2939013,26.0873668]]]}},{"type":"Feature","id":"way/985166847","properties":{"building":"yes","kind":"building","osmId":"way/985166847","source":"OpenStreetMap","sourceUrl":"https://www.openstreetmap.org/way/985166847","inHistoricCore":true},"geometry":{"type":"Polygon","coordinates":[[[119.2938162,26.0875457],[119.2938722,26.0875552],[119.2938986,26.0874294],[119.2938427,26.0874199],[119.2938162,26.0875457]]]}},{"type":"Feature","id":"way/985166848","properties":{"building":"yes","kind":"building","osmId":"way/985166848","source":"OpenStreetMap","sourceUrl":"https://www.openstreetmap.org/way/985166848","inHistoricCore":true},"geometry":{"type":"Polygon","coordinates":[[[119.293672,26.0875565],[119.2937991,26.0875781],[119.2938376,26.0873951],[119.2937105,26.0873735],[119.293672,26.0875565]]]}},{"type":"Feature","id":"way/985168370","properties":{"building":"yes","kind":"building","osmId":"way/985168370","source":"OpenStreetMap","sourceUrl":"https://www.openstreetmap.org/way/985168370","inHistoricCore":true},"geometry":{"type":"Polygon","coordinates":[[[119.2925542,26.0859082],[119.2925869,26.085914],[119.2926072,26.0858232],[119.2925744,26.0858174],[119.2925542,26.0859082]]]}},{"type":"Feature","id":"way/985168371","properties":{"building":"yes","kind":"building","osmId":"way/985168371","source":"OpenStreetMap","sourceUrl":"https://www.openstreetmap.org/way/985168371","inHistoricCore":true},"geometry":{"type":"Polygon","coordinates":[[[119.2925428,26.0861214],[119.2925876,26.0859205],[119.2925542,26.0859145],[119.2925094,26.0861153],[119.2925428,26.0861214]]]}},{"type":"Feature","id":"way/985168372","properties":{"building":"yes","kind":"building","osmId":"way/985168372","source":"OpenStreetMap","sourceUrl":"https://www.openstreetmap.org/way/985168372","inHistoricCore":true},"geometry":{"type":"Polygon","coordinates":[[[119.2925455,26.0861268],[119.2926836,26.0861516],[119.2927553,26.08583],[119.2926172,26.0858052],[119.2925455,26.0861268]]]}},{"type":"Feature","id":"way/985168373","properties":{"building":"yes","kind":"building","osmId":"way/985168373","source":"OpenStreetMap","sourceUrl":"https://www.openstreetmap.org/way/985168373","inHistoricCore":true},"geometry":{"type":"Polygon","coordinates":[[[119.2925247,26.0862689],[119.2926588,26.0862852],[119.2926775,26.0861608],[119.2925434,26.0861445],[119.2925247,26.0862689]]]}},{"type":"Feature","id":"way/985168374","properties":{"building":"yes","kind":"building","osmId":"way/985168374","source":"OpenStreetMap","sourceUrl":"https://www.openstreetmap.org/way/985168374","inHistoricCore":true},"geometry":{"type":"Polygon","coordinates":[[[119.2923886,26.0863056],[119.2925014,26.0863191],[119.2925302,26.0861246],[119.2924174,26.0861111],[119.2923886,26.0863056]]]}},{"type":"Feature","id":"way/985168375","properties":{"building":"yes","kind":"building","osmId":"way/985168375","source":"OpenStreetMap","sourceUrl":"https://www.openstreetmap.org/way/985168375","inHistoricCore":true},"geometry":{"type":"Polygon","coordinates":[[[119.2922303,26.0864863],[119.2922603,26.0864887],[119.2922727,26.0863622],[119.2922427,26.0863598],[119.2922303,26.0864863]]]}},{"type":"Feature","id":"way/985168378","properties":{"building":"yes","kind":"building","osmId":"way/985168378","source":"OpenStreetMap","sourceUrl":"https://www.openstreetmap.org/way/985168378","inHistoricCore":true},"geometry":{"type":"Polygon","coordinates":[[[119.2925978,26.0855775],[119.2926364,26.0854121],[119.2925394,26.0853938],[119.2925008,26.0855592],[119.2925978,26.0855775]]]}},{"type":"Feature","id":"way/985168379","properties":{"building":"yes","kind":"building","osmId":"way/985168379","source":"OpenStreetMap","sourceUrl":"https://www.openstreetmap.org/way/985168379","inHistoricCore":true},"geometry":{"type":"Polygon","coordinates":[[[119.2924684,26.0856787],[119.2925691,26.0856977],[119.2925944,26.0855896],[119.2924936,26.0855706],[119.2924684,26.0856787]]]}},{"type":"Feature","id":"way/985168380","properties":{"building":"yes","kind":"building","osmId":"way/985168380","source":"OpenStreetMap","sourceUrl":"https://www.openstreetmap.org/way/985168380","inHistoricCore":true},"geometry":{"type":"Polygon","coordinates":[[[119.2925448,26.0858046],[119.2925673,26.0857085],[119.292467,26.0856895],[119.2924445,26.0857857],[119.2925448,26.0858046]]]}},{"type":"Feature","id":"way/985168381","properties":{"building":"yes","kind":"building","osmId":"way/985168381","source":"OpenStreetMap","sourceUrl":"https://www.openstreetmap.org/way/985168381","inHistoricCore":true},"geometry":{"type":"Polygon","coordinates":[[[119.2920908,26.0857191],[119.2923031,26.0857591],[119.2923976,26.0853549],[119.2924254,26.0853601],[119.2924443,26.0852797],[119.2924164,26.0852744],[119.2922042,26.0852344],[119.2920908,26.0857191]]]}},{"type":"Feature","id":"way/985168382","properties":{"building":"yes","kind":"building","osmId":"way/985168382","source":"OpenStreetMap","sourceUrl":"https://www.openstreetmap.org/way/985168382","inHistoricCore":true},"geometry":{"type":"Polygon","coordinates":[[[119.2924764,26.0852963],[119.2924503,26.0852914],[119.2924442,26.0853174],[119.2924306,26.0853757],[119.29253,26.0853944],[119.2925437,26.0853361],[119.2924764,26.0852963]]]}},{"type":"Feature","id":"way/985168383","properties":{"building":"yes","kind":"building","osmId":"way/985168383","source":"OpenStreetMap","sourceUrl":"https://www.openstreetmap.org/way/985168383","inHistoricCore":true},"geometry":{"type":"Polygon","coordinates":[[[119.2923691,26.0855372],[119.2924913,26.0855602],[119.29253,26.0853944],[119.2924306,26.0853757],[119.2924079,26.0853714],[119.2923691,26.0855372]]]}},{"type":"Feature","id":"way/985168384","properties":{"building":"yes","kind":"building","osmId":"way/985168384","source":"OpenStreetMap","sourceUrl":"https://www.openstreetmap.org/way/985168384","inHistoricCore":true},"geometry":{"type":"Polygon","coordinates":[[[119.292459,26.0856775],[119.2924844,26.0855687],[119.2923651,26.0855462],[119.2923396,26.085655],[119.292459,26.0856775]]]}},{"type":"Feature","id":"way/985168385","properties":{"building":"yes","kind":"building","osmId":"way/985168385","source":"OpenStreetMap","sourceUrl":"https://www.openstreetmap.org/way/985168385","inHistoricCore":true},"geometry":{"type":"Polygon","coordinates":[[[119.2923155,26.0857618],[119.2924355,26.0857845],[119.2924583,26.0856871],[119.2923382,26.0856645],[119.2923155,26.0857618]]]}},{"type":"Feature","id":"way/985168386","properties":{"building":"yes","kind":"building","osmId":"way/985168386","source":"OpenStreetMap","sourceUrl":"https://www.openstreetmap.org/way/985168386","inHistoricCore":true},"geometry":{"type":"Polygon","coordinates":[[[119.2924278,26.0858612],[119.2924228,26.0858835],[119.2924168,26.0859097],[119.2924606,26.0859177],[119.2924649,26.0858988],[119.2924665,26.0858915],[119.2925497,26.0859067],[119.2925547,26.0858844],[119.2925703,26.085816],[119.2921819,26.0857448],[119.2921664,26.0858132],[119.2923886,26.085854],[119.2924278,26.0858612]]]}},{"type":"Feature","id":"way/985168387","properties":{"building":"yes","kind":"building","osmId":"way/985168387","source":"OpenStreetMap","sourceUrl":"https://www.openstreetmap.org/way/985168387","inHistoricCore":true},"geometry":{"type":"Polygon","coordinates":[[[119.2920773,26.0857969],[119.2921664,26.0858132],[119.2921819,26.0857448],[119.292093,26.085728],[119.2920773,26.0857969]]]}},{"type":"Feature","id":"way/985168388","properties":{"building":"yes","kind":"building","osmId":"way/985168388","source":"OpenStreetMap","sourceUrl":"https://www.openstreetmap.org/way/985168388","inHistoricCore":true},"geometry":{"type":"Polygon","coordinates":[[[119.2924221,26.086087],[119.292506,26.0861024],[119.2925488,26.0859142],[119.2924649,26.0858988],[119.2924606,26.0859177],[119.2924221,26.086087]]]}},{"type":"Feature","id":"way/985168389","properties":{"building":"yes","kind":"building","osmId":"way/985168389","source":"OpenStreetMap","sourceUrl":"https://www.openstreetmap.org/way/985168389","inHistoricCore":true},"geometry":{"type":"Polygon","coordinates":[[[119.2920605,26.0858711],[119.2923717,26.0859282],[119.2923886,26.085854],[119.2921664,26.0858132],[119.2920773,26.0857969],[119.2920605,26.0858711]]]}},{"type":"Feature","id":"way/985168390","properties":{"building":"yes","kind":"building","osmId":"way/985168390","source":"OpenStreetMap","sourceUrl":"https://www.openstreetmap.org/way/985168390","inHistoricCore":true},"geometry":{"type":"Polygon","coordinates":[[[119.2920278,26.0860148],[119.292412,26.0860852],[119.2924447,26.0859416],[119.2923717,26.0859282],[119.2920605,26.0858711],[119.2920278,26.0860148]]]}},{"type":"Feature","id":"way/985168391","properties":{"building":"yes","kind":"building","osmId":"way/985168391","source":"OpenStreetMap","sourceUrl":"https://www.openstreetmap.org/way/985168391","inHistoricCore":true},"geometry":{"type":"Polygon","coordinates":[[[119.2923939,26.0861611],[119.2924085,26.0860952],[119.2923637,26.0860872],[119.2923491,26.0861531],[119.2923939,26.0861611]]]}},{"type":"Feature","id":"way/985168392","properties":{"building":"yes","kind":"building","osmId":"way/985168392","source":"OpenStreetMap","sourceUrl":"https://www.openstreetmap.org/way/985168392","inHistoricCore":true},"geometry":{"type":"Polygon","coordinates":[[[119.2922638,26.086069],[119.2922338,26.0862047],[119.2923302,26.0862219],[119.2923603,26.0860862],[119.2922638,26.086069]]]}},{"type":"Feature","id":"way/985168393","properties":{"building":"yes","kind":"building","osmId":"way/985168393","source":"OpenStreetMap","sourceUrl":"https://www.openstreetmap.org/way/985168393","inHistoricCore":true},"geometry":{"type":"Polygon","coordinates":[[[119.2921512,26.0861882],[119.2922276,26.0862018],[119.2922571,26.0860684],[119.2921807,26.0860547],[119.2921512,26.0861882]]]}},{"type":"Feature","id":"way/985168394","properties":{"building":"yes","kind":"building","osmId":"way/985168394","source":"OpenStreetMap","sourceUrl":"https://www.openstreetmap.org/way/985168394","inHistoricCore":true},"geometry":{"type":"Polygon","coordinates":[[[119.2922819,26.086284],[119.2922959,26.0862208],[119.2921505,26.0861948],[119.2921365,26.086258],[119.2922819,26.086284]]]}},{"type":"Feature","id":"way/985168395","properties":{"building":"yes","kind":"building","osmId":"way/985168395","source":"OpenStreetMap","sourceUrl":"https://www.openstreetmap.org/way/985168395","inHistoricCore":true},"geometry":{"type":"Polygon","coordinates":[[[119.2919896,26.0862274],[119.2921299,26.0862524],[119.292174,26.0860533],[119.2920337,26.0860282],[119.2919896,26.0862274]]]}},{"type":"Feature","id":"way/985168396","properties":{"building":"yes","kind":"building","osmId":"way/985168396","source":"OpenStreetMap","sourceUrl":"https://www.openstreetmap.org/way/985168396","inHistoricCore":true},"geometry":{"type":"Polygon","coordinates":[[[119.2922223,26.0864273],[119.2922486,26.0863084],[119.2922028,26.0863002],[119.2921765,26.0864191],[119.2922223,26.0864273]]]}},{"type":"Feature","id":"way/985168397","properties":{"building":"yes","kind":"building","osmId":"way/985168397","source":"OpenStreetMap","sourceUrl":"https://www.openstreetmap.org/way/985168397","inHistoricCore":true},"geometry":{"type":"Polygon","coordinates":[[[119.2922202,26.086564],[119.2922538,26.086567],[119.2922587,26.086523],[119.2922252,26.0865199],[119.2922202,26.086564]]]}},{"type":"Feature","id":"way/985168398","properties":{"building":"yes","kind":"building","osmId":"way/985168398","source":"OpenStreetMap","sourceUrl":"https://www.openstreetmap.org/way/985168398","inHistoricCore":true},"geometry":{"type":"Polygon","coordinates":[[[119.2921505,26.0865586],[119.2922102,26.0865646],[119.2922145,26.0865299],[119.2921549,26.0865238],[119.2921505,26.0865586]]]}},{"type":"Feature","id":"way/985168399","properties":{"building":"yes","kind":"building","osmId":"way/985168399","source":"OpenStreetMap","sourceUrl":"https://www.openstreetmap.org/way/985168399","inHistoricCore":true},"geometry":{"type":"Polygon","coordinates":[[[119.2920768,26.0865327],[119.2921384,26.0865441],[119.2921484,26.0865008],[119.2920867,26.0864894],[119.2920768,26.0865327]]]}},{"type":"Feature","id":"way/985168400","properties":{"building":"yes","kind":"building","osmId":"way/985168400","source":"OpenStreetMap","sourceUrl":"https://www.openstreetmap.org/way/985168400","inHistoricCore":true},"geometry":{"type":"Polygon","coordinates":[[[119.2919272,26.0864502],[119.2921532,26.0864905],[119.2922015,26.0862725],[119.2919755,26.0862322],[119.2919272,26.0864502]]]}},{"type":"Feature","id":"way/985168401","properties":{"building":"yes","kind":"building","osmId":"way/985168401","source":"OpenStreetMap","sourceUrl":"https://www.openstreetmap.org/way/985168401","inHistoricCore":true},"geometry":{"type":"Polygon","coordinates":[[[119.2919728,26.0865351],[119.2920667,26.0865471],[119.2920764,26.086486],[119.2919825,26.086474],[119.2919728,26.0865351]]]}},{"type":"Feature","id":"way/985170156","properties":{"building":"yes","kind":"building","osmId":"way/985170156","source":"OpenStreetMap","sourceUrl":"https://www.openstreetmap.org/way/985170156","inHistoricCore":true},"geometry":{"type":"Polygon","coordinates":[[[119.2933394,26.0858817],[119.2933914,26.0858947],[119.2934004,26.0858657],[119.2934891,26.085888],[119.2935089,26.0858246],[119.293438,26.0858067],[119.2934426,26.0857922],[119.2934755,26.0858004],[119.2934813,26.0857818],[119.2934184,26.085766],[119.2934121,26.0857863],[119.2933723,26.0857763],[119.2933394,26.0858817]]]}},{"type":"Feature","id":"way/985170157","properties":{"building":"yes","kind":"building","osmId":"way/985170157","source":"OpenStreetMap","sourceUrl":"https://www.openstreetmap.org/way/985170157","inHistoricCore":true},"geometry":{"type":"Polygon","coordinates":[[[119.2932723,26.0858564],[119.2933304,26.0858717],[119.2933572,26.0857898],[119.2932992,26.0857745],[119.2932723,26.0858564]]]}},{"type":"Feature","id":"way/985170158","properties":{"building":"yes","kind":"building","osmId":"way/985170158","source":"OpenStreetMap","sourceUrl":"https://www.openstreetmap.org/way/985170158","inHistoricCore":true},"geometry":{"type":"Polygon","coordinates":[[[119.293507,26.0857341],[119.2936237,26.08576],[119.2936419,26.0856939],[119.2935252,26.085668],[119.293507,26.0857341]]]}},{"type":"Feature","id":"way/985170159","properties":{"building":"yes","kind":"building","osmId":"way/985170159","source":"OpenStreetMap","sourceUrl":"https://www.openstreetmap.org/way/985170159","inHistoricCore":true},"geometry":{"type":"Polygon","coordinates":[[[119.2934909,26.0857594],[119.2935151,26.0856691],[119.293472,26.0856598],[119.2934479,26.0857501],[119.2934909,26.0857594]]]}},{"type":"Feature","id":"way/985170160","properties":{"building":"yes","kind":"building","osmId":"way/985170160","source":"OpenStreetMap","sourceUrl":"https://www.openstreetmap.org/way/985170160","inHistoricCore":true},"geometry":{"type":"Polygon","coordinates":[[[119.2934896,26.0857913],[119.2935309,26.0858],[119.2935436,26.0857512],[119.2935023,26.0857425],[119.2934896,26.0857913]]]}},{"type":"Feature","id":"way/985170161","properties":{"building":"yes","kind":"building","osmId":"way/985170161","source":"OpenStreetMap","sourceUrl":"https://www.openstreetmap.org/way/985170161","inHistoricCore":true},"geometry":{"type":"Polygon","coordinates":[[[119.293507,26.0858853],[119.2935725,26.0859025],[119.2936063,26.0857992],[119.2935408,26.0857819],[119.293507,26.0858853]]]}},{"type":"Feature","id":"way/985170162","properties":{"building":"yes","kind":"building","osmId":"way/985170162","source":"OpenStreetMap","sourceUrl":"https://www.openstreetmap.org/way/985170162","inHistoricCore":true},"geometry":{"type":"Polygon","coordinates":[[[119.2934735,26.0860136],[119.2935307,26.0860286],[119.2935667,26.0859184],[119.2935095,26.0859033],[119.2934735,26.0860136]]]}},{"type":"Feature","id":"way/985170163","properties":{"building":"yes","kind":"building","osmId":"way/985170163","source":"OpenStreetMap","sourceUrl":"https://www.openstreetmap.org/way/985170163","inHistoricCore":true},"geometry":{"type":"Polygon","coordinates":[[[119.2933796,26.085978],[119.293466,26.0860008],[119.2934956,26.08591],[119.2934093,26.0858872],[119.2933796,26.085978]]]}},{"type":"Feature","id":"way/985170164","properties":{"building":"yes","kind":"building","osmId":"way/985170164","source":"OpenStreetMap","sourceUrl":"https://www.openstreetmap.org/way/985170164","inHistoricCore":true},"geometry":{"type":"Polygon","coordinates":[[[119.2933354,26.0857427],[119.2934282,26.0857671],[119.2934724,26.0856316],[119.2933797,26.0856072],[119.2933354,26.0857427]]]}},{"type":"Feature","id":"way/985170165","properties":{"building":"yes","kind":"building","osmId":"way/985170165","source":"OpenStreetMap","sourceUrl":"https://www.openstreetmap.org/way/985170165","inHistoricCore":true},"geometry":{"type":"Polygon","coordinates":[[[119.2932314,26.0857118],[119.2933333,26.0857387],[119.2933776,26.0856032],[119.2932757,26.0855763],[119.2932314,26.0857118]]]}},{"type":"Feature","id":"way/985170169","properties":{"building":"yes","kind":"building","osmId":"way/985170169","source":"OpenStreetMap","sourceUrl":"https://www.openstreetmap.org/way/985170169","inHistoricCore":true},"geometry":{"type":"Polygon","coordinates":[[[119.2932381,26.0859883],[119.2933515,26.0860136],[119.2933741,26.0859316],[119.2932608,26.0859063],[119.2932381,26.0859883]]]}},{"type":"Feature","id":"way/985170170","properties":{"building":"yes","kind":"building","osmId":"way/985170170","source":"OpenStreetMap","sourceUrl":"https://www.openstreetmap.org/way/985170170","inHistoricCore":true},"geometry":{"type":"Polygon","coordinates":[[[119.2933515,26.0860394],[119.2933977,26.0860509],[119.2934104,26.0860098],[119.2933641,26.0859983],[119.2933515,26.0860394]]]}},{"type":"Feature","id":"way/985170171","properties":{"building":"yes","kind":"building","osmId":"way/985170171","source":"OpenStreetMap","sourceUrl":"https://www.openstreetmap.org/way/985170171","inHistoricCore":true},"geometry":{"type":"Polygon","coordinates":[[[119.2930564,26.0858473],[119.293154,26.0858717],[119.2932116,26.0856856],[119.2931141,26.0856612],[119.2930564,26.0858473]]]}},{"type":"Feature","id":"way/985170172","properties":{"building":"yes","kind":"building","osmId":"way/985170172","source":"OpenStreetMap","sourceUrl":"https://www.openstreetmap.org/way/985170172","inHistoricCore":true},"geometry":{"type":"Polygon","coordinates":[[[119.2930672,26.0856353],[119.2932267,26.0856787],[119.2932627,26.085572],[119.2931031,26.0855286],[119.2930672,26.0856353]]]}},{"type":"Feature","id":"way/985170181","properties":{"building":"yes","kind":"building","osmId":"way/985170181","source":"OpenStreetMap","sourceUrl":"https://www.openstreetmap.org/way/985170181","inHistoricCore":true},"geometry":{"type":"Polygon","coordinates":[[[119.2930222,26.0859696],[119.293115,26.0859916],[119.2931425,26.0858983],[119.2930497,26.0858762],[119.2930222,26.0859696]]]}},{"type":"Feature","id":"way/985170182","properties":{"building":"yes","kind":"building","osmId":"way/985170182","source":"OpenStreetMap","sourceUrl":"https://www.openstreetmap.org/way/985170182","inHistoricCore":true},"geometry":{"type":"Polygon","coordinates":[[[119.2933166,26.0862129],[119.2933262,26.0861707],[119.2932142,26.0861502],[119.2932046,26.0861924],[119.2933166,26.0862129]]]}},{"type":"Feature","id":"way/985170183","properties":{"building":"yes","kind":"building","osmId":"way/985170183","source":"OpenStreetMap","sourceUrl":"https://www.openstreetmap.org/way/985170183","inHistoricCore":true},"geometry":{"type":"Polygon","coordinates":[[[119.2933884,26.0861051],[119.2934956,26.0861346],[119.2935234,26.0860531],[119.2934161,26.0860236],[119.2933884,26.0861051]]]}},{"type":"Feature","id":"way/985170184","properties":{"building":"yes","kind":"building","osmId":"way/985170184","source":"OpenStreetMap","sourceUrl":"https://www.openstreetmap.org/way/985170184","inHistoricCore":true},"geometry":{"type":"Polygon","coordinates":[[[119.2932623,26.0861491],[119.2933495,26.0861689],[119.2933819,26.0860541],[119.2932947,26.0860342],[119.2932623,26.0861491]]]}},{"type":"Feature","id":"way/985170185","properties":{"building":"yes","kind":"building","osmId":"way/985170185","source":"OpenStreetMap","sourceUrl":"https://www.openstreetmap.org/way/985170185","inHistoricCore":true},"geometry":{"type":"Polygon","coordinates":[[[119.2933441,26.0862213],[119.2934681,26.0862551],[119.2934978,26.0861672],[119.2933737,26.0861335],[119.2933441,26.0862213]]]}},{"type":"Feature","id":"way/985170186","properties":{"building":"yes","kind":"building","osmId":"way/985170186","source":"OpenStreetMap","sourceUrl":"https://www.openstreetmap.org/way/985170186","inHistoricCore":true},"geometry":{"type":"Polygon","coordinates":[[[119.2933682,26.0863797],[119.2934712,26.0863814],[119.2934728,26.0862996],[119.2933699,26.0862979],[119.2933682,26.0863797]]]}},{"type":"Feature","id":"way/985170187","properties":{"building":"yes","kind":"building","osmId":"way/985170187","source":"OpenStreetMap","sourceUrl":"https://www.openstreetmap.org/way/985170187","inHistoricCore":true},"geometry":{"type":"Polygon","coordinates":[[[119.2934008,26.0865122],[119.2934678,26.0865134],[119.29347,26.0864073],[119.293403,26.0864062],[119.2934032,26.086396],[119.2933676,26.0863954],[119.2933642,26.086558],[119.2933999,26.0865586],[119.2934008,26.0865122]]]}},{"type":"Feature","id":"way/985170190","properties":{"building":"yes","kind":"building","osmId":"way/985170190","source":"OpenStreetMap","sourceUrl":"https://www.openstreetmap.org/way/985170190","inHistoricCore":true},"geometry":{"type":"Polygon","coordinates":[[[119.2931925,26.0863099],[119.2933574,26.0863135],[119.2933595,26.0862376],[119.2931946,26.0862339],[119.2931925,26.0863099]]]}},{"type":"Feature","id":"way/985170191","properties":{"building":"yes","kind":"building","osmId":"way/985170191","source":"OpenStreetMap","sourceUrl":"https://www.openstreetmap.org/way/985170191","inHistoricCore":true},"geometry":{"type":"Polygon","coordinates":[[[119.2932321,26.0865616],[119.2933562,26.0865644],[119.2933622,26.0863448],[119.2932382,26.086342],[119.2932321,26.0865616]]]}},{"type":"Feature","id":"way/985170192","properties":{"building":"yes","kind":"building","osmId":"way/985170192","source":"OpenStreetMap","sourceUrl":"https://www.openstreetmap.org/way/985170192","inHistoricCore":true},"geometry":{"type":"Polygon","coordinates":[[[119.2931785,26.0865616],[119.2932238,26.0865626],[119.2932294,26.0863568],[119.2931841,26.0863558],[119.2931785,26.0865616]]]}},{"type":"Feature","id":"way/985170195","properties":{"building":"yes","kind":"building","osmId":"way/985170195","source":"OpenStreetMap","sourceUrl":"https://www.openstreetmap.org/way/985170195","inHistoricCore":true},"geometry":{"type":"Polygon","coordinates":[[[119.2930269,26.0859094],[119.2930429,26.0858579],[119.2928941,26.0858206],[119.2928781,26.085872],[119.2930269,26.0859094]]]}},{"type":"Feature","id":"way/985170196","properties":{"building":"yes","kind":"building","osmId":"way/985170196","source":"OpenStreetMap","sourceUrl":"https://www.openstreetmap.org/way/985170196","inHistoricCore":true},"geometry":{"type":"Polygon","coordinates":[[[119.2927922,26.0858485],[119.2928651,26.0858663],[119.292912,26.0857109],[119.2928392,26.0856932],[119.2927922,26.0858485]]]}},{"type":"Feature","id":"way/985170197","properties":{"building":"yes","kind":"building","osmId":"way/985170197","source":"OpenStreetMap","sourceUrl":"https://www.openstreetmap.org/way/985170197","inHistoricCore":true},"geometry":{"type":"Polygon","coordinates":[[[119.292803,26.0859088],[119.2930149,26.0859606],[119.2930251,26.0859268],[119.2928132,26.085875],[119.292803,26.0859088]]]}},{"type":"Feature","id":"way/985170198","properties":{"building":"yes","kind":"building","osmId":"way/985170198","source":"OpenStreetMap","sourceUrl":"https://www.openstreetmap.org/way/985170198","inHistoricCore":true},"geometry":{"type":"Polygon","coordinates":[[[119.293043,26.0863502],[119.2930614,26.0863513],[119.2930661,26.0862862],[119.2930477,26.0862852],[119.293043,26.0863502]]]}},{"type":"Feature","id":"way/985170199","properties":{"building":"yes","kind":"building","osmId":"way/985170199","source":"OpenStreetMap","sourceUrl":"https://www.openstreetmap.org/way/985170199","inHistoricCore":true},"geometry":{"type":"Polygon","coordinates":[[[119.2929411,26.086337],[119.2930256,26.0863478],[119.2930358,26.0862835],[119.2929513,26.0862726],[119.2929411,26.086337]]]}},{"type":"Feature","id":"way/985170200","properties":{"building":"yes","kind":"building","osmId":"way/985170200","source":"OpenStreetMap","sourceUrl":"https://www.openstreetmap.org/way/985170200","inHistoricCore":true},"geometry":{"type":"Polygon","coordinates":[[[119.2929042,26.0864568],[119.293035,26.0864737],[119.293052,26.0863674],[119.2929212,26.0863505],[119.2929042,26.0864568]]]}},{"type":"Feature","id":"way/985170201","properties":{"building":"yes","kind":"building","osmId":"way/985170201","source":"OpenStreetMap","sourceUrl":"https://www.openstreetmap.org/way/985170201","inHistoricCore":true},"geometry":{"type":"Polygon","coordinates":[[[119.2928673,26.0865351],[119.2930035,26.086552],[119.2930113,26.0865012],[119.2928751,26.0864843],[119.2928673,26.0865351]]]}},{"type":"Feature","id":"way/985170202","properties":{"building":"yes","kind":"building","osmId":"way/985170202","source":"OpenStreetMap","sourceUrl":"https://www.openstreetmap.org/way/985170202","inHistoricCore":true},"geometry":{"type":"Polygon","coordinates":[[[119.2927339,26.0861382],[119.2930116,26.0861711],[119.2930336,26.0860208],[119.292756,26.0859879],[119.2927339,26.0861382]]]}},{"type":"Feature","id":"way/985170203","properties":{"building":"yes","kind":"building","osmId":"way/985170203","source":"OpenStreetMap","sourceUrl":"https://www.openstreetmap.org/way/985170203","inHistoricCore":true},"geometry":{"type":"Polygon","coordinates":[[[119.2926843,26.0863388],[119.2927164,26.0863426],[119.2927252,26.0862828],[119.2926931,26.086279],[119.2926843,26.0863388]]]}},{"type":"Feature","id":"way/985170204","properties":{"building":"yes","kind":"building","osmId":"way/985170204","source":"OpenStreetMap","sourceUrl":"https://www.openstreetmap.org/way/985170204","inHistoricCore":true},"geometry":{"type":"Polygon","coordinates":[[[119.2926735,26.0864074],[119.2927059,26.0864113],[119.2927124,26.0863671],[119.29268,26.0863632],[119.2926735,26.0864074]]]}},{"type":"Feature","id":"way/985170205","properties":{"building":"yes","kind":"building","osmId":"way/985170205","source":"OpenStreetMap","sourceUrl":"https://www.openstreetmap.org/way/985170205","inHistoricCore":true},"geometry":{"type":"Polygon","coordinates":[[[119.2929003,26.0863869],[119.2929216,26.0862418],[119.2927438,26.0862207],[119.2927225,26.0863659],[119.2927084,26.0864616],[119.2927393,26.0864652],[119.2927533,26.0863695],[119.292867,26.086383],[119.2928533,26.0864767],[119.2928866,26.0864806],[119.2929003,26.0863869]]]}},{"type":"Feature","id":"way/985170206","properties":{"building":"yes","kind":"building","osmId":"way/985170206","source":"OpenStreetMap","sourceUrl":"https://www.openstreetmap.org/way/985170206","inHistoricCore":true},"geometry":{"type":"Polygon","coordinates":[[[119.2927232,26.0865393],[119.2928392,26.0865531],[119.2928492,26.0864851],[119.2927331,26.0864714],[119.2927232,26.0865393]]]}},{"type":"Feature","id":"way/985170207","properties":{"building":"yes","kind":"building","osmId":"way/985170207","source":"OpenStreetMap","sourceUrl":"https://www.openstreetmap.org/way/985170207","inHistoricCore":true},"geometry":{"type":"Polygon","coordinates":[[[119.2926541,26.0865188],[119.2927161,26.0865262],[119.2927225,26.0864827],[119.2926605,26.0864754],[119.2926541,26.0865188]]]}},{"type":"Feature","id":"way/985172214","properties":{"building":"yes","kind":"building","osmId":"way/985172214","source":"OpenStreetMap","sourceUrl":"https://www.openstreetmap.org/way/985172214","inHistoricCore":true},"geometry":{"type":"Polygon","coordinates":[[[119.2943379,26.0866013],[119.2944366,26.0866154],[119.2944619,26.0864719],[119.2943632,26.0864578],[119.2943379,26.0866013]]]}},{"type":"Feature","id":"way/985172215","properties":{"building":"yes","kind":"building","osmId":"way/985172215","source":"OpenStreetMap","sourceUrl":"https://www.openstreetmap.org/way/985172215","inHistoricCore":true},"geometry":{"type":"Polygon","coordinates":[[[119.2942225,26.0864502],[119.2942687,26.0864567],[119.2942809,26.0863875],[119.2942347,26.086381],[119.2942225,26.0864502]]]}},{"type":"Feature","id":"way/985172216","properties":{"building":"yes","kind":"building","osmId":"way/985172216","source":"OpenStreetMap","sourceUrl":"https://www.openstreetmap.org/way/985172216","inHistoricCore":true},"geometry":{"type":"Polygon","coordinates":[[[119.2942023,26.0865767],[119.2943225,26.0865938],[119.2943419,26.0864839],[119.2942217,26.0864668],[119.2942023,26.0865767]]]}},{"type":"Feature","id":"way/985172217","properties":{"building":"yes","kind":"building","osmId":"way/985172217","source":"OpenStreetMap","sourceUrl":"https://www.openstreetmap.org/way/985172217","inHistoricCore":true},"geometry":{"type":"Polygon","coordinates":[[[119.2940996,26.0865613],[119.2941925,26.0865745],[119.2942272,26.0863779],[119.2941342,26.0863647],[119.2940996,26.0865613]]]}},{"type":"Feature","id":"way/985172218","properties":{"building":"yes","kind":"building","osmId":"way/985172218","source":"OpenStreetMap","sourceUrl":"https://www.openstreetmap.org/way/985172218","inHistoricCore":true},"geometry":{"type":"Polygon","coordinates":[[[119.2944411,26.0866236],[119.2945611,26.0866417],[119.294576,26.0865622],[119.294456,26.0865441],[119.2944411,26.0866236]]]}},{"type":"Feature","id":"way/985172219","properties":{"building":"yes","kind":"building","osmId":"way/985172219","source":"OpenStreetMap","sourceUrl":"https://www.openstreetmap.org/way/985172219","inHistoricCore":true},"geometry":{"type":"Polygon","coordinates":[[[119.2942902,26.0864159],[119.2943918,26.0864281],[119.2944079,26.0863203],[119.2943063,26.0863081],[119.2942902,26.0864159]]]}},{"type":"Feature","id":"way/985172220","properties":{"building":"yes","kind":"building","osmId":"way/985172220","source":"OpenStreetMap","sourceUrl":"https://www.openstreetmap.org/way/985172220","inHistoricCore":true},"geometry":{"type":"Polygon","coordinates":[[[119.2941454,26.0863424],[119.2942869,26.0863592],[119.2943025,26.0862536],[119.294161,26.0862367],[119.2941454,26.0863424]]]}},{"type":"Feature","id":"way/985172224","properties":{"building":"yes","kind":"building","osmId":"way/985172224","source":"OpenStreetMap","sourceUrl":"https://www.openstreetmap.org/way/985172224","inHistoricCore":true},"geometry":{"type":"Polygon","coordinates":[[[119.2944391,26.0861834],[119.2944115,26.0862884],[119.2946322,26.0863352],[119.2946598,26.0862301],[119.2944391,26.0861834]]]}},{"type":"Feature","id":"way/985172225","properties":{"building":"yes","kind":"building","osmId":"way/985172225","source":"OpenStreetMap","sourceUrl":"https://www.openstreetmap.org/way/985172225","inHistoricCore":true},"geometry":{"type":"Polygon","coordinates":[[[119.294702,26.0861635],[119.2947665,26.0861772],[119.2947938,26.0860732],[119.2947293,26.0860595],[119.294702,26.0861635]]]}},{"type":"Feature","id":"way/985172226","properties":{"building":"yes","kind":"building","osmId":"way/985172226","source":"OpenStreetMap","sourceUrl":"https://www.openstreetmap.org/way/985172226","inHistoricCore":true},"geometry":{"type":"Polygon","coordinates":[[[119.2946523,26.0863454],[119.2947175,26.0863592],[119.2947564,26.086211],[119.2946912,26.0861972],[119.2946523,26.0863454]]]}},{"type":"Feature","id":"way/985172227","properties":{"building":"yes","kind":"building","osmId":"way/985172227","source":"OpenStreetMap","sourceUrl":"https://www.openstreetmap.org/way/985172227","inHistoricCore":true},"geometry":{"type":"Polygon","coordinates":[[[119.2948618,26.0864246],[119.2949538,26.0860664],[119.2948267,26.0860401],[119.2947413,26.0863724],[119.2946865,26.086361],[119.2946665,26.086635],[119.2947422,26.0866507],[119.2947546,26.0866023],[119.294813,26.0866144],[119.2948463,26.0866213],[119.2948951,26.0864315],[119.2948618,26.0864246]]]}},{"type":"Feature","id":"way/985172228","properties":{"building":"yes","kind":"building","osmId":"way/985172228","source":"OpenStreetMap","sourceUrl":"https://www.openstreetmap.org/way/985172228","inHistoricCore":true},"geometry":{"type":"Polygon","coordinates":[[[119.2943385,26.0870831],[119.2944552,26.0871055],[119.2944292,26.0872147],[119.2943011,26.0871901],[119.2941977,26.0876252],[119.2942452,26.0876343],[119.2942299,26.0876986],[119.2945492,26.0877599],[119.2947866,26.0867613],[119.2944673,26.0867001],[119.2944397,26.0868159],[119.2944037,26.086809],[119.2943385,26.0870831]]]}},{"type":"Feature","id":"way/985172232","properties":{"building":"yes","kind":"building","osmId":"way/985172232","source":"OpenStreetMap","sourceUrl":"https://www.openstreetmap.org/way/985172232","inHistoricCore":true},"geometry":{"type":"Polygon","coordinates":[[[119.2942245,26.0861141],[119.2942079,26.0862069],[119.2943541,26.086228],[119.2943707,26.0861352],[119.2942245,26.0861141]]]}},{"type":"Feature","id":"way/985172233","properties":{"building":"yes","kind":"building","osmId":"way/985172233","source":"OpenStreetMap","sourceUrl":"https://www.openstreetmap.org/way/985172233","inHistoricCore":true},"geometry":{"type":"Polygon","coordinates":[[[119.2944767,26.0861575],[119.2944825,26.0861303],[119.2944201,26.0861195],[119.2944143,26.0861466],[119.2944767,26.0861575]]]}},{"type":"Feature","id":"way/985172234","properties":{"building":"yes","kind":"building","osmId":"way/985172234","source":"OpenStreetMap","sourceUrl":"https://www.openstreetmap.org/way/985172234","inHistoricCore":true},"geometry":{"type":"Polygon","coordinates":[[[119.2944874,26.0861647],[119.2945218,26.0861709],[119.2945647,26.0859769],[119.2945303,26.0859708],[119.2944874,26.0861647]]]}},{"type":"Feature","id":"way/985172235","properties":{"building":"yes","kind":"building","osmId":"way/985172235","source":"OpenStreetMap","sourceUrl":"https://www.openstreetmap.org/way/985172235","inHistoricCore":true},"geometry":{"type":"Polygon","coordinates":[[[119.2944498,26.0859148],[119.2944421,26.0859378],[119.294542,26.0859649],[119.2945497,26.0859419],[119.2944498,26.0859148]]]}},{"type":"Feature","id":"way/985172236","properties":{"building":"yes","kind":"building","osmId":"way/985172236","source":"OpenStreetMap","sourceUrl":"https://www.openstreetmap.org/way/985172236","inHistoricCore":true},"geometry":{"type":"Polygon","coordinates":[[[119.294305,26.0860858],[119.2943454,26.0860941],[119.294395,26.0858977],[119.2943546,26.0858895],[119.294305,26.0860858]]]}},{"type":"Feature","id":"way/985172237","properties":{"building":"yes","kind":"building","osmId":"way/985172237","source":"OpenStreetMap","sourceUrl":"https://www.openstreetmap.org/way/985172237","inHistoricCore":true},"geometry":{"type":"Polygon","coordinates":[[[119.2939711,26.0860033],[119.2942909,26.0860798],[119.294336,26.0859276],[119.2940162,26.0858511],[119.2940005,26.085904],[119.293978,26.0858986],[119.2939575,26.0859677],[119.29398,26.0859731],[119.2939711,26.0860033]]]}},{"type":"Feature","id":"way/985172238","properties":{"building":"yes","kind":"building","osmId":"way/985172238","source":"OpenStreetMap","sourceUrl":"https://www.openstreetmap.org/way/985172238","inHistoricCore":true},"geometry":{"type":"Polygon","coordinates":[[[119.2938939,26.08614],[119.2939832,26.086156],[119.29401,26.0860349],[119.2939208,26.086019],[119.2938939,26.08614]]]}},{"type":"Feature","id":"way/985172249","properties":{"building":"yes","kind":"building","osmId":"way/985172249","source":"OpenStreetMap","sourceUrl":"https://www.openstreetmap.org/way/985172249","inHistoricCore":true},"geometry":{"type":"Polygon","coordinates":[[[119.2935748,26.0859762],[119.2936512,26.0859913],[119.2937007,26.0857888],[119.293633,26.0857769],[119.2935748,26.0859762]]]}},{"type":"Feature","id":"way/985172250","properties":{"building":"yes","kind":"building","osmId":"way/985172250","source":"OpenStreetMap","sourceUrl":"https://www.openstreetmap.org/way/985172250","inHistoricCore":true},"geometry":{"type":"Polygon","coordinates":[[[119.2937793,26.0861111],[119.2938843,26.0861312],[119.2939151,26.0860011],[119.2938101,26.085981],[119.2937793,26.0861111]]]}},{"type":"Feature","id":"way/985172251","properties":{"building":"yes","kind":"building","osmId":"way/985172251","source":"OpenStreetMap","sourceUrl":"https://www.openstreetmap.org/way/985172251","inHistoricCore":true},"geometry":{"type":"Polygon","coordinates":[[[119.2937049,26.0861081],[119.2937258,26.0860218],[119.2935749,26.0859923],[119.293554,26.0860786],[119.2937049,26.0861081]]]}},{"type":"Feature","id":"way/985172252","properties":{"building":"yes","kind":"building","osmId":"way/985172252","source":"OpenStreetMap","sourceUrl":"https://www.openstreetmap.org/way/985172252","inHistoricCore":true},"geometry":{"type":"Polygon","coordinates":[[[119.293676,26.0862249],[119.2938128,26.0862593],[119.2938465,26.0861511],[119.2937097,26.0861167],[119.293676,26.0862249]]]}},{"type":"Feature","id":"way/985172253","properties":{"building":"yes","kind":"building","osmId":"way/985172253","source":"OpenStreetMap","sourceUrl":"https://www.openstreetmap.org/way/985172253","inHistoricCore":true},"geometry":{"type":"Polygon","coordinates":[[[119.2935151,26.0862183],[119.2936593,26.0862538],[119.2936958,26.0861342],[119.2935516,26.0860987],[119.2935151,26.0862183]]]}},{"type":"Feature","id":"way/985172254","properties":{"building":"yes","kind":"building","osmId":"way/985172254","source":"OpenStreetMap","sourceUrl":"https://www.openstreetmap.org/way/985172254","inHistoricCore":true},"geometry":{"type":"Polygon","coordinates":[[[119.2937183,26.0865315],[119.2937923,26.0865337],[119.2937983,26.0863693],[119.2937243,26.0863671],[119.2937183,26.0865315]]]}},{"type":"Feature","id":"way/985173400","properties":{"building":"yes","kind":"building","osmId":"way/985173400","source":"OpenStreetMap","sourceUrl":"https://www.openstreetmap.org/way/985173400","inHistoricCore":true},"geometry":{"type":"Polygon","coordinates":[[[119.2926568,26.0849042],[119.2928614,26.084952],[119.2928917,26.0848476],[119.2927946,26.0848249],[119.292835,26.0846853],[119.2931086,26.0847492],[119.2931398,26.0846416],[119.2927587,26.0845525],[119.2926568,26.0849042]]]}},{"type":"Feature","id":"way/985173401","properties":{"building":"yes","kind":"building","osmId":"way/985173401","source":"OpenStreetMap","sourceUrl":"https://www.openstreetmap.org/way/985173401","inHistoricCore":true},"geometry":{"type":"Polygon","coordinates":[[[119.29235,26.0844468],[119.2925773,26.0844829],[119.2925937,26.0843998],[119.2923664,26.0843637],[119.29235,26.0844468]]]}},{"type":"Feature","id":"way/985173402","properties":{"building":"yes","kind":"building","osmId":"way/985173402","source":"OpenStreetMap","sourceUrl":"https://www.openstreetmap.org/way/985173402","inHistoricCore":true},"geometry":{"type":"Polygon","coordinates":[[[119.2923235,26.0845813],[119.2925508,26.0846174],[119.2925773,26.0844829],[119.29235,26.0844468],[119.2923235,26.0845813]]]}},{"type":"Feature","id":"way/985173403","properties":{"building":"yes","kind":"building","osmId":"way/985173403","source":"OpenStreetMap","sourceUrl":"https://www.openstreetmap.org/way/985173403","inHistoricCore":true},"geometry":{"type":"Polygon","coordinates":[[[119.2923107,26.0846464],[119.292538,26.0846825],[119.2925508,26.0846174],[119.2923235,26.0845813],[119.2923107,26.0846464]]]}},{"type":"Feature","id":"way/985173404","properties":{"building":"yes","kind":"building","osmId":"way/985173404","source":"OpenStreetMap","sourceUrl":"https://www.openstreetmap.org/way/985173404","inHistoricCore":true},"geometry":{"type":"Polygon","coordinates":[[[119.2922978,26.0847115],[119.2925252,26.0847476],[119.292538,26.0846825],[119.2923107,26.0846464],[119.2922978,26.0847115]]]}},{"type":"Feature","id":"way/985173405","properties":{"building":"yes","kind":"building","osmId":"way/985173405","source":"OpenStreetMap","sourceUrl":"https://www.openstreetmap.org/way/985173405","inHistoricCore":true},"geometry":{"type":"Polygon","coordinates":[[[119.2924974,26.0848885],[119.2925252,26.0847476],[119.2922978,26.0847115],[119.2922701,26.0848524],[119.2924974,26.0848885]]]}},{"type":"Feature","id":"way/985173406","properties":{"building":"yes","kind":"building","osmId":"way/985173406","source":"OpenStreetMap","sourceUrl":"https://www.openstreetmap.org/way/985173406","inHistoricCore":true},"geometry":{"type":"Polygon","coordinates":[[[119.2922283,26.0850644],[119.2924556,26.0851005],[119.2924974,26.0848885],[119.2922701,26.0848524],[119.2922283,26.0850644]]]}},{"type":"Feature","id":"way/985173407","properties":{"building":"yes","kind":"building","osmId":"way/985173407","source":"OpenStreetMap","sourceUrl":"https://www.openstreetmap.org/way/985173407","inHistoricCore":true},"geometry":{"type":"Polygon","coordinates":[[[119.2922283,26.0850644],[119.2922032,26.085192],[119.2924256,26.0852528],[119.2924305,26.0852281],[119.2924556,26.0851005],[119.2922283,26.0850644]]]}},{"type":"Feature","id":"way/985173410","properties":{"building":"yes","kind":"building","osmId":"way/985173410","source":"OpenStreetMap","sourceUrl":"https://www.openstreetmap.org/way/985173410","inHistoricCore":true},"geometry":{"type":"Polygon","coordinates":[[[119.2940634,26.0854878],[119.2941123,26.0854971],[119.2941159,26.0854652],[119.2942969,26.0854842],[119.2943227,26.0852857],[119.2942758,26.0852808],[119.2942716,26.0853128],[119.2941319,26.0852982],[119.2941361,26.0852662],[119.2940927,26.0852616],[119.2940634,26.0854878]]]}},{"type":"Feature","id":"way/985173411","properties":{"building":"yes","kind":"building","osmId":"way/985173411","source":"OpenStreetMap","sourceUrl":"https://www.openstreetmap.org/way/985173411","inHistoricCore":true},"geometry":{"type":"Polygon","coordinates":[[[119.2944176,26.0854017],[119.2944044,26.0854904],[119.2944795,26.0854994],[119.2944928,26.0854107],[119.2944176,26.0854017]]]}},{"type":"Feature","id":"way/985173412","properties":{"building":"yes","kind":"building","osmId":"way/985173412","source":"OpenStreetMap","sourceUrl":"https://www.openstreetmap.org/way/985173412","inHistoricCore":true},"geometry":{"type":"Polygon","coordinates":[[[119.2945605,26.0854035],[119.2945969,26.0852703],[119.2945129,26.0852517],[119.294496,26.0853133],[119.2944814,26.08531],[119.2944618,26.0853817],[119.2945605,26.0854035]]]}},{"type":"Feature","id":"way/985173413","properties":{"building":"yes","kind":"building","osmId":"way/985173413","source":"OpenStreetMap","sourceUrl":"https://www.openstreetmap.org/way/985173413","inHistoricCore":true},"geometry":{"type":"Polygon","coordinates":[[[119.2945746,26.0854005],[119.2946761,26.0854229],[119.2947067,26.0853113],[119.2946051,26.0852889],[119.2945746,26.0854005]]]}},{"type":"Feature","id":"way/985173414","properties":{"building":"yes","kind":"building","osmId":"way/985173414","source":"OpenStreetMap","sourceUrl":"https://www.openstreetmap.org/way/985173414","inHistoricCore":true},"geometry":{"type":"Polygon","coordinates":[[[119.294529,26.0855709],[119.2946366,26.0855947],[119.2946731,26.0854613],[119.2945655,26.0854375],[119.294529,26.0855709]]]}},{"type":"Feature","id":"way/985173415","properties":{"building":"yes","kind":"building","osmId":"way/985173415","source":"OpenStreetMap","sourceUrl":"https://www.openstreetmap.org/way/985173415","inHistoricCore":true},"geometry":{"type":"Polygon","coordinates":[[[119.2944545,26.0858485],[119.294568,26.0858736],[119.2946362,26.0856245],[119.2945227,26.0855994],[119.2944545,26.0858485]]]}},{"type":"Feature","id":"way/985173416","properties":{"building":"yes","kind":"building","osmId":"way/985173416","source":"OpenStreetMap","sourceUrl":"https://www.openstreetmap.org/way/985173416","inHistoricCore":true},"geometry":{"type":"Polygon","coordinates":[[[119.2943318,26.085819],[119.2944451,26.085844],[119.2944736,26.0857398],[119.2944451,26.0857335],[119.2944753,26.0856233],[119.2943905,26.0856046],[119.2943318,26.085819]]]}},{"type":"Feature","id":"way/985173417","properties":{"building":"yes","kind":"building","osmId":"way/985173417","source":"OpenStreetMap","sourceUrl":"https://www.openstreetmap.org/way/985173417","inHistoricCore":true},"geometry":{"type":"Polygon","coordinates":[[[119.2946664,26.0855516],[119.2948206,26.0855857],[119.2948431,26.0855035],[119.2947993,26.0854938],[119.2948572,26.0852821],[119.2947469,26.0852577],[119.2946664,26.0855516]]]}},{"type":"Feature","id":"way/985175699","properties":{"building":"yes","kind":"building","osmId":"way/985175699","source":"OpenStreetMap","sourceUrl":"https://www.openstreetmap.org/way/985175699","inHistoricCore":true},"geometry":{"type":"Polygon","coordinates":[[[119.2935111,26.0846811],[119.2935476,26.0846872],[119.29356,26.0846275],[119.2935235,26.0846213],[119.2935111,26.0846811]]]}},{"type":"Feature","id":"way/985175702","properties":{"building":"yes","kind":"building","osmId":"way/985175702","source":"OpenStreetMap","sourceUrl":"https://www.openstreetmap.org/way/985175702","inHistoricCore":true},"geometry":{"type":"Polygon","coordinates":[[[119.2932241,26.0846067],[119.2933226,26.0846258],[119.2933137,26.0846625],[119.2933701,26.0846735],[119.2933883,26.0845982],[119.2932334,26.0845681],[119.2932241,26.0846067]]]}},{"type":"Feature","id":"way/985175709","properties":{"building":"yes","kind":"building","osmId":"way/985175709","source":"OpenStreetMap","sourceUrl":"https://www.openstreetmap.org/way/985175709","inHistoricCore":true},"geometry":{"type":"Polygon","coordinates":[[[119.2928774,26.0850409],[119.2930504,26.0850861],[119.2930926,26.0849556],[119.2929196,26.0849104],[119.2928774,26.0850409]]]}},{"type":"Feature","id":"way/985175716","properties":{"building":"yes","kind":"building","osmId":"way/985175716","source":"OpenStreetMap","sourceUrl":"https://www.openstreetmap.org/way/985175716","inHistoricCore":true},"geometry":{"type":"Polygon","coordinates":[[[119.2926534,26.0853336],[119.2927429,26.0853481],[119.2927681,26.0852222],[119.2926787,26.0852077],[119.2926534,26.0853336]]]}},{"type":"Feature","id":"way/985175717","properties":{"building":"yes","kind":"building","osmId":"way/985175717","source":"OpenStreetMap","sourceUrl":"https://www.openstreetmap.org/way/985175717","inHistoricCore":true},"geometry":{"type":"Polygon","coordinates":[[[119.2925629,26.0852872],[119.2926402,26.0852997],[119.2926702,26.0851499],[119.2925929,26.0851374],[119.2925629,26.0852872]]]}},{"type":"Feature","id":"way/985175718","properties":{"building":"yes","kind":"building","osmId":"way/985175718","source":"OpenStreetMap","sourceUrl":"https://www.openstreetmap.org/way/985175718","inHistoricCore":true},"geometry":{"type":"Polygon","coordinates":[[[119.2942084,26.085221],[119.2944404,26.085233],[119.294446,26.0851468],[119.294214,26.0851348],[119.2942084,26.085221]]]}},{"type":"Feature","id":"way/985175719","properties":{"building":"yes","kind":"building","osmId":"way/985175719","source":"OpenStreetMap","sourceUrl":"https://www.openstreetmap.org/way/985175719","inHistoricCore":true},"geometry":{"type":"Polygon","coordinates":[[[119.2943922,26.0855968],[119.294482,26.0856149],[119.2944945,26.0855648],[119.2944047,26.0855467],[119.2943922,26.0855968]]]}},{"type":"Feature","id":"way/985175720","properties":{"building":"yes","kind":"building","osmId":"way/985175720","source":"OpenStreetMap","sourceUrl":"https://www.openstreetmap.org/way/985175720","inHistoricCore":true},"geometry":{"type":"Polygon","coordinates":[[[119.2942406,26.0857901],[119.2943138,26.0858079],[119.2943788,26.0855926],[119.2943055,26.0855748],[119.2942406,26.0857901]]]}},{"type":"Feature","id":"way/985175721","properties":{"building":"yes","kind":"building","osmId":"way/985175721","source":"OpenStreetMap","sourceUrl":"https://www.openstreetmap.org/way/985175721","inHistoricCore":true},"geometry":{"type":"Polygon","coordinates":[[[119.2941179,26.0857359],[119.2942408,26.0857658],[119.294305,26.0855528],[119.2941821,26.085523],[119.2941179,26.0857359]]]}},{"type":"Feature","id":"way/985175722","properties":{"building":"yes","kind":"building","osmId":"way/985175722","source":"OpenStreetMap","sourceUrl":"https://www.openstreetmap.org/way/985175722","inHistoricCore":true},"geometry":{"type":"Polygon","coordinates":[[[119.2940247,26.0857335],[119.2941039,26.0857528],[119.2941716,26.0855281],[119.2940924,26.0855089],[119.2940247,26.0857335]]]}},{"type":"Feature","id":"way/985177107","properties":{"building":"yes","kind":"building","osmId":"way/985177107","source":"OpenStreetMap","sourceUrl":"https://www.openstreetmap.org/way/985177107","inHistoricCore":true},"geometry":{"type":"Polygon","coordinates":[[[119.2935432,26.0854354],[119.2935577,26.0853851],[119.2935225,26.085377],[119.293508,26.0854273],[119.2935432,26.0854354]]]}},{"type":"Feature","id":"way/985177108","properties":{"building":"yes","kind":"building","osmId":"way/985177108","source":"OpenStreetMap","sourceUrl":"https://www.openstreetmap.org/way/985177108","inHistoricCore":true},"geometry":{"type":"Polygon","coordinates":[[[119.2933837,26.0853993],[119.2934527,26.0854152],[119.2934688,26.0853589],[119.2933998,26.0853429],[119.2933837,26.0853993]]]}},{"type":"Feature","id":"way/985177119","properties":{"building":"yes","kind":"building","osmId":"way/985177119","source":"OpenStreetMap","sourceUrl":"https://www.openstreetmap.org/way/985177119","inHistoricCore":true},"geometry":{"type":"Polygon","coordinates":[[[119.2932428,26.0852053],[119.2932273,26.0852763],[119.2934058,26.0853077],[119.2934213,26.0852368],[119.2932428,26.0852053]]]}},{"type":"Feature","id":"way/985178824","properties":{"building":"yes","kind":"building","osmId":"way/985178824","source":"OpenStreetMap","sourceUrl":"https://www.openstreetmap.org/way/985178824","inHistoricCore":true},"geometry":{"type":"Polygon","coordinates":[[[119.2939815,26.0854303],[119.2939772,26.0854673],[119.2940587,26.0854749],[119.2940629,26.0854378],[119.2939815,26.0854303]]]}},{"type":"Feature","id":"way/985178825","properties":{"building":"yes","kind":"building","osmId":"way/985178825","source":"OpenStreetMap","sourceUrl":"https://www.openstreetmap.org/way/985178825","inHistoricCore":true},"geometry":{"type":"Polygon","coordinates":[[[119.2939367,26.0855654],[119.293984,26.0855768],[119.2939903,26.0855561],[119.2940207,26.0855634],[119.2940144,26.0855842],[119.2940574,26.0855947],[119.2940867,26.0854974],[119.293966,26.0854681],[119.2939367,26.0855654]]]}},{"type":"Feature","id":"way/985178828","properties":{"building":"yes","kind":"building","osmId":"way/985178828","source":"OpenStreetMap","sourceUrl":"https://www.openstreetmap.org/way/985178828","inHistoricCore":true},"geometry":{"type":"Polygon","coordinates":[[[119.2938504,26.0854806],[119.2939487,26.0855051],[119.2939789,26.0854075],[119.2938805,26.085383],[119.2938504,26.0854806]]]}},{"type":"Feature","id":"way/985178829","properties":{"building":"yes","kind":"building","osmId":"way/985178829","source":"OpenStreetMap","sourceUrl":"https://www.openstreetmap.org/way/985178829","inHistoricCore":true},"geometry":{"type":"Polygon","coordinates":[[[119.2938028,26.0856414],[119.2939027,26.0856655],[119.2939332,26.0855634],[119.2938333,26.0855393],[119.2938028,26.0856414]]]}},{"type":"Feature","id":"way/985178830","properties":{"building":"yes","kind":"building","osmId":"way/985178830","source":"OpenStreetMap","sourceUrl":"https://www.openstreetmap.org/way/985178830","inHistoricCore":true},"geometry":{"type":"Polygon","coordinates":[[[119.2939939,26.0854209],[119.2940547,26.0854289],[119.2940694,26.085338],[119.2940086,26.08533],[119.2939939,26.0854209]]]}},{"type":"Feature","id":"way/985178831","properties":{"building":"yes","kind":"building","osmId":"way/985178831","source":"OpenStreetMap","sourceUrl":"https://www.openstreetmap.org/way/985178831","inHistoricCore":true},"geometry":{"type":"Polygon","coordinates":[[[119.293906,26.0853029],[119.2939992,26.0853264],[119.2940202,26.0852594],[119.293927,26.0852359],[119.293906,26.0853029]]]}},{"type":"Feature","id":"way/985178832","properties":{"building":"yes","kind":"building","osmId":"way/985178832","source":"OpenStreetMap","sourceUrl":"https://www.openstreetmap.org/way/985178832","inHistoricCore":true},"geometry":{"type":"Polygon","coordinates":[[[119.2938584,26.0852312],[119.2938444,26.0852849],[119.2938987,26.0852963],[119.2939127,26.0852427],[119.2938584,26.0852312]]]}},{"type":"Feature","id":"way/985178835","properties":{"building":"yes","kind":"building","osmId":"way/985178835","source":"OpenStreetMap","sourceUrl":"https://www.openstreetmap.org/way/985178835","inHistoricCore":true},"geometry":{"type":"Polygon","coordinates":[[[119.2937411,26.0851849],[119.2937232,26.0852686],[119.2938349,26.0852878],[119.2938528,26.0852041],[119.2937411,26.0851849]]]}},{"type":"Feature","id":"way/985178836","properties":{"building":"yes","kind":"building","osmId":"way/985178836","source":"OpenStreetMap","sourceUrl":"https://www.openstreetmap.org/way/985178836","inHistoricCore":true},"geometry":{"type":"Polygon","coordinates":[[[119.2936418,26.0849446],[119.2937706,26.0849668],[119.2937806,26.0849199],[119.2936519,26.0848977],[119.2936418,26.0849446]]]}},{"type":"Feature","id":"way/985178837","properties":{"building":"yes","kind":"building","osmId":"way/985178837","source":"OpenStreetMap","sourceUrl":"https://www.openstreetmap.org/way/985178837","inHistoricCore":true},"geometry":{"type":"Polygon","coordinates":[[[119.2936116,26.0850512],[119.2936639,26.0850602],[119.2936834,26.0849693],[119.2936311,26.0849602],[119.2936116,26.0850512]]]}},{"type":"Feature","id":"way/985178848","properties":{"building":"yes","kind":"building","osmId":"way/985178848","source":"OpenStreetMap","sourceUrl":"https://www.openstreetmap.org/way/985178848","inHistoricCore":true},"geometry":{"type":"Polygon","coordinates":[[[119.2936458,26.0848807],[119.2937215,26.0848934],[119.2937464,26.0847735],[119.2936708,26.0847608],[119.2936458,26.0848807]]]}},{"type":"Feature","id":"way/985178849","properties":{"building":"yes","kind":"building","osmId":"way/985178849","source":"OpenStreetMap","sourceUrl":"https://www.openstreetmap.org/way/985178849","inHistoricCore":true},"geometry":{"type":"Polygon","coordinates":[[[119.2945112,26.0848271],[119.2945079,26.084861],[119.2946105,26.0848691],[119.2946138,26.0848353],[119.2945112,26.0848271]]]}},{"type":"Feature","id":"way/985178850","properties":{"building":"yes","kind":"building","osmId":"way/985178850","source":"OpenStreetMap","sourceUrl":"https://www.openstreetmap.org/way/985178850","inHistoricCore":true},"geometry":{"type":"Polygon","coordinates":[[[119.2943221,26.0848479],[119.2945011,26.0848687],[119.2945077,26.0848232],[119.2943286,26.0848024],[119.2943221,26.0848479]]]}},{"type":"Feature","id":"way/985178855","properties":{"building":"yes","kind":"building","osmId":"way/985178855","source":"OpenStreetMap","sourceUrl":"https://www.openstreetmap.org/way/985178855","inHistoricCore":true},"geometry":{"type":"Polygon","coordinates":[[[119.2944874,26.085018],[119.2945875,26.0850292],[119.2946054,26.0848994],[119.2945053,26.0848883],[119.2944874,26.085018]]]}},{"type":"Feature","id":"way/985178857","properties":{"building":"yes","kind":"building","osmId":"way/985178857","source":"OpenStreetMap","sourceUrl":"https://www.openstreetmap.org/way/985178857","inHistoricCore":true},"geometry":{"type":"Polygon","coordinates":[[[119.2946,26.0852312],[119.2947402,26.0852469],[119.2947598,26.0851049],[119.2947166,26.0851001],[119.2947202,26.0850743],[119.2947557,26.0850783],[119.2947751,26.0849385],[119.2946563,26.0849253],[119.2946369,26.085065],[119.294668,26.0850685],[119.2946645,26.0850943],[119.2946197,26.0850893],[119.2946,26.0852312]]]}},{"type":"Feature","id":"way/985178865","properties":{"building":"yes","kind":"building","osmId":"way/985178865","source":"OpenStreetMap","sourceUrl":"https://www.openstreetmap.org/way/985178865","inHistoricCore":true},"geometry":{"type":"Polygon","coordinates":[[[119.294199,26.0848362],[119.2942044,26.0847868],[119.2941625,26.0847831],[119.2941571,26.0848325],[119.294199,26.0848362]]]}},{"type":"Feature","id":"way/985178867","properties":{"building":"yes","kind":"building","osmId":"way/985178867","source":"OpenStreetMap","sourceUrl":"https://www.openstreetmap.org/way/985178867","inHistoricCore":true},"geometry":{"type":"Polygon","coordinates":[[[119.293959,26.0847789],[119.2939756,26.0847183],[119.2938636,26.0846936],[119.2938139,26.0848753],[119.2939178,26.0848982],[119.29394,26.0848167],[119.2938596,26.0847989],[119.2938704,26.0847594],[119.293959,26.0847789]]]}},{"type":"Feature","id":"way/985178868","properties":{"building":"yes","kind":"building","osmId":"way/985178868","source":"OpenStreetMap","sourceUrl":"https://www.openstreetmap.org/way/985178868","inHistoricCore":true},"geometry":{"type":"Polygon","coordinates":[[[119.2937806,26.0846729],[119.2937674,26.0847257],[119.2938479,26.084742],[119.2938611,26.0846892],[119.2937806,26.0846729]]]}},{"type":"Feature","id":"way/985178869","properties":{"building":"yes","kind":"building","osmId":"way/985178869","source":"OpenStreetMap","sourceUrl":"https://www.openstreetmap.org/way/985178869","inHistoricCore":true},"geometry":{"type":"Polygon","coordinates":[[[119.293678,26.0847037],[119.2937578,26.0847199],[119.2937711,26.0846673],[119.2936913,26.084651],[119.293678,26.0847037]]]}},{"type":"Feature","id":"way/985181951","properties":{"building":"yes","kind":"building","osmId":"way/985181951","source":"OpenStreetMap","sourceUrl":"https://www.openstreetmap.org/way/985181951","inHistoricCore":true},"geometry":{"type":"Polygon","coordinates":[[[119.2952572,26.0843429],[119.2952828,26.0842452],[119.2948683,26.0841574],[119.2947852,26.0844738],[119.2949562,26.0845101],[119.2950137,26.0842913],[119.2952572,26.0843429]]]}},{"type":"Feature","id":"way/985181952","properties":{"building":"yes","kind":"building","osmId":"way/985181952","source":"OpenStreetMap","sourceUrl":"https://www.openstreetmap.org/way/985181952","inHistoricCore":true},"geometry":{"type":"Polygon","coordinates":[[[119.295288,26.0843441],[119.2954652,26.0843817],[119.2954972,26.0842598],[119.29532,26.0842223],[119.295288,26.0843441]]]}},{"type":"Feature","id":"way/985181953","properties":{"building":"yes","kind":"building","osmId":"way/985181953","source":"OpenStreetMap","sourceUrl":"https://www.openstreetmap.org/way/985181953","inHistoricCore":true},"geometry":{"type":"Polygon","coordinates":[[[119.2952223,26.0846621],[119.2951727,26.0848509],[119.2953149,26.084881],[119.2954117,26.0845125],[119.2950172,26.084429],[119.2949785,26.0845766],[119.2953311,26.0846513],[119.2953227,26.0846834],[119.2952223,26.0846621]]]}},{"type":"Feature","id":"way/985181954","properties":{"building":"yes","kind":"building","osmId":"way/985181954","source":"OpenStreetMap","sourceUrl":"https://www.openstreetmap.org/way/985181954","inHistoricCore":true},"geometry":{"type":"Polygon","coordinates":[[[119.2930102,26.0834681],[119.2930162,26.0834516],[119.2929666,26.0834371],[119.2929535,26.0834732],[119.2929887,26.0834834],[119.2929558,26.0835883],[119.2930863,26.0836213],[119.2931252,26.0834972],[119.2930102,26.0834681]]]}},{"type":"Feature","id":"way/985181955","properties":{"building":"yes","kind":"building","osmId":"way/985181955","source":"OpenStreetMap","sourceUrl":"https://www.openstreetmap.org/way/985181955","inHistoricCore":true},"geometry":{"type":"Polygon","coordinates":[[[119.2929223,26.0836003],[119.2929207,26.0836239],[119.292975,26.0836269],[119.2929766,26.0836033],[119.2929223,26.0836003]]]}},{"type":"Feature","id":"way/985181956","properties":{"building":"yes","kind":"building","osmId":"way/985181956","source":"OpenStreetMap","sourceUrl":"https://www.openstreetmap.org/way/985181956","inHistoricCore":true},"geometry":{"type":"Polygon","coordinates":[[[119.2929022,26.0835859],[119.2929412,26.0835971],[119.2929727,26.0835085],[119.2929337,26.0834973],[119.2929022,26.0835859]]]}},{"type":"Feature","id":"way/985181957","properties":{"building":"yes","kind":"building","osmId":"way/985181957","source":"OpenStreetMap","sourceUrl":"https://www.openstreetmap.org/way/985181957","inHistoricCore":true},"geometry":{"type":"Polygon","coordinates":[[[119.2928445,26.0834648],[119.2929377,26.0834895],[119.2929587,26.0834257],[119.2928655,26.083401],[119.2928445,26.0834648]]]}},{"type":"Feature","id":"way/985181958","properties":{"building":"yes","kind":"building","osmId":"way/985181958","source":"OpenStreetMap","sourceUrl":"https://www.openstreetmap.org/way/985181958","inHistoricCore":true},"geometry":{"type":"Polygon","coordinates":[[[119.292817,26.083557],[119.2928993,26.0835723],[119.2929163,26.0834985],[119.2928341,26.0834832],[119.292817,26.083557]]]}},{"type":"Feature","id":"way/985181959","properties":{"building":"yes","kind":"building","osmId":"way/985181959","source":"OpenStreetMap","sourceUrl":"https://www.openstreetmap.org/way/985181959","inHistoricCore":true},"geometry":{"type":"Polygon","coordinates":[[[119.2928097,26.0836322],[119.2928768,26.0836448],[119.2928895,26.0835901],[119.2928223,26.0835776],[119.2928097,26.0836322]]]}},{"type":"Feature","id":"way/985181962","properties":{"building":"yes","kind":"building","osmId":"way/985181962","source":"OpenStreetMap","sourceUrl":"https://www.openstreetmap.org/way/985181962","inHistoricCore":true},"geometry":{"type":"Polygon","coordinates":[[[119.2927165,26.0833327],[119.2927091,26.0833311],[119.2927019,26.0833304],[119.2926886,26.0833308],[119.2926753,26.0833346],[119.2926631,26.0833395],[119.2926518,26.0833468],[119.2926414,26.0833552],[119.2926345,26.0833655],[119.2926343,26.0833663],[119.2927077,26.0833778],[119.2927165,26.0833327]]]}},{"type":"Feature","id":"way/985181963","properties":{"building":"yes","kind":"building","osmId":"way/985181963","source":"OpenStreetMap","sourceUrl":"https://www.openstreetmap.org/way/985181963","inHistoricCore":true},"geometry":{"type":"Polygon","coordinates":[[[119.2925689,26.0835895],[119.2926535,26.0836068],[119.2927078,26.083393],[119.2926233,26.0833757],[119.2925689,26.0835895]]]}},{"type":"Feature","id":"way/985181964","properties":{"building":"yes","kind":"building","osmId":"way/985181964","source":"OpenStreetMap","sourceUrl":"https://www.openstreetmap.org/way/985181964","inHistoricCore":true},"geometry":{"type":"Polygon","coordinates":[[[119.2928123,26.083793],[119.2928722,26.0838019],[119.292897,26.083667],[119.2928372,26.0836581],[119.2928123,26.083793]]]}},{"type":"Feature","id":"way/985181969","properties":{"building":"yes","kind":"building","osmId":"way/985181969","source":"OpenStreetMap","sourceUrl":"https://www.openstreetmap.org/way/985181969","inHistoricCore":true},"geometry":{"type":"Polygon","coordinates":[[[119.2926353,26.0838659],[119.2927574,26.0838876],[119.2927773,26.0837972],[119.2926552,26.0837755],[119.2926353,26.0838659]]]}},{"type":"Feature","id":"way/985181970","properties":{"building":"yes","kind":"building","osmId":"way/985181970","source":"OpenStreetMap","sourceUrl":"https://www.openstreetmap.org/way/985181970","inHistoricCore":true},"geometry":{"type":"Polygon","coordinates":[[[119.2926427,26.0837647],[119.2927996,26.0837924],[119.2928279,26.0836631],[119.292671,26.0836354],[119.2926427,26.0837647]]]}},{"type":"Feature","id":"way/985181972","properties":{"building":"yes","kind":"building","osmId":"way/985181972","source":"OpenStreetMap","sourceUrl":"https://www.openstreetmap.org/way/985181972","inHistoricCore":true},"geometry":{"type":"Polygon","coordinates":[[[119.2929853,26.0840261],[119.2930025,26.0838984],[119.2928915,26.0838864],[119.2928743,26.0840141],[119.2929853,26.0840261]]]}},{"type":"Feature","id":"way/985181973","properties":{"building":"yes","kind":"building","osmId":"way/985181973","source":"OpenStreetMap","sourceUrl":"https://www.openstreetmap.org/way/985181973","inHistoricCore":true},"geometry":{"type":"Polygon","coordinates":[[[119.2927694,26.0841502],[119.2929662,26.0841715],[119.292984,26.0840394],[119.2927872,26.084018],[119.2927694,26.0841502]]]}},{"type":"Feature","id":"way/985181976","properties":{"building":"yes","kind":"building","osmId":"way/985181976","source":"OpenStreetMap","sourceUrl":"https://www.openstreetmap.org/way/985181976","inHistoricCore":true},"geometry":{"type":"Polygon","coordinates":[[[119.292754,26.0842074],[119.292736,26.0843412],[119.2929209,26.0843613],[119.2929388,26.0842274],[119.292754,26.0842074]]]}},{"type":"Feature","id":"way/985181977","properties":{"building":"yes","kind":"building","osmId":"way/985181977","source":"OpenStreetMap","sourceUrl":"https://www.openstreetmap.org/way/985181977","inHistoricCore":true},"geometry":{"type":"Polygon","coordinates":[[[119.2926253,26.0843544],[119.2927171,26.084363],[119.2927392,26.0841739],[119.2926474,26.0841652],[119.2926253,26.0843544]]]}},{"type":"Feature","id":"way/985181978","properties":{"building":"yes","kind":"building","osmId":"way/985181978","source":"OpenStreetMap","sourceUrl":"https://www.openstreetmap.org/way/985181978","inHistoricCore":true},"geometry":{"type":"Polygon","coordinates":[[[119.2925072,26.0843038],[119.2925009,26.0843604],[119.2926142,26.0843707],[119.2926206,26.084314],[119.2925072,26.0843038]]]}},{"type":"Feature","id":"way/985181979","properties":{"building":"yes","kind":"building","osmId":"way/985181979","source":"OpenStreetMap","sourceUrl":"https://www.openstreetmap.org/way/985181979","inHistoricCore":true},"geometry":{"type":"Polygon","coordinates":[[[119.2925099,26.0842839],[119.2926233,26.0842959],[119.2926406,26.0841645],[119.2925272,26.0841524],[119.2925099,26.0842839]]]}},{"type":"Feature","id":"way/985181983","properties":{"building":"yes","kind":"building","osmId":"way/985181983","source":"OpenStreetMap","sourceUrl":"https://www.openstreetmap.org/way/985181983","inHistoricCore":true},"geometry":{"type":"Polygon","coordinates":[[[119.2923906,26.0842429],[119.2924998,26.0842604],[119.2925227,26.0841454],[119.2924946,26.0841409],[119.292536,26.083932],[119.2924549,26.083919],[119.2923906,26.0842429]]]}},{"type":"Feature","id":"way/985181984","properties":{"building":"yes","kind":"building","osmId":"way/985181984","source":"OpenStreetMap","sourceUrl":"https://www.openstreetmap.org/way/985181984","inHistoricCore":true},"geometry":{"type":"Polygon","coordinates":[[[119.2923745,26.0843339],[119.2924798,26.0843507],[119.2924955,26.0842713],[119.2923902,26.0842545],[119.2923745,26.0843339]]]}},{"type":"Feature","id":"way/985181985","properties":{"building":"yes","kind":"building","osmId":"way/985181985","source":"OpenStreetMap","sourceUrl":"https://www.openstreetmap.org/way/985181985","inHistoricCore":true},"geometry":{"type":"Polygon","coordinates":[[[119.292095,26.0843935],[119.2922303,26.0844236],[119.2922659,26.084304],[119.2919587,26.0842267],[119.2919292,26.0843212],[119.292036,26.0843481],[119.2920276,26.0843786],[119.2920474,26.084383],[119.2920299,26.0844707],[119.2920781,26.0844784],[119.292095,26.0843935]]]}},{"type":"Feature","id":"way/985181986","properties":{"building":"yes","kind":"building","osmId":"way/985181986","source":"OpenStreetMap","sourceUrl":"https://www.openstreetmap.org/way/985181986","inHistoricCore":true},"geometry":{"type":"Polygon","coordinates":[[[119.292005,26.0845922],[119.2921966,26.0846195],[119.2922296,26.0844326],[119.2921046,26.0844148],[119.2920857,26.0845223],[119.292019,26.0845128],[119.292005,26.0845922]]]}},{"type":"Feature","id":"way/985181989","properties":{"building":"yes","kind":"building","osmId":"way/985181989","source":"OpenStreetMap","sourceUrl":"https://www.openstreetmap.org/way/985181989","inHistoricCore":true},"geometry":{"type":"Polygon","coordinates":[[[119.2914665,26.0848982],[119.2916335,26.0849397],[119.2916826,26.0847807],[119.2915156,26.0847391],[119.2914665,26.0848982]]]}},{"type":"Feature","id":"way/985181990","properties":{"building":"yes","kind":"building","osmId":"way/985181990","source":"OpenStreetMap","sourceUrl":"https://www.openstreetmap.org/way/985181990","inHistoricCore":true},"geometry":{"type":"Polygon","coordinates":[[[119.2916288,26.0849753],[119.2917268,26.0850023],[119.2917925,26.0848102],[119.2916945,26.0847832],[119.2916288,26.0849753]]]}},{"type":"Feature","id":"way/985181991","properties":{"building":"yes","kind":"building","osmId":"way/985181991","source":"OpenStreetMap","sourceUrl":"https://www.openstreetmap.org/way/985181991","inHistoricCore":true},"geometry":{"type":"Polygon","coordinates":[[[119.2917261,26.0846735],[119.2917064,26.0847414],[119.2918224,26.0847685],[119.2918421,26.0847006],[119.2917261,26.0846735]]]}},{"type":"Feature","id":"way/985181992","properties":{"building":"yes","kind":"building","osmId":"way/985181992","source":"OpenStreetMap","sourceUrl":"https://www.openstreetmap.org/way/985181992","inHistoricCore":true},"geometry":{"type":"Polygon","coordinates":[[[119.2921887,26.0847452],[119.2918682,26.0846904],[119.2918499,26.0847767],[119.2920965,26.084853],[119.2921635,26.0848645],[119.2921704,26.0848315],[119.2921887,26.0847452]]]}},{"type":"Feature","id":"way/985181993","properties":{"building":"yes","kind":"building","osmId":"way/985181993","source":"OpenStreetMap","sourceUrl":"https://www.openstreetmap.org/way/985181993","inHistoricCore":true},"geometry":{"type":"Polygon","coordinates":[[[119.2919098,26.0849144],[119.2920586,26.0849614],[119.2920983,26.0848601],[119.2919494,26.0848132],[119.2919098,26.0849144]]]}},{"type":"Feature","id":"way/985181994","properties":{"building":"yes","kind":"building","osmId":"way/985181994","source":"OpenStreetMap","sourceUrl":"https://www.openstreetmap.org/way/985181994","inHistoricCore":true},"geometry":{"type":"Polygon","coordinates":[[[119.291779,26.0848753],[119.291885,26.0849096],[119.2919252,26.0848096],[119.2918192,26.0847752],[119.291779,26.0848753]]]}},{"type":"Feature","id":"way/985181995","properties":{"building":"yes","kind":"building","osmId":"way/985181995","source":"OpenStreetMap","sourceUrl":"https://www.openstreetmap.org/way/985181995","inHistoricCore":true},"geometry":{"type":"Polygon","coordinates":[[[119.2918387,26.0850204],[119.2918803,26.0849157],[119.2917863,26.0848856],[119.2917447,26.0849904],[119.2918387,26.0850204]]]}},{"type":"Feature","id":"way/985181996","properties":{"building":"yes","kind":"building","osmId":"way/985181996","source":"OpenStreetMap","sourceUrl":"https://www.openstreetmap.org/way/985181996","inHistoricCore":true},"geometry":{"type":"Polygon","coordinates":[[[119.291891,26.0849626],[119.2920271,26.0850012],[119.2920396,26.0849656],[119.2919035,26.0849271],[119.291891,26.0849626]]]}},{"type":"Feature","id":"way/985181997","properties":{"building":"yes","kind":"building","osmId":"way/985181997","source":"OpenStreetMap","sourceUrl":"https://www.openstreetmap.org/way/985181997","inHistoricCore":true},"geometry":{"type":"Polygon","coordinates":[[[119.2920352,26.0850192],[119.2918736,26.0849656],[119.2918461,26.0850323],[119.2920077,26.0850859],[119.2920352,26.0850192]]]}},{"type":"Feature","id":"way/985181998","properties":{"building":"yes","kind":"building","osmId":"way/985181998","source":"OpenStreetMap","sourceUrl":"https://www.openstreetmap.org/way/985181998","inHistoricCore":true},"geometry":{"type":"Polygon","coordinates":[[[119.2921197,26.0850271],[119.2921314,26.0849928],[119.2920597,26.084973],[119.2920479,26.0850072],[119.2921197,26.0850271]]]}},{"type":"Feature","id":"way/985181999","properties":{"building":"yes","kind":"building","osmId":"way/985181999","source":"OpenStreetMap","sourceUrl":"https://www.openstreetmap.org/way/985181999","inHistoricCore":true},"geometry":{"type":"Polygon","coordinates":[[[119.2920231,26.0850945],[119.292095,26.0851114],[119.2921178,26.0850331],[119.2920459,26.0850162],[119.2920231,26.0850945]]]}},{"type":"Feature","id":"way/985182000","properties":{"building":"yes","kind":"building","osmId":"way/985182000","source":"OpenStreetMap","sourceUrl":"https://www.openstreetmap.org/way/985182000","inHistoricCore":true},"geometry":{"type":"Polygon","coordinates":[[[119.292349,26.0839623],[119.2923637,26.0839003],[119.2923058,26.0838891],[119.292291,26.0839512],[119.292349,26.0839623]]]}},{"type":"Feature","id":"way/985182001","properties":{"building":"yes","kind":"building","osmId":"way/985182001","source":"OpenStreetMap","sourceUrl":"https://www.openstreetmap.org/way/985182001","inHistoricCore":true},"geometry":{"type":"Polygon","coordinates":[[[119.2922397,26.0841496],[119.292298,26.0841614],[119.2923456,26.083971],[119.2922873,26.0839593],[119.2922397,26.0841496]]]}},{"type":"Feature","id":"way/985186040","properties":{"building":"yes","kind":"building","osmId":"way/985186040","source":"OpenStreetMap","sourceUrl":"https://www.openstreetmap.org/way/985186040","inHistoricCore":true},"geometry":{"type":"Polygon","coordinates":[[[119.2953256,26.0840888],[119.2952921,26.0841816],[119.2955013,26.0842425],[119.2955348,26.0841496],[119.2953256,26.0840888]]]}},{"type":"Feature","id":"way/985186041","properties":{"building":"yes","kind":"building","osmId":"way/985186041","source":"OpenStreetMap","sourceUrl":"https://www.openstreetmap.org/way/985186041","inHistoricCore":true},"geometry":{"type":"Polygon","coordinates":[[[119.2952035,26.0840586],[119.2951558,26.084201],[119.2952604,26.0842293],[119.2953081,26.084087],[119.2952035,26.0840586]]]}},{"type":"Feature","id":"way/985186042","properties":{"building":"yes","kind":"building","osmId":"way/985186042","source":"OpenStreetMap","sourceUrl":"https://www.openstreetmap.org/way/985186042","inHistoricCore":true},"geometry":{"type":"Polygon","coordinates":[[[119.2949434,26.0839804],[119.2948975,26.0841047],[119.2951442,26.0841781],[119.2951901,26.0840538],[119.2949434,26.0839804]]]}},{"type":"Feature","id":"way/985186043","properties":{"building":"yes","kind":"building","osmId":"way/985186043","source":"OpenStreetMap","sourceUrl":"https://www.openstreetmap.org/way/985186043","inHistoricCore":true},"geometry":{"type":"Polygon","coordinates":[[[119.2948461,26.0839472],[119.2947948,26.0840967],[119.2948753,26.084119],[119.2949266,26.0839695],[119.2948461,26.0839472]]]}},{"type":"Feature","id":"way/985186044","properties":{"building":"yes","kind":"building","osmId":"way/985186044","source":"OpenStreetMap","sourceUrl":"https://www.openstreetmap.org/way/985186044","inHistoricCore":true},"geometry":{"type":"Polygon","coordinates":[[[119.2946155,26.0838804],[119.2945757,26.0839928],[119.2947997,26.0840567],[119.2948394,26.0839442],[119.2946155,26.0838804]]]}},{"type":"Feature","id":"way/985186047","properties":{"building":"yes","kind":"building","osmId":"way/985186047","source":"OpenStreetMap","sourceUrl":"https://www.openstreetmap.org/way/985186047","inHistoricCore":true},"geometry":{"type":"Polygon","coordinates":[[[119.2946966,26.0844844],[119.2947373,26.0844915],[119.294763,26.0843724],[119.2947223,26.0843653],[119.2946966,26.0844844]]]}},{"type":"Feature","id":"way/985186054","properties":{"building":"yes","kind":"building","osmId":"way/985186054","source":"OpenStreetMap","sourceUrl":"https://www.openstreetmap.org/way/985186054","inHistoricCore":true},"geometry":{"type":"Polygon","coordinates":[[[119.2941675,26.0843754],[119.2942134,26.0843847],[119.2942369,26.0842914],[119.294191,26.0842821],[119.2941675,26.0843754]]]}},{"type":"Feature","id":"way/985186056","properties":{"building":"yes","kind":"building","osmId":"way/985186056","source":"OpenStreetMap","sourceUrl":"https://www.openstreetmap.org/way/985186056","inHistoricCore":true},"geometry":{"type":"Polygon","coordinates":[[[119.2940643,26.0845049],[119.2940918,26.0843802],[119.2940571,26.0843741],[119.2940296,26.0844987],[119.2940643,26.0845049]]]}},{"type":"Feature","id":"way/985186057","properties":{"building":"yes","kind":"building","osmId":"way/985186057","source":"OpenStreetMap","sourceUrl":"https://www.openstreetmap.org/way/985186057","inHistoricCore":true},"geometry":{"type":"Polygon","coordinates":[[[119.2940924,26.0844013],[119.2940721,26.0844928],[119.2941827,26.0845127],[119.2942031,26.0844212],[119.2940924,26.0844013]]]}},{"type":"Feature","id":"way/985186066","properties":{"building":"yes","kind":"building","osmId":"way/985186066","source":"OpenStreetMap","sourceUrl":"https://www.openstreetmap.org/way/985186066","inHistoricCore":true},"geometry":{"type":"Polygon","coordinates":[[[119.2944961,26.0840141],[119.2945428,26.0840279],[119.2945551,26.0839942],[119.2945084,26.0839804],[119.2944961,26.0840141]]]}},{"type":"Feature","id":"way/985186067","properties":{"building":"yes","kind":"building","osmId":"way/985186067","source":"OpenStreetMap","sourceUrl":"https://www.openstreetmap.org/way/985186067","inHistoricCore":true},"geometry":{"type":"Polygon","coordinates":[[[119.2945046,26.0841524],[119.2945446,26.0841642],[119.2945501,26.0841493],[119.2946691,26.0841845],[119.2947117,26.0840682],[119.2945527,26.0840212],[119.2945046,26.0841524]]]}},{"type":"Feature","id":"way/985186068","properties":{"building":"yes","kind":"building","osmId":"way/985186068","source":"OpenStreetMap","sourceUrl":"https://www.openstreetmap.org/way/985186068","inHistoricCore":true},"geometry":{"type":"Polygon","coordinates":[[[119.2944995,26.0841616],[119.294462,26.0842731],[119.2946685,26.0843291],[119.294706,26.0842176],[119.2944995,26.0841616]]]}},{"type":"Feature","id":"way/985186069","properties":{"building":"yes","kind":"building","osmId":"way/985186069","source":"OpenStreetMap","sourceUrl":"https://www.openstreetmap.org/way/985186069","inHistoricCore":true},"geometry":{"type":"Polygon","coordinates":[[[119.2942641,26.0841966],[119.2942192,26.0841836],[119.2941958,26.0842493],[119.2942406,26.0842622],[119.2942641,26.0841966]]]}},{"type":"Feature","id":"way/985186070","properties":{"building":"yes","kind":"building","osmId":"way/985186070","source":"OpenStreetMap","sourceUrl":"https://www.openstreetmap.org/way/985186070","inHistoricCore":true},"geometry":{"type":"Polygon","coordinates":[[[119.294356,26.0839707],[119.2944883,26.084011],[119.2945001,26.0839797],[119.2943678,26.0839394],[119.294356,26.0839707]]]}},{"type":"Feature","id":"way/985186071","properties":{"building":"yes","kind":"building","osmId":"way/985186071","source":"OpenStreetMap","sourceUrl":"https://www.openstreetmap.org/way/985186071","inHistoricCore":true},"geometry":{"type":"Polygon","coordinates":[[[119.2942118,26.0839261],[119.294345,26.0839667],[119.294356,26.0839376],[119.2942228,26.083897],[119.2942118,26.0839261]]]}},{"type":"Feature","id":"way/985186072","properties":{"building":"yes","kind":"building","osmId":"way/985186072","source":"OpenStreetMap","sourceUrl":"https://www.openstreetmap.org/way/985186072","inHistoricCore":true},"geometry":{"type":"Polygon","coordinates":[[[119.2941172,26.0839057],[119.2941981,26.0839303],[119.2942131,26.0838906],[119.2941322,26.083866],[119.2941172,26.0839057]]]}},{"type":"Feature","id":"way/985186073","properties":{"building":"yes","kind":"building","osmId":"way/985186073","source":"OpenStreetMap","sourceUrl":"https://www.openstreetmap.org/way/985186073","inHistoricCore":true},"geometry":{"type":"Polygon","coordinates":[[[119.2941548,26.0841116],[119.294173,26.0840635],[119.2941273,26.0840496],[119.2941091,26.0840977],[119.2941548,26.0841116]]]}},{"type":"Feature","id":"way/985186074","properties":{"building":"yes","kind":"building","osmId":"way/985186074","source":"OpenStreetMap","sourceUrl":"https://www.openstreetmap.org/way/985186074","inHistoricCore":true},"geometry":{"type":"Polygon","coordinates":[[[119.2940334,26.0841393],[119.2940811,26.0841539],[119.2941152,26.0840635],[119.2940676,26.0840489],[119.2940334,26.0841393]]]}},{"type":"Feature","id":"way/985186075","properties":{"building":"yes","kind":"building","osmId":"way/985186075","source":"OpenStreetMap","sourceUrl":"https://www.openstreetmap.org/way/985186075","inHistoricCore":true},"geometry":{"type":"Polygon","coordinates":[[[119.2939865,26.0842508],[119.2940417,26.0842676],[119.2940783,26.0841707],[119.2940231,26.0841538],[119.2939865,26.0842508]]]}},{"type":"Feature","id":"way/985186078","properties":{"building":"yes","kind":"building","osmId":"way/985186078","source":"OpenStreetMap","sourceUrl":"https://www.openstreetmap.org/way/985186078","inHistoricCore":true},"geometry":{"type":"Polygon","coordinates":[[[119.2939436,26.0843357],[119.2940535,26.0843634],[119.2940705,26.0843092],[119.2939605,26.0842815],[119.2939436,26.0843357]]]}},{"type":"Feature","id":"way/985186079","properties":{"building":"yes","kind":"building","osmId":"way/985186079","source":"OpenStreetMap","sourceUrl":"https://www.openstreetmap.org/way/985186079","inHistoricCore":true},"geometry":{"type":"Polygon","coordinates":[[[119.2938711,26.0844597],[119.2940254,26.0844772],[119.2940384,26.0843847],[119.2938841,26.0843672],[119.2938711,26.0844597]]]}},{"type":"Feature","id":"way/985186082","properties":{"building":"yes","kind":"building","osmId":"way/985186082","source":"OpenStreetMap","sourceUrl":"https://www.openstreetmap.org/way/985186082","inHistoricCore":true},"geometry":{"type":"Polygon","coordinates":[[[119.2938168,26.0846374],[119.293893,26.0846545],[119.2939349,26.0845043],[119.2938586,26.0844872],[119.2938168,26.0846374]]]}},{"type":"Feature","id":"way/985186083","properties":{"building":"yes","kind":"building","osmId":"way/985186083","source":"OpenStreetMap","sourceUrl":"https://www.openstreetmap.org/way/985186083","inHistoricCore":true},"geometry":{"type":"Polygon","coordinates":[[[119.2937672,26.08452],[119.2938344,26.0845351],[119.2938638,26.0844296],[119.2937966,26.0844145],[119.2937672,26.08452]]]}},{"type":"Feature","id":"way/985186084","properties":{"building":"yes","kind":"building","osmId":"way/985186084","source":"OpenStreetMap","sourceUrl":"https://www.openstreetmap.org/way/985186084","inHistoricCore":true},"geometry":{"type":"Polygon","coordinates":[[[119.2937411,26.0846169],[119.2938001,26.0846302],[119.2938249,26.0845411],[119.2937659,26.0845278],[119.2937411,26.0846169]]]}},{"type":"Feature","id":"way/985186085","properties":{"building":"yes","kind":"building","osmId":"way/985186085","source":"OpenStreetMap","sourceUrl":"https://www.openstreetmap.org/way/985186085","inHistoricCore":true},"geometry":{"type":"Polygon","coordinates":[[[119.2938416,26.0843056],[119.2939066,26.0843203],[119.2939294,26.084239],[119.2938644,26.0842243],[119.2938416,26.0843056]]]}},{"type":"Feature","id":"way/985186086","properties":{"building":"yes","kind":"building","osmId":"way/985186086","source":"OpenStreetMap","sourceUrl":"https://www.openstreetmap.org/way/985186086","inHistoricCore":true},"geometry":{"type":"Polygon","coordinates":[[[119.2938899,26.084108],[119.2940165,26.0841425],[119.2940635,26.0840034],[119.2939369,26.0839689],[119.2938899,26.084108]]]}},{"type":"Feature","id":"way/985186087","properties":{"building":"yes","kind":"building","osmId":"way/985186087","source":"OpenStreetMap","sourceUrl":"https://www.openstreetmap.org/way/985186087","inHistoricCore":true},"geometry":{"type":"Polygon","coordinates":[[[119.2938591,26.084199],[119.2939818,26.0842267],[119.294004,26.0841475],[119.2938812,26.0841198],[119.2938591,26.084199]]]}},{"type":"Feature","id":"way/985186088","properties":{"building":"yes","kind":"building","osmId":"way/985186088","source":"OpenStreetMap","sourceUrl":"https://www.openstreetmap.org/way/985186088","inHistoricCore":true},"geometry":{"type":"Polygon","coordinates":[[[119.2941253,26.0838533],[119.2945618,26.083987],[119.2946048,26.0838739],[119.2941682,26.0837402],[119.2941253,26.0838533]]]}},{"type":"Feature","id":"way/985186089","properties":{"building":"yes","kind":"building","osmId":"way/985186089","source":"OpenStreetMap","sourceUrl":"https://www.openstreetmap.org/way/985186089","inHistoricCore":true},"geometry":{"type":"Polygon","coordinates":[[[119.2939597,26.0839177],[119.2940767,26.0839514],[119.2941317,26.0837972],[119.2940146,26.0837635],[119.2939597,26.0839177]]]}},{"type":"Feature","id":"way/985186090","properties":{"building":"yes","kind":"building","osmId":"way/985186090","source":"OpenStreetMap","sourceUrl":"https://www.openstreetmap.org/way/985186090","inHistoricCore":true},"geometry":{"type":"Polygon","coordinates":[[[119.2940214,26.0837461],[119.2941438,26.0837776],[119.2941575,26.0837346],[119.294035,26.0837031],[119.2940214,26.0837461]]]}},{"type":"Feature","id":"way/985186091","properties":{"building":"yes","kind":"building","osmId":"way/985186091","source":"OpenStreetMap","sourceUrl":"https://www.openstreetmap.org/way/985186091","inHistoricCore":true},"geometry":{"type":"Polygon","coordinates":[[[119.2938725,26.0838039],[119.2939817,26.083832],[119.29402,26.0837117],[119.2939108,26.0836837],[119.2938725,26.0838039]]]}},{"type":"Feature","id":"way/985186094","properties":{"building":"yes","kind":"building","osmId":"way/985186094","source":"OpenStreetMap","sourceUrl":"https://www.openstreetmap.org/way/985186094","inHistoricCore":true},"geometry":{"type":"Polygon","coordinates":[[[119.2937451,26.0841424],[119.2938545,26.0841721],[119.2939094,26.0840089],[119.2938001,26.0839791],[119.2937451,26.0841424]]]}},{"type":"Feature","id":"way/985186097","properties":{"building":"yes","kind":"building","osmId":"way/985186097","source":"OpenStreetMap","sourceUrl":"https://www.openstreetmap.org/way/985186097","inHistoricCore":true},"geometry":{"type":"Polygon","coordinates":[[[119.2936975,26.0843291],[119.2938115,26.0843547],[119.293851,26.0842128],[119.293737,26.0841872],[119.2936975,26.0843291]]]}},{"type":"Feature","id":"way/985186098","properties":{"building":"yes","kind":"building","osmId":"way/985186098","source":"OpenStreetMap","sourceUrl":"https://www.openstreetmap.org/way/985186098","inHistoricCore":true},"geometry":{"type":"Polygon","coordinates":[[[119.293609,26.0839255],[119.2938026,26.083969],[119.293837,26.0838454],[119.2936434,26.083802],[119.293609,26.0839255]]]}},{"type":"Feature","id":"way/985186099","properties":{"building":"yes","kind":"building","osmId":"way/985186099","source":"OpenStreetMap","sourceUrl":"https://www.openstreetmap.org/way/985186099","inHistoricCore":true},"geometry":{"type":"Polygon","coordinates":[[[119.2935607,26.084055],[119.2937544,26.0840985],[119.2937759,26.0840213],[119.2935822,26.0839778],[119.2935607,26.084055]]]}},{"type":"Feature","id":"way/985186100","properties":{"building":"yes","kind":"building","osmId":"way/985186100","source":"OpenStreetMap","sourceUrl":"https://www.openstreetmap.org/way/985186100","inHistoricCore":true},"geometry":{"type":"Polygon","coordinates":[[[119.2935158,26.0842249],[119.2937005,26.0842664],[119.293725,26.0841785],[119.2935402,26.084137],[119.2935158,26.0842249]]]}},{"type":"Feature","id":"way/985186103","properties":{"building":"yes","kind":"building","osmId":"way/985186103","source":"OpenStreetMap","sourceUrl":"https://www.openstreetmap.org/way/985186103","inHistoricCore":true},"geometry":{"type":"Polygon","coordinates":[[[119.2934199,26.0845278],[119.2934923,26.0845441],[119.293549,26.0843404],[119.2934765,26.0843242],[119.2934199,26.0845278]]]}},{"type":"Feature","id":"way/985186104","properties":{"building":"yes","kind":"building","osmId":"way/985186104","source":"OpenStreetMap","sourceUrl":"https://www.openstreetmap.org/way/985186104","inHistoricCore":true},"geometry":{"type":"Polygon","coordinates":[[[119.2936813,26.0837056],[119.293667,26.0837513],[119.2938638,26.0838009],[119.2939097,26.0836537],[119.2934271,26.0835125],[119.2933736,26.083684],[119.2936056,26.0837425],[119.2936218,26.0836906],[119.2936813,26.0837056]]]}},{"type":"Feature","id":"way/985186107","properties":{"building":"yes","kind":"building","osmId":"way/985186107","source":"OpenStreetMap","sourceUrl":"https://www.openstreetmap.org/way/985186107","inHistoricCore":true},"geometry":{"type":"Polygon","coordinates":[[[119.2933964,26.0845001],[119.2934427,26.0843459],[119.2933931,26.0843339],[119.2933468,26.0844881],[119.2933964,26.0845001]]]}},{"type":"Feature","id":"way/985186108","properties":{"building":"yes","kind":"building","osmId":"way/985186108","source":"OpenStreetMap","sourceUrl":"https://www.openstreetmap.org/way/985186108","inHistoricCore":true},"geometry":{"type":"Polygon","coordinates":[[[119.2931899,26.0845061],[119.2933354,26.0845386],[119.2933481,26.0844926],[119.2932026,26.08446],[119.2931899,26.0845061]]]}},{"type":"Feature","id":"way/985186109","properties":{"building":"yes","kind":"building","osmId":"way/985186109","source":"OpenStreetMap","sourceUrl":"https://www.openstreetmap.org/way/985186109","inHistoricCore":true},"geometry":{"type":"Polygon","coordinates":[[[119.29321,26.0844435],[119.2933418,26.0844769],[119.293383,26.0843459],[119.2932511,26.0843125],[119.29321,26.0844435]]]}},{"type":"Feature","id":"way/985186110","properties":{"building":"yes","kind":"building","osmId":"way/985186110","source":"OpenStreetMap","sourceUrl":"https://www.openstreetmap.org/way/985186110","inHistoricCore":true},"geometry":{"type":"Polygon","coordinates":[[[119.2931711,26.0844146],[119.293203,26.0844227],[119.2932328,26.0843279],[119.2932009,26.0843198],[119.2931711,26.0844146]]]}},{"type":"Feature","id":"way/985186111","properties":{"building":"yes","kind":"building","osmId":"way/985186111","source":"OpenStreetMap","sourceUrl":"https://www.openstreetmap.org/way/985186111","inHistoricCore":true},"geometry":{"type":"Polygon","coordinates":[[[119.2931436,26.0844929],[119.2931811,26.0845024],[119.2931979,26.0844489],[119.2931604,26.0844394],[119.2931436,26.0844929]]]}},{"type":"Feature","id":"way/985186112","properties":{"building":"yes","kind":"building","osmId":"way/985186112","source":"OpenStreetMap","sourceUrl":"https://www.openstreetmap.org/way/985186112","inHistoricCore":true},"geometry":{"type":"Polygon","coordinates":[[[119.2930866,26.0844447],[119.2931463,26.0844598],[119.2931919,26.0843147],[119.2931322,26.0842995],[119.2930866,26.0844447]]]}},{"type":"Feature","id":"way/985186113","properties":{"building":"yes","kind":"building","osmId":"way/985186113","source":"OpenStreetMap","sourceUrl":"https://www.openstreetmap.org/way/985186113","inHistoricCore":true},"geometry":{"type":"Polygon","coordinates":[[[119.2931221,26.0840574],[119.2931724,26.0840671],[119.2931806,26.0840326],[119.2931303,26.084023],[119.2931221,26.0840574]]]}},{"type":"Feature","id":"way/985186114","properties":{"building":"yes","kind":"building","osmId":"way/985186114","source":"OpenStreetMap","sourceUrl":"https://www.openstreetmap.org/way/985186114","inHistoricCore":true},"geometry":{"type":"Polygon","coordinates":[[[119.2931215,26.0840659],[119.2930754,26.0842344],[119.29319,26.0842597],[119.2932361,26.0840912],[119.2931215,26.0840659]]]}},{"type":"Feature","id":"way/985186115","properties":{"building":"yes","kind":"building","osmId":"way/985186115","source":"OpenStreetMap","sourceUrl":"https://www.openstreetmap.org/way/985186115","inHistoricCore":true},"geometry":{"type":"Polygon","coordinates":[[[119.2931288,26.0840117],[119.2932569,26.084043],[119.2932819,26.0839607],[119.2931538,26.0839294],[119.2931288,26.0840117]]]}},{"type":"Feature","id":"way/985186116","properties":{"building":"yes","kind":"building","osmId":"way/985186116","source":"OpenStreetMap","sourceUrl":"https://www.openstreetmap.org/way/985186116","inHistoricCore":true},"geometry":{"type":"Polygon","coordinates":[[[119.2930779,26.083681],[119.2932045,26.0837144],[119.2932688,26.0835175],[119.2931423,26.0834841],[119.2930779,26.083681]]]}},{"type":"Feature","id":"way/985186120","properties":{"building":"yes","kind":"building","osmId":"way/985186120","source":"OpenStreetMap","sourceUrl":"https://www.openstreetmap.org/way/985186120","inHistoricCore":true},"geometry":{"type":"Polygon","coordinates":[[[119.2930591,26.0842285],[119.2931181,26.0840364],[119.2930273,26.0840125],[119.2929824,26.0842095],[119.2930591,26.0842285]]]}},{"type":"Feature","id":"way/985186124","properties":{"building":"yes","kind":"building","osmId":"way/985186124","source":"OpenStreetMap","sourceUrl":"https://www.openstreetmap.org/way/985186124","inHistoricCore":true},"geometry":{"type":"Polygon","coordinates":[[[119.2946282,26.0847518],[119.2947368,26.0847687],[119.2947549,26.0846747],[119.2946463,26.0846578],[119.2946282,26.0847518]]]}},{"type":"Feature","id":"way/985186125","properties":{"building":"yes","kind":"building","osmId":"way/985186125","source":"OpenStreetMap","sourceUrl":"https://www.openstreetmap.org/way/985186125","inHistoricCore":true},"geometry":{"type":"Polygon","coordinates":[[[119.2948669,26.0846874],[119.2947762,26.0846682],[119.2947556,26.0847464],[119.2948464,26.0847656],[119.2948669,26.0846874]]]}},{"type":"Feature","id":"way/985186126","properties":{"building":"yes","kind":"building","osmId":"way/985186126","source":"OpenStreetMap","sourceUrl":"https://www.openstreetmap.org/way/985186126","inHistoricCore":true},"geometry":{"type":"Polygon","coordinates":[[[119.294765,26.0846507],[119.2948751,26.084674],[119.2948984,26.084585],[119.2947884,26.0845617],[119.294765,26.0846507]]]}},{"type":"Feature","id":"way/985186127","properties":{"building":"yes","kind":"building","osmId":"way/985186127","source":"OpenStreetMap","sourceUrl":"https://www.openstreetmap.org/way/985186127","inHistoricCore":true},"geometry":{"type":"Polygon","coordinates":[[[119.2949454,26.0847783],[119.2949959,26.084586],[119.2949172,26.0845694],[119.2948667,26.0847617],[119.2949454,26.0847783]]]}},{"type":"Feature","id":"way/985186128","properties":{"building":"yes","kind":"building","osmId":"way/985186128","source":"OpenStreetMap","sourceUrl":"https://www.openstreetmap.org/way/985186128","inHistoricCore":true},"geometry":{"type":"Polygon","coordinates":[[[119.2949635,26.0847458],[119.2950352,26.084761],[119.2950607,26.0846639],[119.294989,26.0846487],[119.2949635,26.0847458]]]}},{"type":"Feature","id":"way/985186129","properties":{"building":"yes","kind":"building","osmId":"way/985186129","source":"OpenStreetMap","sourceUrl":"https://www.openstreetmap.org/way/985186129","inHistoricCore":true},"geometry":{"type":"Polygon","coordinates":[[[119.2950037,26.0848536],[119.2950258,26.0847695],[119.2949595,26.0847555],[119.2949374,26.0848396],[119.2950037,26.0848536]]]}},{"type":"Feature","id":"way/985186130","properties":{"building":"yes","kind":"building","osmId":"way/985186130","source":"OpenStreetMap","sourceUrl":"https://www.openstreetmap.org/way/985186130","inHistoricCore":true},"geometry":{"type":"Polygon","coordinates":[[[119.295056,26.0847229],[119.2951335,26.0847394],[119.2951606,26.0846362],[119.2950831,26.0846198],[119.295056,26.0847229]]]}},{"type":"Feature","id":"way/985186131","properties":{"building":"yes","kind":"building","osmId":"way/985186131","source":"OpenStreetMap","sourceUrl":"https://www.openstreetmap.org/way/985186131","inHistoricCore":true},"geometry":{"type":"Polygon","coordinates":[[[119.2951633,26.0848145],[119.2951763,26.0847649],[119.295052,26.0847386],[119.295039,26.0847881],[119.2951633,26.0848145]]]}},{"type":"Feature","id":"way/985186132","properties":{"building":"yes","kind":"building","osmId":"way/985186132","source":"OpenStreetMap","sourceUrl":"https://www.openstreetmap.org/way/985186132","inHistoricCore":true},"geometry":{"type":"Polygon","coordinates":[[[119.2950124,26.0848596],[119.2951522,26.0848893],[119.2951667,26.0848343],[119.2950268,26.0848047],[119.2950124,26.0848596]]]}},{"type":"Feature","id":"way/985187626","properties":{"building":"yes","kind":"building","osmId":"way/985187626","source":"OpenStreetMap","sourceUrl":"https://www.openstreetmap.org/way/985187626","inHistoricCore":true},"geometry":{"type":"Polygon","coordinates":[[[119.2924002,26.0832254],[119.2922924,26.0832036],[119.292208,26.0835397],[119.2924328,26.0835853],[119.29249,26.0833574],[119.2924905,26.0833534],[119.2924934,26.0833232],[119.2924866,26.0832934],[119.2924708,26.0832666],[119.2924473,26.0832448],[119.2924178,26.0832299],[119.2924002,26.0832254]]]}},{"type":"Feature","id":"way/985187627","properties":{"building":"yes","kind":"building","osmId":"way/985187627","source":"OpenStreetMap","sourceUrl":"https://www.openstreetmap.org/way/985187627","inHistoricCore":true},"geometry":{"type":"Polygon","coordinates":[[[119.2921975,26.0836551],[119.2923133,26.0836786],[119.2923383,26.0835792],[119.2922224,26.0835558],[119.2921975,26.0836551]]]}},{"type":"Feature","id":"way/985187628","properties":{"building":"yes","kind":"building","osmId":"way/985187628","source":"OpenStreetMap","sourceUrl":"https://www.openstreetmap.org/way/985187628","inHistoricCore":true},"geometry":{"type":"Polygon","coordinates":[[[119.29229,26.0837575],[119.2923076,26.0836875],[119.2922189,26.0836696],[119.2922013,26.0837396],[119.29229,26.0837575]]]}},{"type":"Feature","id":"way/985187629","properties":{"building":"yes","kind":"building","osmId":"way/985187629","source":"OpenStreetMap","sourceUrl":"https://www.openstreetmap.org/way/985187629","inHistoricCore":true},"geometry":{"type":"Polygon","coordinates":[[[119.2923027,26.0837653],[119.2923816,26.0837813],[119.2924278,26.083597],[119.292349,26.0835811],[119.2923027,26.0837653]]]}},{"type":"Feature","id":"way/985187630","properties":{"building":"yes","kind":"building","osmId":"way/985187630","source":"OpenStreetMap","sourceUrl":"https://www.openstreetmap.org/way/985187630","inHistoricCore":true},"geometry":{"type":"Polygon","coordinates":[[[119.2923825,26.0837937],[119.2921753,26.0837431],[119.2921475,26.083835],[119.2923621,26.0838904],[119.2923825,26.0837937]]]}},{"type":"Feature","id":"way/985190451","properties":{"building":"yes","kind":"building","osmId":"way/985190451","source":"OpenStreetMap","sourceUrl":"https://www.openstreetmap.org/way/985190451","inHistoricCore":true},"geometry":{"type":"Polygon","coordinates":[[[119.2906733,26.0857227],[119.2906817,26.0856687],[119.290504,26.0856464],[119.2904956,26.0857004],[119.2906733,26.0857227]]]}},{"type":"Feature","id":"way/985190452","properties":{"building":"yes","kind":"building","osmId":"way/985190452","source":"OpenStreetMap","sourceUrl":"https://www.openstreetmap.org/way/985190452","inHistoricCore":true},"geometry":{"type":"Polygon","coordinates":[[[119.2906827,26.0857648],[119.2908067,26.0857823],[119.290819,26.0857119],[119.290695,26.0856944],[119.2906827,26.0857648]]]}},{"type":"Feature","id":"way/985190455","properties":{"building":"yes","kind":"building","osmId":"way/985190455","source":"OpenStreetMap","sourceUrl":"https://www.openstreetmap.org/way/985190455","inHistoricCore":true},"geometry":{"type":"Polygon","coordinates":[[[119.2904484,26.0860327],[119.2905034,26.0860387],[119.2905119,26.0859764],[119.2904569,26.0859703],[119.2904484,26.0860327]]]}},{"type":"Feature","id":"way/985190456","properties":{"building":"yes","kind":"building","osmId":"way/985190456","source":"OpenStreetMap","sourceUrl":"https://www.openstreetmap.org/way/985190456","inHistoricCore":true},"geometry":{"type":"Polygon","coordinates":[[[119.2905324,26.0860418],[119.2905875,26.0860479],[119.2905959,26.0859855],[119.2905409,26.0859795],[119.2905324,26.0860418]]]}},{"type":"Feature","id":"way/985190457","properties":{"building":"yes","kind":"building","osmId":"way/985190457","source":"OpenStreetMap","sourceUrl":"https://www.openstreetmap.org/way/985190457","inHistoricCore":true},"geometry":{"type":"Polygon","coordinates":[[[119.2909073,26.0842321],[119.2909835,26.0842552],[119.2909958,26.0842225],[119.2909196,26.0841993],[119.2909073,26.0842321]]]}},{"type":"Feature","id":"way/985190458","properties":{"building":"yes","kind":"building","osmId":"way/985190458","source":"OpenStreetMap","sourceUrl":"https://www.openstreetmap.org/way/985190458","inHistoricCore":true},"geometry":{"type":"Polygon","coordinates":[[[119.2908818,26.0842995],[119.290942,26.0843178],[119.2909643,26.0842586],[119.2909041,26.0842403],[119.2908818,26.0842995]]]}},{"type":"Feature","id":"way/985190459","properties":{"building":"yes","kind":"building","osmId":"way/985190459","source":"OpenStreetMap","sourceUrl":"https://www.openstreetmap.org/way/985190459","inHistoricCore":true},"geometry":{"type":"Polygon","coordinates":[[[119.2908289,26.0844266],[119.2909002,26.0844483],[119.290918,26.0844007],[119.2908467,26.0843791],[119.2908289,26.0844266]]]}},{"type":"Feature","id":"way/985190460","properties":{"building":"yes","kind":"building","osmId":"way/985190460","source":"OpenStreetMap","sourceUrl":"https://www.openstreetmap.org/way/985190460","inHistoricCore":true},"geometry":{"type":"Polygon","coordinates":[[[119.2907926,26.0845429],[119.2908451,26.0845588],[119.2908791,26.0844682],[119.2908267,26.0844523],[119.2907926,26.0845429]]]}},{"type":"Feature","id":"way/985190461","properties":{"building":"yes","kind":"building","osmId":"way/985190461","source":"OpenStreetMap","sourceUrl":"https://www.openstreetmap.org/way/985190461","inHistoricCore":true},"geometry":{"type":"Polygon","coordinates":[[[119.2907611,26.0846133],[119.2908331,26.0846351],[119.290849,26.0845928],[119.290777,26.084571],[119.2907611,26.0846133]]]}},{"type":"Feature","id":"way/985190465","properties":{"building":"yes","kind":"building","osmId":"way/985190465","source":"OpenStreetMap","sourceUrl":"https://www.openstreetmap.org/way/985190465","inHistoricCore":true},"geometry":{"type":"Polygon","coordinates":[[[119.2911715,26.084588],[119.2912266,26.0846047],[119.2912553,26.0845284],[119.2912002,26.0845117],[119.2911715,26.084588]]]}},{"type":"Feature","id":"way/985190466","properties":{"building":"yes","kind":"building","osmId":"way/985190466","source":"OpenStreetMap","sourceUrl":"https://www.openstreetmap.org/way/985190466","inHistoricCore":true},"geometry":{"type":"Polygon","coordinates":[[[119.2909938,26.0846693],[119.2911053,26.0847032],[119.2911561,26.0845682],[119.2910446,26.0845343],[119.2909938,26.0846693]]]}},{"type":"Feature","id":"way/985190467","properties":{"building":"yes","kind":"building","osmId":"way/985190467","source":"OpenStreetMap","sourceUrl":"https://www.openstreetmap.org/way/985190467","inHistoricCore":true},"geometry":{"type":"Polygon","coordinates":[[[119.2911728,26.0845585],[119.2912228,26.0844258],[119.2911004,26.0843887],[119.2910505,26.0845214],[119.2911728,26.0845585]]]}},{"type":"Feature","id":"way/985190468","properties":{"building":"yes","kind":"building","osmId":"way/985190468","source":"OpenStreetMap","sourceUrl":"https://www.openstreetmap.org/way/985190468","inHistoricCore":true},"geometry":{"type":"Polygon","coordinates":[[[119.2913412,26.0845248],[119.2914094,26.0845455],[119.2914297,26.0844917],[119.2913614,26.084471],[119.2913412,26.0845248]]]}},{"type":"Feature","id":"way/985190469","properties":{"building":"yes","kind":"building","osmId":"way/985190469","source":"OpenStreetMap","sourceUrl":"https://www.openstreetmap.org/way/985190469","inHistoricCore":true},"geometry":{"type":"Polygon","coordinates":[[[119.2912392,26.0846031],[119.2912749,26.0846139],[119.2913157,26.0845055],[119.29128,26.0844947],[119.2912392,26.0846031]]]}},{"type":"Feature","id":"way/985190473","properties":{"building":"yes","kind":"building","osmId":"way/985190473","source":"OpenStreetMap","sourceUrl":"https://www.openstreetmap.org/way/985190473","inHistoricCore":true},"geometry":{"type":"Polygon","coordinates":[[[119.2912218,26.0847723],[119.2912672,26.0846334],[119.2911552,26.0846039],[119.2911098,26.0847428],[119.2912218,26.0847723]]]}},{"type":"Feature","id":"way/985190474","properties":{"building":"yes","kind":"building","osmId":"way/985190474","source":"OpenStreetMap","sourceUrl":"https://www.openstreetmap.org/way/985190474","inHistoricCore":true},"geometry":{"type":"Polygon","coordinates":[[[119.2914458,26.0843104],[119.2914913,26.0843264],[119.2915276,26.0842429],[119.291482,26.084227],[119.2914458,26.0843104]]]}},{"type":"Feature","id":"way/985190475","properties":{"building":"yes","kind":"building","osmId":"way/985190475","source":"OpenStreetMap","sourceUrl":"https://www.openstreetmap.org/way/985190475","inHistoricCore":true},"geometry":{"type":"Polygon","coordinates":[[[119.2913961,26.084264],[119.2914452,26.0842812],[119.2914786,26.0842044],[119.2914296,26.0841872],[119.2913961,26.084264]]]}},{"type":"Feature","id":"way/985190476","properties":{"building":"yes","kind":"building","osmId":"way/985190476","source":"OpenStreetMap","sourceUrl":"https://www.openstreetmap.org/way/985190476","inHistoricCore":true},"geometry":{"type":"Polygon","coordinates":[[[119.2913378,26.0842393],[119.291388,26.0842569],[119.2914069,26.0842134],[119.2913567,26.0841958],[119.2913378,26.0842393]]]}},{"type":"Feature","id":"way/985190477","properties":{"building":"yes","kind":"building","osmId":"way/985190477","source":"OpenStreetMap","sourceUrl":"https://www.openstreetmap.org/way/985190477","inHistoricCore":true},"geometry":{"type":"Polygon","coordinates":[[[119.2912788,26.084308],[119.2913511,26.0843334],[119.2913774,26.084273],[119.291305,26.0842477],[119.2912788,26.084308]]]}},{"type":"Feature","id":"way/985190478","properties":{"building":"yes","kind":"building","osmId":"way/985190478","source":"OpenStreetMap","sourceUrl":"https://www.openstreetmap.org/way/985190478","inHistoricCore":true},"geometry":{"type":"Polygon","coordinates":[[[119.2909288,26.0841905],[119.291021,26.0842229],[119.2910481,26.0841604],[119.2909559,26.0841281],[119.2909288,26.0841905]]]}},{"type":"Feature","id":"way/985190479","properties":{"building":"yes","kind":"building","osmId":"way/985190479","source":"OpenStreetMap","sourceUrl":"https://www.openstreetmap.org/way/985190479","inHistoricCore":true},"geometry":{"type":"Polygon","coordinates":[[[119.2910528,26.0844272],[119.2910842,26.0843551],[119.2909978,26.0843248],[119.2909665,26.0843969],[119.2910528,26.0844272]]]}},{"type":"Feature","id":"way/985190480","properties":{"building":"yes","kind":"building","osmId":"way/985190480","source":"OpenStreetMap","sourceUrl":"https://www.openstreetmap.org/way/985190480","inHistoricCore":true},"geometry":{"type":"Polygon","coordinates":[[[119.291026,26.0842899],[119.2910981,26.0843152],[119.2911259,26.0842514],[119.2910538,26.0842261],[119.291026,26.0842899]]]}},{"type":"Feature","id":"way/985190481","properties":{"building":"yes","kind":"building","osmId":"way/985190481","source":"OpenStreetMap","sourceUrl":"https://www.openstreetmap.org/way/985190481","inHistoricCore":true},"geometry":{"type":"Polygon","coordinates":[[[119.2911655,26.0841851],[119.2911236,26.0842814],[119.2912577,26.0843284],[119.2912996,26.0842321],[119.2911655,26.0841851]]]}},{"type":"Feature","id":"way/985190492","properties":{"building":"yes","kind":"building","osmId":"way/985190492","source":"OpenStreetMap","sourceUrl":"https://www.openstreetmap.org/way/985190492","inHistoricCore":true},"geometry":{"type":"Polygon","coordinates":[[[119.2918796,26.0844802],[119.2917965,26.0844567],[119.2917723,26.0845258],[119.2918554,26.0845493],[119.2918796,26.0844802]]]}},{"type":"Feature","id":"way/985190493","properties":{"building":"yes","kind":"building","osmId":"way/985190493","source":"OpenStreetMap","sourceUrl":"https://www.openstreetmap.org/way/985190493","inHistoricCore":true},"geometry":{"type":"Polygon","coordinates":[[[119.291887,26.0845007],[119.2919929,26.0845201],[119.2920151,26.0844224],[119.2919092,26.084403],[119.291887,26.0845007]]]}},{"type":"Feature","id":"way/985190494","properties":{"building":"yes","kind":"building","osmId":"way/985190494","source":"OpenStreetMap","sourceUrl":"https://www.openstreetmap.org/way/985190494","inHistoricCore":true},"geometry":{"type":"Polygon","coordinates":[[[119.2918716,26.0845645],[119.2919735,26.0845832],[119.2919851,26.084532],[119.2918832,26.0845133],[119.2918716,26.0845645]]]}},{"type":"Feature","id":"way/985190495","properties":{"building":"yes","kind":"building","osmId":"way/985190495","source":"OpenStreetMap","sourceUrl":"https://www.openstreetmap.org/way/985190495","inHistoricCore":true},"geometry":{"type":"Polygon","coordinates":[[[119.2918535,26.0845778],[119.2918332,26.0846686],[119.2919338,26.0846867],[119.291954,26.0845959],[119.2918535,26.0845778]]]}},{"type":"Feature","id":"way/985857210","properties":{"building":"yes","kind":"building","osmId":"way/985857210","source":"OpenStreetMap","sourceUrl":"https://www.openstreetmap.org/way/985857210","inHistoricCore":true},"geometry":{"type":"Polygon","coordinates":[[[119.2901657,26.0854634],[119.2903668,26.0855058],[119.290389,26.0854209],[119.2903428,26.0854112],[119.2903679,26.0853148],[119.2902632,26.0852928],[119.2902515,26.0853376],[119.2902013,26.085327],[119.2901657,26.0854634]]]}},{"type":"Feature","id":"way/985857211","properties":{"building":"yes","kind":"building","osmId":"way/985857211","source":"OpenStreetMap","sourceUrl":"https://www.openstreetmap.org/way/985857211","inHistoricCore":true},"geometry":{"type":"Polygon","coordinates":[[[119.2902763,26.0856281],[119.2903308,26.0856396],[119.2903568,26.0855402],[119.2903023,26.0855287],[119.2902763,26.0856281]]]}},{"type":"Feature","id":"way/985857212","properties":{"building":"yes","kind":"building","osmId":"way/985857212","source":"OpenStreetMap","sourceUrl":"https://www.openstreetmap.org/way/985857212","inHistoricCore":true},"geometry":{"type":"Polygon","coordinates":[[[119.2901851,26.085486],[119.290168,26.0855515],[119.2902166,26.0855618],[119.2902097,26.0855885],[119.2902697,26.0856011],[119.2902938,26.0855089],[119.2901851,26.085486]]]}},{"type":"Feature","id":"way/985857213","properties":{"building":"yes","kind":"building","osmId":"way/985857213","source":"OpenStreetMap","sourceUrl":"https://www.openstreetmap.org/way/985857213","inHistoricCore":true},"geometry":{"type":"Polygon","coordinates":[[[119.2905647,26.0847284],[119.2906556,26.0847442],[119.2906746,26.0846561],[119.2905837,26.0846402],[119.2905647,26.0847284]]]}},{"type":"Feature","id":"way/985857217","properties":{"building":"yes","kind":"building","osmId":"way/985857217","source":"OpenStreetMap","sourceUrl":"https://www.openstreetmap.org/way/985857217","inHistoricCore":true},"geometry":{"type":"Polygon","coordinates":[[[119.2904373,26.0854294],[119.2905212,26.0854444],[119.2905433,26.0853444],[119.2904594,26.0853294],[119.2904373,26.0854294]]]}},{"type":"Feature","id":"way/985857218","properties":{"building":"yes","kind":"building","osmId":"way/985857218","source":"OpenStreetMap","sourceUrl":"https://www.openstreetmap.org/way/985857218","inHistoricCore":true},"geometry":{"type":"Polygon","coordinates":[[[119.2903984,26.0855034],[119.2905023,26.0855215],[119.2905158,26.0854586],[119.2904119,26.0854406],[119.2903984,26.0855034]]]}},{"type":"Feature","id":"way/985857219","properties":{"building":"yes","kind":"building","osmId":"way/985857219","source":"OpenStreetMap","sourceUrl":"https://www.openstreetmap.org/way/985857219","inHistoricCore":true},"geometry":{"type":"Polygon","coordinates":[[[119.2904614,26.085657],[119.2904862,26.0855456],[119.2903833,26.0855271],[119.2903585,26.0856385],[119.2904614,26.085657]]]}},{"type":"Feature","id":"way/985857220","properties":{"building":"yes","kind":"building","osmId":"way/985857220","source":"OpenStreetMap","sourceUrl":"https://www.openstreetmap.org/way/985857220","inHistoricCore":true},"geometry":{"type":"Polygon","coordinates":[[[119.290401,26.0863062],[119.2904372,26.0863112],[119.2904513,26.0862274],[119.2904151,26.0862225],[119.290401,26.0863062]]]}},{"type":"Feature","id":"way/985857221","properties":{"building":"yes","kind":"building","osmId":"way/985857221","source":"OpenStreetMap","sourceUrl":"https://www.openstreetmap.org/way/985857221","inHistoricCore":true},"geometry":{"type":"Polygon","coordinates":[[[119.289367,26.0864857],[119.2893541,26.0865453],[119.2894708,26.0865658],[119.2894837,26.0865062],[119.289367,26.0864857]]]}},{"type":"Feature","id":"way/985857226","properties":{"building":"yes","kind":"building","osmId":"way/985857226","source":"OpenStreetMap","sourceUrl":"https://www.openstreetmap.org/way/985857226","inHistoricCore":true},"geometry":{"type":"Polygon","coordinates":[[[119.2887454,26.0856341],[119.2886384,26.085615],[119.288605,26.0857663],[119.288712,26.0857854],[119.2887454,26.0856341]]]}},{"type":"Feature","id":"way/985857227","properties":{"building":"yes","kind":"building","osmId":"way/985857227","source":"OpenStreetMap","sourceUrl":"https://www.openstreetmap.org/way/985857227","inHistoricCore":true},"geometry":{"type":"Polygon","coordinates":[[[119.2886091,26.0856976],[119.288622,26.0856391],[119.2886361,26.0855751],[119.2886526,26.0855006],[119.2885844,26.0854885],[119.2885365,26.0856238],[119.2885874,26.0856329],[119.2885745,26.0856914],[119.2885201,26.0856817],[119.2885024,26.0857617],[119.288597,26.0857786],[119.2886147,26.0856986],[119.2886091,26.0856976]]]}},{"type":"Feature","id":"way/985857228","properties":{"building":"yes","kind":"building","osmId":"way/985857228","source":"OpenStreetMap","sourceUrl":"https://www.openstreetmap.org/way/985857228","inHistoricCore":true},"geometry":{"type":"Polygon","coordinates":[[[119.2884105,26.0859172],[119.2884484,26.0858257],[119.2885609,26.0858632],[119.2885493,26.0858874],[119.2885299,26.0859079],[119.2884997,26.0859226],[119.2884776,26.0859295],[119.2884551,26.0859316],[119.2884105,26.0859172]]]}},{"type":"Feature","id":"way/985857229","properties":{"building":"yes","kind":"building","osmId":"way/985857229","source":"OpenStreetMap","sourceUrl":"https://www.openstreetmap.org/way/985857229","inHistoricCore":true},"geometry":{"type":"Polygon","coordinates":[[[119.2885979,26.0859834],[119.2886278,26.0859912],[119.2886399,26.0859539],[119.28861,26.0859461],[119.2885979,26.0859834]]]}},{"type":"Feature","id":"way/985857230","properties":{"building":"yes","kind":"building","osmId":"way/985857230","source":"OpenStreetMap","sourceUrl":"https://www.openstreetmap.org/way/985857230","inHistoricCore":true},"geometry":{"type":"Polygon","coordinates":[[[119.2885584,26.085928],[119.2886451,26.0859449],[119.2886692,26.085845],[119.2885825,26.0858281],[119.2885584,26.085928]]]}},{"type":"Feature","id":"way/985857233","properties":{"building":"yes","kind":"building","osmId":"way/985857233","source":"OpenStreetMap","sourceUrl":"https://www.openstreetmap.org/way/985857233","inHistoricCore":true},"geometry":{"type":"Polygon","coordinates":[[[119.2883136,26.0862244],[119.2884117,26.0862268],[119.2884138,26.0861574],[119.2883157,26.086155],[119.2883136,26.0862244]]]}},{"type":"Feature","id":"way/985857234","properties":{"building":"yes","kind":"building","osmId":"way/985857234","source":"OpenStreetMap","sourceUrl":"https://www.openstreetmap.org/way/985857234","inHistoricCore":true},"geometry":{"type":"Polygon","coordinates":[[[119.2884098,26.0862911],[119.2884117,26.0862268],[119.2883136,26.0862244],[119.2883033,26.0862241],[119.2883014,26.0862885],[119.2884098,26.0862911]]]}},{"type":"Feature","id":"way/985857235","properties":{"building":"yes","kind":"building","osmId":"way/985857235","source":"OpenStreetMap","sourceUrl":"https://www.openstreetmap.org/way/985857235","inHistoricCore":true},"geometry":{"type":"Polygon","coordinates":[[[119.2884085,26.0863333],[119.2884098,26.0862911],[119.2882901,26.0862882],[119.2882889,26.0863303],[119.2884085,26.0863333]]]}},{"type":"Feature","id":"way/985857236","properties":{"building":"yes","kind":"building","osmId":"way/985857236","source":"OpenStreetMap","sourceUrl":"https://www.openstreetmap.org/way/985857236","inHistoricCore":true},"geometry":{"type":"Polygon","coordinates":[[[119.2884658,26.0861587],[119.288463,26.0862512],[119.2885766,26.086254],[119.2885794,26.0861615],[119.2884658,26.0861587]]]}},{"type":"Feature","id":"way/985857237","properties":{"building":"yes","kind":"building","osmId":"way/985857237","source":"OpenStreetMap","sourceUrl":"https://www.openstreetmap.org/way/985857237","inHistoricCore":true},"geometry":{"type":"Polygon","coordinates":[[[119.2884605,26.0863346],[119.2885513,26.0863368],[119.2885766,26.086254],[119.288463,26.0862512],[119.2884605,26.0863346]]]}},{"type":"Feature","id":"way/985857238","properties":{"building":"yes","kind":"building","osmId":"way/985857238","source":"OpenStreetMap","sourceUrl":"https://www.openstreetmap.org/way/985857238","inHistoricCore":true},"geometry":{"type":"Polygon","coordinates":[[[119.2884605,26.0863346],[119.288463,26.0862512],[119.2884658,26.0861587],[119.2884138,26.0861574],[119.2884117,26.0862268],[119.2884098,26.0862911],[119.2884085,26.0863333],[119.2884605,26.0863346]]]}},{"type":"Feature","id":"way/985857239","properties":{"building":"yes","kind":"building","osmId":"way/985857239","source":"OpenStreetMap","sourceUrl":"https://www.openstreetmap.org/way/985857239","inHistoricCore":true},"geometry":{"type":"Polygon","coordinates":[[[119.288964,26.085969],[119.2890695,26.0859888],[119.2890787,26.0859491],[119.2889733,26.0859293],[119.288964,26.085969]]]}},{"type":"Feature","id":"way/985857240","properties":{"building":"yes","kind":"building","osmId":"way/985857240","source":"OpenStreetMap","sourceUrl":"https://www.openstreetmap.org/way/985857240","inHistoricCore":true},"geometry":{"type":"Polygon","coordinates":[[[119.2888903,26.0859533],[119.2889555,26.0859656],[119.288964,26.0859286],[119.2888989,26.0859164],[119.2888903,26.0859533]]]}},{"type":"Feature","id":"way/985857241","properties":{"building":"yes","kind":"building","osmId":"way/985857241","source":"OpenStreetMap","sourceUrl":"https://www.openstreetmap.org/way/985857241","inHistoricCore":true},"geometry":{"type":"Polygon","coordinates":[[[119.2887682,26.0858244],[119.2887368,26.0858186],[119.2887101,26.0858628],[119.2886972,26.0859184],[119.2887443,26.0859272],[119.2887682,26.0858244]]]}},{"type":"Feature","id":"way/985857242","properties":{"building":"yes","kind":"building","osmId":"way/985857242","source":"OpenStreetMap","sourceUrl":"https://www.openstreetmap.org/way/985857242","inHistoricCore":true},"geometry":{"type":"Polygon","coordinates":[[[119.2888279,26.0858359],[119.2888413,26.0857782],[119.2887924,26.085769],[119.288779,26.0858267],[119.2888279,26.0858359]]]}},{"type":"Feature","id":"way/985857243","properties":{"building":"yes","kind":"building","osmId":"way/985857243","source":"OpenStreetMap","sourceUrl":"https://www.openstreetmap.org/way/985857243","inHistoricCore":true},"geometry":{"type":"Polygon","coordinates":[[[119.2887535,26.0859268],[119.2888039,26.0859363],[119.2888246,26.0858473],[119.2887742,26.0858379],[119.2887535,26.0859268]]]}},{"type":"Feature","id":"way/985857244","properties":{"building":"yes","kind":"building","osmId":"way/985857244","source":"OpenStreetMap","sourceUrl":"https://www.openstreetmap.org/way/985857244","inHistoricCore":true},"geometry":{"type":"Polygon","coordinates":[[[119.2888125,26.0859383],[119.2888761,26.0859502],[119.2889111,26.0857998],[119.2888475,26.0857878],[119.2888125,26.0859383]]]}},{"type":"Feature","id":"way/985857245","properties":{"building":"yes","kind":"building","osmId":"way/985857245","source":"OpenStreetMap","sourceUrl":"https://www.openstreetmap.org/way/985857245","inHistoricCore":true},"geometry":{"type":"Polygon","coordinates":[[[119.2890137,26.0859304],[119.2890333,26.0858459],[119.2889191,26.0858244],[119.2888994,26.085909],[119.2890137,26.0859304]]]}},{"type":"Feature","id":"way/985857246","properties":{"building":"yes","kind":"building","osmId":"way/985857246","source":"OpenStreetMap","sourceUrl":"https://www.openstreetmap.org/way/985857246","inHistoricCore":true},"geometry":{"type":"Polygon","coordinates":[[[119.2890237,26.0859268],[119.2890764,26.0859367],[119.2891002,26.0858347],[119.2890475,26.0858248],[119.2890237,26.0859268]]]}},{"type":"Feature","id":"way/985857247","properties":{"building":"yes","kind":"building","osmId":"way/985857247","source":"OpenStreetMap","sourceUrl":"https://www.openstreetmap.org/way/985857247","inHistoricCore":true},"geometry":{"type":"Polygon","coordinates":[[[119.2885872,26.0863159],[119.2886168,26.0863192],[119.2886268,26.0862466],[119.2885972,26.0862433],[119.2885872,26.0863159]]]}},{"type":"Feature","id":"way/985857248","properties":{"building":"yes","kind":"building","osmId":"way/985857248","source":"OpenStreetMap","sourceUrl":"https://www.openstreetmap.org/way/985857248","inHistoricCore":true},"geometry":{"type":"Polygon","coordinates":[[[119.2888413,26.0862195],[119.2888967,26.0862303],[119.2889091,26.0861792],[119.2888537,26.0861684],[119.2888413,26.0862195]]]}},{"type":"Feature","id":"way/985857249","properties":{"building":"yes","kind":"building","osmId":"way/985857249","source":"OpenStreetMap","sourceUrl":"https://www.openstreetmap.org/way/985857249","inHistoricCore":true},"geometry":{"type":"Polygon","coordinates":[[[119.2888695,26.0863412],[119.288893,26.0862442],[119.2888339,26.0862327],[119.2888104,26.0863296],[119.2888695,26.0863412]]]}},{"type":"Feature","id":"way/985857250","properties":{"building":"yes","kind":"building","osmId":"way/985857250","source":"OpenStreetMap","sourceUrl":"https://www.openstreetmap.org/way/985857250","inHistoricCore":true},"geometry":{"type":"Polygon","coordinates":[[[119.2886931,26.0863418],[119.2887964,26.0863592],[119.2888073,26.0863075],[119.288704,26.08629],[119.2886931,26.0863418]]]}},{"type":"Feature","id":"way/985857255","properties":{"building":"yes","kind":"building","osmId":"way/985857255","source":"OpenStreetMap","sourceUrl":"https://www.openstreetmap.org/way/985857255","inHistoricCore":true},"geometry":{"type":"Polygon","coordinates":[[[119.2888212,26.0862545],[119.2888469,26.0861441],[119.2887548,26.0861268],[119.2887292,26.0862372],[119.2888212,26.0862545]]]}},{"type":"Feature","id":"way/985857256","properties":{"building":"yes","kind":"building","osmId":"way/985857256","source":"OpenStreetMap","sourceUrl":"https://www.openstreetmap.org/way/985857256","inHistoricCore":true},"geometry":{"type":"Polygon","coordinates":[[[119.2888574,26.086134],[119.2889154,26.0861449],[119.2889446,26.0860196],[119.2888866,26.0860087],[119.2888574,26.086134]]]}},{"type":"Feature","id":"way/985857258","properties":{"building":"yes","kind":"building","osmId":"way/985857258","source":"OpenStreetMap","sourceUrl":"https://www.openstreetmap.org/way/985857258","inHistoricCore":true},"geometry":{"type":"Polygon","coordinates":[[[119.2887575,26.0860792],[119.2887941,26.0860861],[119.2888179,26.085984],[119.2887813,26.0859772],[119.2887575,26.0860792]]]}},{"type":"Feature","id":"way/985857260","properties":{"highway":"pedestrian","kind":"road","osmId":"way/985857260","source":"OpenStreetMap","sourceUrl":"https://www.openstreetmap.org/way/985857260"},"geometry":{"type":"LineString","coordinates":[[119.2886619,26.0859281],[119.2891793,26.0860238]]}},{"type":"Feature","id":"way/985857261","properties":{"building":"yes","kind":"building","osmId":"way/985857261","source":"OpenStreetMap","sourceUrl":"https://www.openstreetmap.org/way/985857261","inHistoricCore":true},"geometry":{"type":"Polygon","coordinates":[[[119.2889996,26.0860467],[119.2890511,26.0860563],[119.2890599,26.0860184],[119.2890084,26.0860087],[119.2889996,26.0860467]]]}},{"type":"Feature","id":"way/985857262","properties":{"building":"yes","kind":"building","osmId":"way/985857262","source":"OpenStreetMap","sourceUrl":"https://www.openstreetmap.org/way/985857262","inHistoricCore":true},"geometry":{"type":"Polygon","coordinates":[[[119.2889332,26.0861099],[119.2889734,26.0861175],[119.2889936,26.086031],[119.2889533,26.0860235],[119.2889332,26.0861099]]]}},{"type":"Feature","id":"way/985857263","properties":{"building":"yes","kind":"building","osmId":"way/985857263","source":"OpenStreetMap","sourceUrl":"https://www.openstreetmap.org/way/985857263","inHistoricCore":true},"geometry":{"type":"Polygon","coordinates":[[[119.2889822,26.0861292],[119.289034,26.0861389],[119.2890472,26.0860822],[119.2889953,26.0860725],[119.2889822,26.0861292]]]}},{"type":"Feature","id":"way/985857264","properties":{"building":"yes","kind":"building","osmId":"way/985857264","source":"OpenStreetMap","sourceUrl":"https://www.openstreetmap.org/way/985857264","inHistoricCore":true},"geometry":{"type":"Polygon","coordinates":[[[119.2888957,26.0862671],[119.2889992,26.0862865],[119.2890231,26.086184],[119.2889195,26.0861646],[119.2888957,26.0862671]]]}},{"type":"Feature","id":"way/985857265","properties":{"building":"yes","kind":"building","osmId":"way/985857265","source":"OpenStreetMap","sourceUrl":"https://www.openstreetmap.org/way/985857265","inHistoricCore":true},"geometry":{"type":"Polygon","coordinates":[[[119.2889708,26.0863948],[119.2889861,26.0863288],[119.2888883,26.0863105],[119.2888729,26.0863764],[119.2889708,26.0863948]]]}},{"type":"Feature","id":"way/985857266","properties":{"building":"yes","kind":"building","osmId":"way/985857266","source":"OpenStreetMap","sourceUrl":"https://www.openstreetmap.org/way/985857266","inHistoricCore":true},"geometry":{"type":"Polygon","coordinates":[[[119.2889882,26.0863617],[119.289047,26.0863727],[119.2890673,26.0862852],[119.2890085,26.0862741],[119.2889882,26.0863617]]]}},{"type":"Feature","id":"way/985857267","properties":{"building":"yes","kind":"building","osmId":"way/985857267","source":"OpenStreetMap","sourceUrl":"https://www.openstreetmap.org/way/985857267","inHistoricCore":true},"geometry":{"type":"Polygon","coordinates":[[[119.2890331,26.0861786],[119.2890127,26.0862662],[119.2890687,26.0862767],[119.2890891,26.0861891],[119.2890331,26.0861786]]]}},{"type":"Feature","id":"way/985857268","properties":{"building":"yes","kind":"building","osmId":"way/985857268","source":"OpenStreetMap","sourceUrl":"https://www.openstreetmap.org/way/985857268","inHistoricCore":true},"geometry":{"type":"Polygon","coordinates":[[[119.2891277,26.0860304],[119.2890714,26.0860199],[119.2890365,26.0861701],[119.2890927,26.0861807],[119.2891277,26.0860304]]]}},{"type":"Feature","id":"way/985857269","properties":{"building":"yes","kind":"building","osmId":"way/985857269","source":"OpenStreetMap","sourceUrl":"https://www.openstreetmap.org/way/985857269","inHistoricCore":true},"geometry":{"type":"Polygon","coordinates":[[[119.2891183,26.0861141],[119.2891705,26.0861239],[119.289184,26.0860659],[119.2891318,26.0860561],[119.2891183,26.0861141]]]}},{"type":"Feature","id":"way/985857270","properties":{"building":"yes","kind":"building","osmId":"way/985857270","source":"OpenStreetMap","sourceUrl":"https://www.openstreetmap.org/way/985857270","inHistoricCore":true},"geometry":{"type":"Polygon","coordinates":[[[119.2891344,26.0862876],[119.2891646,26.0861578],[119.2891082,26.0861473],[119.289078,26.086277],[119.2891344,26.0862876]]]}},{"type":"Feature","id":"way/985857271","properties":{"building":"yes","kind":"building","osmId":"way/985857271","source":"OpenStreetMap","sourceUrl":"https://www.openstreetmap.org/way/985857271","inHistoricCore":true},"geometry":{"type":"Polygon","coordinates":[[[119.2890459,26.086408],[119.2891035,26.0864188],[119.2891324,26.0862948],[119.2890747,26.086284],[119.2890459,26.086408]]]}},{"type":"Feature","id":"way/985857272","properties":{"building":"yes","kind":"building","osmId":"way/985857272","source":"OpenStreetMap","sourceUrl":"https://www.openstreetmap.org/way/985857272","inHistoricCore":true},"geometry":{"type":"Polygon","coordinates":[[[119.2892148,26.0859852],[119.2891808,26.0861314],[119.2892363,26.0861418],[119.2892703,26.0859957],[119.2892148,26.0859852]]]}},{"type":"Feature","id":"way/985857273","properties":{"building":"yes","kind":"building","osmId":"way/985857273","source":"OpenStreetMap","sourceUrl":"https://www.openstreetmap.org/way/985857273","inHistoricCore":true},"geometry":{"type":"Polygon","coordinates":[[[119.289133,26.0863376],[119.2892077,26.0863516],[119.2892356,26.0862557],[119.2891556,26.0862404],[119.289133,26.0863376]]]}},{"type":"Feature","id":"way/985857274","properties":{"building":"yes","kind":"building","osmId":"way/985857274","source":"OpenStreetMap","sourceUrl":"https://www.openstreetmap.org/way/985857274","inHistoricCore":true},"geometry":{"type":"Polygon","coordinates":[[[119.2891096,26.0864195],[119.2891795,26.0864326],[119.289192,26.0863785],[119.2891221,26.0863654],[119.2891096,26.0864195]]]}},{"type":"Feature","id":"way/985857275","properties":{"building":"yes","kind":"building","osmId":"way/985857275","source":"OpenStreetMap","sourceUrl":"https://www.openstreetmap.org/way/985857275","inHistoricCore":true},"geometry":{"type":"Polygon","coordinates":[[[119.2892645,26.0861557],[119.2891794,26.0861397],[119.2891659,26.0861978],[119.2892509,26.0862138],[119.2892645,26.0861557]]]}},{"type":"Feature","id":"way/985857276","properties":{"building":"yes","kind":"building","osmId":"way/985857276","source":"OpenStreetMap","sourceUrl":"https://www.openstreetmap.org/way/985857276","inHistoricCore":true},"geometry":{"type":"Polygon","coordinates":[[[119.2892463,26.0861436],[119.2893677,26.0861664],[119.2893966,26.0860425],[119.2892752,26.0860197],[119.2892463,26.0861436]]]}},{"type":"Feature","id":"way/985857284","properties":{"building":"yes","kind":"building","osmId":"way/985857284","source":"OpenStreetMap","sourceUrl":"https://www.openstreetmap.org/way/985857284","inHistoricCore":true},"geometry":{"type":"Polygon","coordinates":[[[119.2895535,26.0860166],[119.2895974,26.0860211],[119.2896038,26.0859714],[119.2895598,26.0859669],[119.2895535,26.0860166]]]}},{"type":"Feature","id":"way/985857285","properties":{"building":"yes","kind":"building","osmId":"way/985857285","source":"OpenStreetMap","sourceUrl":"https://www.openstreetmap.org/way/985857285","inHistoricCore":true},"geometry":{"type":"Polygon","coordinates":[[[119.2895032,26.0860093],[119.2895427,26.0860134],[119.2895461,26.0859865],[119.2895066,26.0859824],[119.2895032,26.0860093]]]}},{"type":"Feature","id":"way/985857286","properties":{"building":"yes","kind":"building","osmId":"way/985857286","source":"OpenStreetMap","sourceUrl":"https://www.openstreetmap.org/way/985857286","inHistoricCore":true},"geometry":{"type":"Polygon","coordinates":[[[119.2894501,26.0860057],[119.2894911,26.0860099],[119.2894969,26.0859641],[119.2894559,26.0859599],[119.2894501,26.0860057]]]}},{"type":"Feature","id":"way/985857291","properties":{"building":"yes","kind":"building","osmId":"way/985857291","source":"OpenStreetMap","sourceUrl":"https://www.openstreetmap.org/way/985857291","inHistoricCore":true},"geometry":{"type":"Polygon","coordinates":[[[119.2896446,26.0860312],[119.2896517,26.0859374],[119.2896165,26.0859353],[119.289605,26.086029],[119.2896446,26.0860312]]]}},{"type":"Feature","id":"way/985857292","properties":{"building":"yes","kind":"building","osmId":"way/985857292","source":"OpenStreetMap","sourceUrl":"https://www.openstreetmap.org/way/985857292","inHistoricCore":true},"geometry":{"type":"Polygon","coordinates":[[[119.289762,26.086078],[119.2897868,26.0860795],[119.2897962,26.0859557],[119.2897714,26.0859542],[119.289762,26.086078]]]}},{"type":"Feature","id":"way/985857294","properties":{"building":"yes","kind":"building","osmId":"way/985857294","source":"OpenStreetMap","sourceUrl":"https://www.openstreetmap.org/way/985857294","inHistoricCore":true},"geometry":{"type":"Polygon","coordinates":[[[119.2896454,26.0860761],[119.2896353,26.0862087],[119.2898318,26.0862207],[119.2898364,26.0861599],[119.2896735,26.0861499],[119.289679,26.0860781],[119.2896454,26.0860761]]]}},{"type":"Feature","id":"way/985857295","properties":{"building":"yes","kind":"building","osmId":"way/985857295","source":"OpenStreetMap","sourceUrl":"https://www.openstreetmap.org/way/985857295","inHistoricCore":true},"geometry":{"type":"Polygon","coordinates":[[[119.2897962,26.0861033],[119.2898476,26.0861055],[119.2898563,26.0859392],[119.2898049,26.0859371],[119.2897962,26.0861033]]]}},{"type":"Feature","id":"way/985857300","properties":{"building":"yes","kind":"building","osmId":"way/985857300","source":"OpenStreetMap","sourceUrl":"https://www.openstreetmap.org/way/985857300","inHistoricCore":true},"geometry":{"type":"Polygon","coordinates":[[[119.2896185,26.0858799],[119.289791,26.0859007],[119.289813,26.0857542],[119.2897844,26.0857507],[119.2897798,26.0857814],[119.2896754,26.0857687],[119.2896726,26.0857873],[119.2896331,26.0857825],[119.2896185,26.0858799]]]}},{"type":"Feature","id":"way/985857303","properties":{"building":"yes","kind":"building","osmId":"way/985857303","source":"OpenStreetMap","sourceUrl":"https://www.openstreetmap.org/way/985857303","inHistoricCore":true},"geometry":{"type":"Polygon","coordinates":[[[119.2902978,26.0857239],[119.2903055,26.0856744],[119.2901382,26.0856534],[119.2901305,26.0857029],[119.2902978,26.0857239]]]}},{"type":"Feature","id":"way/985857305","properties":{"building":"yes","kind":"building","osmId":"way/985857305","source":"OpenStreetMap","sourceUrl":"https://www.openstreetmap.org/way/985857305","inHistoricCore":true},"geometry":{"type":"Polygon","coordinates":[[[119.2896305,26.0857628],[119.2896755,26.0857666],[119.2896817,26.0857088],[119.2896455,26.0857058],[119.289665,26.0856321],[119.2898276,26.0856505],[119.2898324,26.0856161],[119.2896299,26.0855932],[119.2895696,26.0857708],[119.2896273,26.0857746],[119.2896305,26.0857628]]]}},{"type":"Feature","id":"way/985857306","properties":{"building":"yes","kind":"building","osmId":"way/985857306","source":"OpenStreetMap","sourceUrl":"https://www.openstreetmap.org/way/985857306","inHistoricCore":true},"geometry":{"type":"Polygon","coordinates":[[[119.2899692,26.0856323],[119.2899611,26.0856847],[119.2901221,26.085705],[119.2901303,26.0856526],[119.2899692,26.0856323]]]}},{"type":"Feature","id":"way/985857315","properties":{"building":"yes","kind":"building","osmId":"way/985857315","source":"OpenStreetMap","sourceUrl":"https://www.openstreetmap.org/way/985857315","inHistoricCore":true},"geometry":{"type":"Polygon","coordinates":[[[119.2900617,26.0859539],[119.2901273,26.0859622],[119.2901536,26.0857931],[119.290088,26.0857849],[119.2900617,26.0859539]]]}},{"type":"Feature","id":"way/985857336","properties":{"building":"yes","kind":"building","osmId":"way/985857336","source":"OpenStreetMap","sourceUrl":"https://www.openstreetmap.org/way/985857336","inHistoricCore":true},"geometry":{"type":"Polygon","coordinates":[[[119.2892316,26.0863267],[119.2892023,26.0864175],[119.2893043,26.086444],[119.2893335,26.0863532],[119.2892316,26.0863267]]]}},{"type":"Feature","id":"way/985857337","properties":{"building":"yes","kind":"building","osmId":"way/985857337","source":"OpenStreetMap","sourceUrl":"https://www.openstreetmap.org/way/985857337","inHistoricCore":true},"geometry":{"type":"Polygon","coordinates":[[[119.289241,26.0862966],[119.2893009,26.0863098],[119.2893298,26.0862038],[119.2892698,26.0861906],[119.289241,26.0862966]]]}},{"type":"Feature","id":"way/985857338","properties":{"building":"yes","kind":"building","osmId":"way/985857338","source":"OpenStreetMap","sourceUrl":"https://www.openstreetmap.org/way/985857338","inHistoricCore":true},"geometry":{"type":"Polygon","coordinates":[[[119.2893972,26.0862286],[119.289383,26.0863162],[119.2895117,26.0863331],[119.289526,26.0862454],[119.2893972,26.0862286]]]}},{"type":"Feature","id":"way/985857339","properties":{"highway":"pedestrian","kind":"road","osmId":"way/985857339","source":"OpenStreetMap","sourceUrl":"https://www.openstreetmap.org/way/985857339"},"geometry":{"type":"LineString","coordinates":[[119.2887202,26.0858161],[119.2887019,26.0858425],[119.288671,26.0859039],[119.2886619,26.0859281],[119.2886402,26.0859859],[119.2886214,26.0860425],[119.2886026,26.0861063],[119.2885852,26.086234],[119.2885637,26.0863498]]}},{"type":"Feature","id":"way/986259040","properties":{"building":"yes","kind":"building","osmId":"way/986259040","source":"OpenStreetMap","sourceUrl":"https://www.openstreetmap.org/way/986259040","inHistoricCore":true},"geometry":{"type":"Polygon","coordinates":[[[119.2912319,26.0829595],[119.2911301,26.0829287],[119.2911018,26.0830041],[119.2912035,26.0830349],[119.2912319,26.0829595]]]}},{"type":"Feature","id":"way/986259048","properties":{"building":"yes","kind":"building","osmId":"way/986259048","source":"OpenStreetMap","sourceUrl":"https://www.openstreetmap.org/way/986259048","inHistoricCore":true},"geometry":{"type":"Polygon","coordinates":[[[119.2907383,26.0835726],[119.2909569,26.0836244],[119.2909824,26.0835376],[119.290949,26.0835297],[119.2909854,26.0834057],[119.2908003,26.0833618],[119.2907383,26.0835726]]]}},{"type":"Feature","id":"way/986259049","properties":{"building":"yes","kind":"building","osmId":"way/986259049","source":"OpenStreetMap","sourceUrl":"https://www.openstreetmap.org/way/986259049","inHistoricCore":true},"geometry":{"type":"Polygon","coordinates":[[[119.2909475,26.082824],[119.2909615,26.0827836],[119.290804,26.0827397],[119.2907901,26.0827801],[119.2909475,26.082824]]]}},{"type":"Feature","id":"way/986259050","properties":{"building":"yes","kind":"building","osmId":"way/986259050","source":"OpenStreetMap","sourceUrl":"https://www.openstreetmap.org/way/986259050","inHistoricCore":true},"geometry":{"type":"Polygon","coordinates":[[[119.2909549,26.0828258],[119.2911328,26.0828754],[119.2911487,26.0828294],[119.2909708,26.0827799],[119.2909549,26.0828258]]]}},{"type":"Feature","id":"way/986259051","properties":{"building":"yes","kind":"building","osmId":"way/986259051","source":"OpenStreetMap","sourceUrl":"https://www.openstreetmap.org/way/986259051","inHistoricCore":true},"geometry":{"type":"Polygon","coordinates":[[[119.2908771,26.0830565],[119.2909518,26.0828402],[119.2907879,26.0827945],[119.2907132,26.0830108],[119.2908771,26.0830565]]]}},{"type":"Feature","id":"way/986259059","properties":{"building":"yes","kind":"building","osmId":"way/986259059","source":"OpenStreetMap","sourceUrl":"https://www.openstreetmap.org/way/986259059","inHistoricCore":true},"geometry":{"type":"Polygon","coordinates":[[[119.2906103,26.082765],[119.2907395,26.0828041],[119.2907578,26.0827554],[119.2906286,26.0827162],[119.2906103,26.082765]]]}},{"type":"Feature","id":"way/986259060","properties":{"building":"yes","kind":"building","osmId":"way/986259060","source":"OpenStreetMap","sourceUrl":"https://www.openstreetmap.org/way/986259060","inHistoricCore":true},"geometry":{"type":"Polygon","coordinates":[[[119.290572,26.0828644],[119.2906991,26.0829028],[119.2907336,26.0828108],[119.2906066,26.0827723],[119.290572,26.0828644]]]}},{"type":"Feature","id":"way/986259061","properties":{"building":"yes","kind":"building","osmId":"way/986259061","source":"OpenStreetMap","sourceUrl":"https://www.openstreetmap.org/way/986259061","inHistoricCore":true},"geometry":{"type":"Polygon","coordinates":[[[119.2904909,26.0830481],[119.2905822,26.0830757],[119.2906478,26.0829011],[119.2905565,26.0828734],[119.2904909,26.0830481]]]}},{"type":"Feature","id":"way/986259062","properties":{"building":"yes","kind":"building","osmId":"way/986259062","source":"OpenStreetMap","sourceUrl":"https://www.openstreetmap.org/way/986259062","inHistoricCore":true},"geometry":{"type":"Polygon","coordinates":[[[119.2904185,26.0832113],[119.2905944,26.0832645],[119.2906431,26.0831348],[119.2904672,26.0830815],[119.2904185,26.0832113]]]}},{"type":"Feature","id":"way/986259063","properties":{"building":"yes","kind":"building","osmId":"way/986259063","source":"OpenStreetMap","sourceUrl":"https://www.openstreetmap.org/way/986259063","inHistoricCore":true},"geometry":{"type":"Polygon","coordinates":[[[119.2907149,26.0837063],[119.290802,26.0837327],[119.2908463,26.0836148],[119.2907591,26.0835884],[119.2907149,26.0837063]]]}},{"type":"Feature","id":"way/986259064","properties":{"building":"yes","kind":"building","osmId":"way/986259064","source":"OpenStreetMap","sourceUrl":"https://www.openstreetmap.org/way/986259064","inHistoricCore":true},"geometry":{"type":"Polygon","coordinates":[[[119.2905921,26.0835642],[119.2905578,26.0836556],[119.2907055,26.0837003],[119.2907398,26.0836089],[119.2905921,26.0835642]]]}},{"type":"Feature","id":"way/986259065","properties":{"building":"yes","kind":"building","osmId":"way/986259065","source":"OpenStreetMap","sourceUrl":"https://www.openstreetmap.org/way/986259065","inHistoricCore":true},"geometry":{"type":"Polygon","coordinates":[[[119.2906022,26.0835437],[119.2906789,26.0835669],[119.2907216,26.0834534],[119.2906448,26.0834301],[119.2906022,26.0835437]]]}},{"type":"Feature","id":"way/986259066","properties":{"building":"yes","kind":"building","osmId":"way/986259066","source":"OpenStreetMap","sourceUrl":"https://www.openstreetmap.org/way/986259066","inHistoricCore":true},"geometry":{"type":"Polygon","coordinates":[[[119.2904788,26.0833805],[119.2906288,26.0834259],[119.2906639,26.0833323],[119.290514,26.0832869],[119.2904788,26.0833805]]]}},{"type":"Feature","id":"way/986259067","properties":{"building":"yes","kind":"building","osmId":"way/986259067","source":"OpenStreetMap","sourceUrl":"https://www.openstreetmap.org/way/986259067","inHistoricCore":true},"geometry":{"type":"Polygon","coordinates":[[[119.2903347,26.0834094],[119.2904297,26.0834382],[119.2904849,26.0832914],[119.2903898,26.0832626],[119.2903347,26.0834094]]]}},{"type":"Feature","id":"way/986259068","properties":{"building":"yes","kind":"building","osmId":"way/986259068","source":"OpenStreetMap","sourceUrl":"https://www.openstreetmap.org/way/986259068","inHistoricCore":true},"geometry":{"type":"Polygon","coordinates":[[[119.2904527,26.0835311],[119.2905809,26.0835699],[119.2906203,26.0834648],[119.2904921,26.083426],[119.2904527,26.0835311]]]}},{"type":"Feature","id":"way/986259069","properties":{"building":"yes","kind":"building","osmId":"way/986259069","source":"OpenStreetMap","sourceUrl":"https://www.openstreetmap.org/way/986259069","inHistoricCore":true},"geometry":{"type":"Polygon","coordinates":[[[119.2904051,26.0836491],[119.2905184,26.0836834],[119.2905519,26.0835943],[119.2904385,26.08356],[119.2904051,26.0836491]]]}},{"type":"Feature","id":"way/986259072","properties":{"building":"yes","kind":"building","osmId":"way/986259072","source":"OpenStreetMap","sourceUrl":"https://www.openstreetmap.org/way/986259072","inHistoricCore":true},"geometry":{"type":"Polygon","coordinates":[[[119.2906324,26.0839924],[119.2907008,26.0840267],[119.2907249,26.083988],[119.2906565,26.0839537],[119.2906324,26.0839924]]]}},{"type":"Feature","id":"way/986259073","properties":{"building":"yes","kind":"building","osmId":"way/986259073","source":"OpenStreetMap","sourceUrl":"https://www.openstreetmap.org/way/986259073","inHistoricCore":true},"geometry":{"type":"Polygon","coordinates":[[[119.2906545,26.083937],[119.2907352,26.0839576],[119.2907551,26.0838948],[119.2906744,26.0838742],[119.2906545,26.083937]]]}},{"type":"Feature","id":"way/986259084","properties":{"building":"yes","kind":"building","osmId":"way/986259084","source":"OpenStreetMap","sourceUrl":"https://www.openstreetmap.org/way/986259084","inHistoricCore":true},"geometry":{"type":"Polygon","coordinates":[[[119.2904426,26.0830517],[119.2905097,26.0829011],[119.2904475,26.0828788],[119.2903804,26.0830293],[119.2904426,26.0830517]]]}},{"type":"Feature","id":"way/986259085","properties":{"building":"yes","kind":"building","osmId":"way/986259085","source":"OpenStreetMap","sourceUrl":"https://www.openstreetmap.org/way/986259085","inHistoricCore":true},"geometry":{"type":"Polygon","coordinates":[[[119.2904476,26.082813],[119.2904061,26.0827994],[119.2904273,26.0827474],[119.2903802,26.0827319],[119.290334,26.0828451],[119.2904346,26.0828782],[119.2904526,26.082834],[119.2904757,26.0828416],[119.290507,26.082765],[119.2904719,26.0827534],[119.2904476,26.082813]]]}},{"type":"Feature","id":"way/986259086","properties":{"building":"yes","kind":"building","osmId":"way/986259086","source":"OpenStreetMap","sourceUrl":"https://www.openstreetmap.org/way/986259086","inHistoricCore":true},"geometry":{"type":"Polygon","coordinates":[[[119.2904842,26.0828427],[119.2905352,26.0828599],[119.2905861,26.0827383],[119.2905352,26.082721],[119.2904842,26.0828427]]]}},{"type":"Feature","id":"way/986259087","properties":{"building":"yes","kind":"building","osmId":"way/986259087","source":"OpenStreetMap","sourceUrl":"https://www.openstreetmap.org/way/986259087","inHistoricCore":true},"geometry":{"type":"Polygon","coordinates":[[[119.2902035,26.082985],[119.2903715,26.0830318],[119.2904218,26.082886],[119.2903197,26.0828576],[119.2903904,26.082653],[119.2903245,26.0826347],[119.2902035,26.082985]]]}},{"type":"Feature","id":"way/986259088","properties":{"building":"yes","kind":"building","osmId":"way/986259088","source":"OpenStreetMap","sourceUrl":"https://www.openstreetmap.org/way/986259088","inHistoricCore":true},"geometry":{"type":"Polygon","coordinates":[[[119.2900705,26.0826957],[119.2901079,26.0825873],[119.2899933,26.0825554],[119.2899559,26.0826638],[119.2900705,26.0826957]]]}},{"type":"Feature","id":"way/986259089","properties":{"building":"yes","kind":"building","osmId":"way/986259089","source":"OpenStreetMap","sourceUrl":"https://www.openstreetmap.org/way/986259089","inHistoricCore":true},"geometry":{"type":"Polygon","coordinates":[[[119.2899987,26.0829312],[119.2901916,26.0829849],[119.290273,26.0827493],[119.2900801,26.0826956],[119.2899987,26.0829312]]]}},{"type":"Feature","id":"way/986259090","properties":{"building":"yes","kind":"building","osmId":"way/986259090","source":"OpenStreetMap","sourceUrl":"https://www.openstreetmap.org/way/986259090","inHistoricCore":true},"geometry":{"type":"Polygon","coordinates":[[[119.2898753,26.0828903],[119.2899853,26.0829209],[119.2900483,26.0827385],[119.2899383,26.0827078],[119.2898753,26.0828903]]]}},{"type":"Feature","id":"way/986259103","properties":{"building":"yes","kind":"building","osmId":"way/986259103","source":"OpenStreetMap","sourceUrl":"https://www.openstreetmap.org/way/986259103","inHistoricCore":true},"geometry":{"type":"Polygon","coordinates":[[[119.2901375,26.0835275],[119.2901528,26.0834821],[119.2901268,26.0834751],[119.2901115,26.0835204],[119.2901375,26.0835275]]]}},{"type":"Feature","id":"way/986259104","properties":{"building":"yes","kind":"building","osmId":"way/986259104","source":"OpenStreetMap","sourceUrl":"https://www.openstreetmap.org/way/986259104","inHistoricCore":true},"geometry":{"type":"Polygon","coordinates":[[[119.2901979,26.0835431],[119.2902317,26.0835523],[119.2902455,26.0835112],[119.2902117,26.083502],[119.2901979,26.0835431]]]}},{"type":"Feature","id":"way/986259110","properties":{"building":"yes","kind":"building","osmId":"way/986259110","source":"OpenStreetMap","sourceUrl":"https://www.openstreetmap.org/way/986259110","inHistoricCore":true},"geometry":{"type":"Polygon","coordinates":[[[119.2900235,26.0833775],[119.2901073,26.083401],[119.2901346,26.0833225],[119.2900508,26.083299],[119.2900235,26.0833775]]]}},{"type":"Feature","id":"way/986259111","properties":{"building":"yes","kind":"building","osmId":"way/986259111","source":"OpenStreetMap","sourceUrl":"https://www.openstreetmap.org/way/986259111","inHistoricCore":true},"geometry":{"type":"Polygon","coordinates":[[[119.2899169,26.0834931],[119.2899578,26.0834973],[119.2899652,26.0834382],[119.2899243,26.0834341],[119.2899169,26.0834931]]]}},{"type":"Feature","id":"way/986259112","properties":{"building":"yes","kind":"building","osmId":"way/986259112","source":"OpenStreetMap","sourceUrl":"https://www.openstreetmap.org/way/986259112","inHistoricCore":true},"geometry":{"type":"Polygon","coordinates":[[[119.2898042,26.0834967],[119.289892,26.0835161],[119.2899175,26.0834227],[119.2898297,26.0834034],[119.2898042,26.0834967]]]}},{"type":"Feature","id":"way/986259113","properties":{"building":"yes","kind":"building","osmId":"way/986259113","source":"OpenStreetMap","sourceUrl":"https://www.openstreetmap.org/way/986259113","inHistoricCore":true},"geometry":{"type":"Polygon","coordinates":[[[119.2899652,26.0834913],[119.2900618,26.0835118],[119.2900873,26.0834148],[119.2899907,26.0833944],[119.2899652,26.0834913]]]}},{"type":"Feature","id":"way/986259114","properties":{"building":"yes","kind":"building","osmId":"way/986259114","source":"OpenStreetMap","sourceUrl":"https://www.openstreetmap.org/way/986259114","inHistoricCore":true},"geometry":{"type":"Polygon","coordinates":[[[119.2899484,26.0836051],[119.2900664,26.0836371],[119.2900994,26.0835388],[119.2899814,26.0835069],[119.2899484,26.0836051]]]}},{"type":"Feature","id":"way/986259119","properties":{"building":"yes","kind":"building","osmId":"way/986259119","source":"OpenStreetMap","sourceUrl":"https://www.openstreetmap.org/way/986259119","inHistoricCore":true},"geometry":{"type":"Polygon","coordinates":[[[119.2898029,26.0837081],[119.2897948,26.0837517],[119.2899035,26.083768],[119.2899115,26.0837244],[119.2898029,26.0837081]]]}},{"type":"Feature","id":"way/986259120","properties":{"building":"yes","kind":"building","osmId":"way/986259120","source":"OpenStreetMap","sourceUrl":"https://www.openstreetmap.org/way/986259120","inHistoricCore":true},"geometry":{"type":"Polygon","coordinates":[[[119.2898405,26.0833913],[119.2898781,26.0833979],[119.2899021,26.0832872],[119.2898375,26.0832758],[119.2898323,26.0832998],[119.2898593,26.0833045],[119.2898405,26.0833913]]]}},{"type":"Feature","id":"way/986259121","properties":{"building":"yes","kind":"building","osmId":"way/986259121","source":"OpenStreetMap","sourceUrl":"https://www.openstreetmap.org/way/986259121","inHistoricCore":true},"geometry":{"type":"Polygon","coordinates":[[[119.2896373,26.0834178],[119.2896668,26.0832816],[119.2896333,26.0832757],[119.2896037,26.083412],[119.2896373,26.0834178]]]}},{"type":"Feature","id":"way/986259122","properties":{"building":"yes","kind":"building","osmId":"way/986259122","source":"OpenStreetMap","sourceUrl":"https://www.openstreetmap.org/way/986259122","inHistoricCore":true},"geometry":{"type":"Polygon","coordinates":[[[119.2896514,26.0834353],[119.2897866,26.083459],[119.2898317,26.083251],[119.2896965,26.0832273],[119.2896514,26.0834353]]]}},{"type":"Feature","id":"way/986259123","properties":{"building":"yes","kind":"building","osmId":"way/986259123","source":"OpenStreetMap","sourceUrl":"https://www.openstreetmap.org/way/986259123","inHistoricCore":true},"geometry":{"type":"Polygon","coordinates":[[[119.2895099,26.0835576],[119.2895464,26.083564],[119.2895629,26.0834883],[119.2895263,26.0834819],[119.2895099,26.0835576]]]}},{"type":"Feature","id":"way/986259124","properties":{"building":"yes","kind":"building","osmId":"way/986259124","source":"OpenStreetMap","sourceUrl":"https://www.openstreetmap.org/way/986259124","inHistoricCore":true},"geometry":{"type":"Polygon","coordinates":[[[119.2894589,26.083678],[119.2895168,26.0836881],[119.2895293,26.0836304],[119.2894714,26.0836203],[119.2894589,26.083678]]]}},{"type":"Feature","id":"way/986259128","properties":{"building":"yes","kind":"building","osmId":"way/986259128","source":"OpenStreetMap","sourceUrl":"https://www.openstreetmap.org/way/986259128","inHistoricCore":true},"geometry":{"type":"Polygon","coordinates":[[[119.2896487,26.0830926],[119.28987,26.0825048],[119.2897962,26.0824824],[119.2897175,26.082629],[119.2895538,26.0830638],[119.2896487,26.0830926]]]}},{"type":"Feature","id":"way/986259129","properties":{"building":"yes","kind":"building","osmId":"way/986259129","source":"OpenStreetMap","sourceUrl":"https://www.openstreetmap.org/way/986259129","inHistoricCore":true},"geometry":{"type":"Polygon","coordinates":[[[119.289469,26.0832534],[119.2895835,26.0832969],[119.28964,26.0831769],[119.2895254,26.0831335],[119.289469,26.0832534]]]}},{"type":"Feature","id":"way/986259130","properties":{"building":"yes","kind":"building","osmId":"way/986259130","source":"OpenStreetMap","sourceUrl":"https://www.openstreetmap.org/way/986259130","inHistoricCore":true},"geometry":{"type":"Polygon","coordinates":[[[119.2895166,26.0834323],[119.2895773,26.0833032],[119.2894636,26.0832601],[119.2894029,26.0833891],[119.2895166,26.0834323]]]}},{"type":"Feature","id":"way/986259131","properties":{"building":"yes","kind":"building","osmId":"way/986259131","source":"OpenStreetMap","sourceUrl":"https://www.openstreetmap.org/way/986259131","inHistoricCore":true},"geometry":{"type":"Polygon","coordinates":[[[119.2894582,26.0835576],[119.2895132,26.0834407],[119.2893991,26.0833974],[119.2893441,26.0835142],[119.2894582,26.0835576]]]}},{"type":"Feature","id":"way/986259132","properties":{"building":"yes","kind":"building","osmId":"way/986259132","source":"OpenStreetMap","sourceUrl":"https://www.openstreetmap.org/way/986259132","inHistoricCore":true},"geometry":{"type":"Polygon","coordinates":[[[119.2892645,26.0836443],[119.2893905,26.0836783],[119.2894519,26.083569],[119.2893362,26.0835166],[119.2892645,26.0836443]]]}},{"type":"Feature","id":"way/986259133","properties":{"building":"yes","kind":"building","osmId":"way/986259133","source":"OpenStreetMap","sourceUrl":"https://www.openstreetmap.org/way/986259133","inHistoricCore":true},"geometry":{"type":"Polygon","coordinates":[[[119.2891974,26.0837846],[119.2893241,26.0838147],[119.2893564,26.0837053],[119.2892495,26.08368],[119.2891974,26.0837846]]]}},{"type":"Feature","id":"way/986259134","properties":{"building":"yes","kind":"building","osmId":"way/986259134","source":"OpenStreetMap","sourceUrl":"https://www.openstreetmap.org/way/986259134","inHistoricCore":true},"geometry":{"type":"Polygon","coordinates":[[[119.289135,26.0839195],[119.2892799,26.0839551],[119.2893155,26.0838381],[119.2891947,26.0838084],[119.2891546,26.0838553],[119.289135,26.0839195]]]}},{"type":"Feature","id":"way/986259135","properties":{"building":"yes","kind":"building","osmId":"way/986259135","source":"OpenStreetMap","sourceUrl":"https://www.openstreetmap.org/way/986259135","inHistoricCore":true},"geometry":{"type":"Polygon","coordinates":[[[119.2891136,26.0839478],[119.2890976,26.0840005],[119.2891888,26.0840228],[119.2892048,26.0839701],[119.2891136,26.0839478]]]}},{"type":"Feature","id":"way/986259136","properties":{"building":"yes","kind":"building","osmId":"way/986259136","source":"OpenStreetMap","sourceUrl":"https://www.openstreetmap.org/way/986259136","inHistoricCore":true},"geometry":{"type":"Polygon","coordinates":[[[119.289302,26.0840888],[119.2893229,26.0839956],[119.2892122,26.0839755],[119.2891912,26.0840687],[119.289302,26.0840888]]]}},{"type":"Feature","id":"way/986259140","properties":{"building":"yes","kind":"building","osmId":"way/986259140","source":"OpenStreetMap","sourceUrl":"https://www.openstreetmap.org/way/986259140","inHistoricCore":true},"geometry":{"type":"Polygon","coordinates":[[[119.2896594,26.0839261],[119.289704,26.0839325],[119.2897194,26.0838445],[119.2896748,26.0838382],[119.2896594,26.0839261]]]}},{"type":"Feature","id":"way/986259141","properties":{"building":"yes","kind":"building","osmId":"way/986259141","source":"OpenStreetMap","sourceUrl":"https://www.openstreetmap.org/way/986259141","inHistoricCore":true},"geometry":{"type":"Polygon","coordinates":[[[119.2896071,26.0840075],[119.2896556,26.0840154],[119.2896717,26.0839365],[119.2896232,26.0839286],[119.2896071,26.0840075]]]}},{"type":"Feature","id":"way/986259142","properties":{"building":"yes","kind":"building","osmId":"way/986259142","source":"OpenStreetMap","sourceUrl":"https://www.openstreetmap.org/way/986259142","inHistoricCore":true},"geometry":{"type":"Polygon","coordinates":[[[119.2895783,26.0840189],[119.2895669,26.0840704],[119.2896313,26.0840819],[119.2896426,26.0840303],[119.2895783,26.0840189]]]}},{"type":"Feature","id":"way/986259143","properties":{"building":"yes","kind":"building","osmId":"way/986259143","source":"OpenStreetMap","sourceUrl":"https://www.openstreetmap.org/way/986259143","inHistoricCore":true},"geometry":{"type":"Polygon","coordinates":[[[119.28964,26.0841442],[119.2897075,26.0841507],[119.2897202,26.0840454],[119.2896527,26.0840388],[119.28964,26.0841442]]]}},{"type":"Feature","id":"way/986259144","properties":{"building":"yes","kind":"building","osmId":"way/986259144","source":"OpenStreetMap","sourceUrl":"https://www.openstreetmap.org/way/986259144","inHistoricCore":true},"geometry":{"type":"Polygon","coordinates":[[[119.2898592,26.0839804],[119.290041,26.0840099],[119.2900687,26.0838721],[119.2900066,26.083862],[119.2899969,26.0839103],[119.2898773,26.0838909],[119.2898592,26.0839804]]]}},{"type":"Feature","id":"way/986259148","properties":{"building":"yes","kind":"building","osmId":"way/986259148","source":"OpenStreetMap","sourceUrl":"https://www.openstreetmap.org/way/986259148","inHistoricCore":true},"geometry":{"type":"Polygon","coordinates":[[[119.290047,26.0840309],[119.2901532,26.0840493],[119.2901901,26.083877],[119.2900839,26.0838587],[119.290047,26.0840309]]]}},{"type":"Feature","id":"way/986259149","properties":{"building":"yes","kind":"building","osmId":"way/986259149","source":"OpenStreetMap","sourceUrl":"https://www.openstreetmap.org/way/986259149","inHistoricCore":true},"geometry":{"type":"Polygon","coordinates":[[[119.2900228,26.0841851],[119.2901229,26.0841962],[119.2901423,26.0840547],[119.2900423,26.0840436],[119.2900228,26.0841851]]]}},{"type":"Feature","id":"way/986259150","properties":{"building":"yes","kind":"building","osmId":"way/986259150","source":"OpenStreetMap","sourceUrl":"https://www.openstreetmap.org/way/986259150","inHistoricCore":true},"geometry":{"type":"Polygon","coordinates":[[[119.2901737,26.0840105],[119.2903655,26.0840683],[119.2904175,26.0839291],[119.2903659,26.0839136],[119.2903547,26.0839435],[119.2902717,26.0839185],[119.2902829,26.0838885],[119.2902257,26.0838713],[119.2901737,26.0840105]]]}},{"type":"Feature","id":"way/986259151","properties":{"building":"yes","kind":"building","osmId":"way/986259151","source":"OpenStreetMap","sourceUrl":"https://www.openstreetmap.org/way/986259151","inHistoricCore":true},"geometry":{"type":"Polygon","coordinates":[[[119.2902743,26.0841484],[119.2902944,26.0840692],[119.290163,26.0840424],[119.2901429,26.0841215],[119.2902743,26.0841484]]]}},{"type":"Feature","id":"way/986259152","properties":{"building":"yes","kind":"building","osmId":"way/986259152","source":"OpenStreetMap","sourceUrl":"https://www.openstreetmap.org/way/986259152","inHistoricCore":true},"geometry":{"type":"Polygon","coordinates":[[[119.2901187,26.0842351],[119.2902354,26.0842589],[119.2902562,26.0841767],[119.2901396,26.0841529],[119.2901187,26.0842351]]]}},{"type":"Feature","id":"way/986259153","properties":{"building":"yes","kind":"building","osmId":"way/986259153","source":"OpenStreetMap","sourceUrl":"https://www.openstreetmap.org/way/986259153","inHistoricCore":true},"geometry":{"type":"Polygon","coordinates":[[[119.2903367,26.0841044],[119.2903208,26.0841671],[119.2903709,26.0841773],[119.2903867,26.0841146],[119.2903367,26.0841044]]]}},{"type":"Feature","id":"way/986259158","properties":{"building":"yes","kind":"building","osmId":"way/986259158","source":"OpenStreetMap","sourceUrl":"https://www.openstreetmap.org/way/986259158","inHistoricCore":true},"geometry":{"type":"Polygon","coordinates":[[[119.2890445,26.0840942],[119.2891592,26.0841237],[119.2891873,26.0840356],[119.2891278,26.0840203],[119.2891234,26.0840342],[119.2890729,26.0840218],[119.2890445,26.0840942]]]}},{"type":"Feature","id":"way/986259159","properties":{"building":"yes","kind":"building","osmId":"way/986259159","source":"OpenStreetMap","sourceUrl":"https://www.openstreetmap.org/way/986259159","inHistoricCore":true},"geometry":{"type":"Polygon","coordinates":[[[119.2889795,26.0842375],[119.2890419,26.0842517],[119.2890808,26.0841252],[119.2890351,26.0841092],[119.2889795,26.0842375]]]}},{"type":"Feature","id":"way/986259160","properties":{"building":"yes","kind":"building","osmId":"way/986259160","source":"OpenStreetMap","sourceUrl":"https://www.openstreetmap.org/way/986259160","inHistoricCore":true},"geometry":{"type":"Polygon","coordinates":[[[119.2891156,26.0842664],[119.2891498,26.0841466],[119.2890849,26.0841316],[119.2890507,26.0842515],[119.2891156,26.0842664]]]}},{"type":"Feature","id":"way/986259164","properties":{"building":"yes","kind":"building","osmId":"way/986259164","source":"OpenStreetMap","sourceUrl":"https://www.openstreetmap.org/way/986259164","inHistoricCore":true},"geometry":{"type":"Polygon","coordinates":[[[119.2892966,26.0841381],[119.2893992,26.0841634],[119.2894252,26.0840785],[119.2893226,26.0840532],[119.2892966,26.0841381]]]}},{"type":"Feature","id":"way/986259165","properties":{"building":"yes","kind":"building","osmId":"way/986259165","source":"OpenStreetMap","sourceUrl":"https://www.openstreetmap.org/way/986259165","inHistoricCore":true},"geometry":{"type":"Polygon","coordinates":[[[119.2892497,26.0842851],[119.2893502,26.0843095],[119.2893918,26.0841716],[119.2892913,26.0841472],[119.2892497,26.0842851]]]}},{"type":"Feature","id":"way/986259166","properties":{"building":"yes","kind":"building","osmId":"way/986259166","source":"OpenStreetMap","sourceUrl":"https://www.openstreetmap.org/way/986259166","inHistoricCore":true},"geometry":{"type":"Polygon","coordinates":[[[119.2894314,26.0840677],[119.2894079,26.0841702],[119.2894506,26.0841781],[119.2894584,26.0841439],[119.2895315,26.0841574],[119.2895237,26.0841915],[119.289556,26.0841974],[119.2895621,26.0841706],[119.2895831,26.0841745],[119.2896004,26.084099],[119.2894314,26.0840677]]]}},{"type":"Feature","id":"way/986259167","properties":{"building":"yes","kind":"building","osmId":"way/986259167","source":"OpenStreetMap","sourceUrl":"https://www.openstreetmap.org/way/986259167","inHistoricCore":true},"geometry":{"type":"Polygon","coordinates":[[[119.289361,26.0843248],[119.2895114,26.0843581],[119.289553,26.0842063],[119.2894026,26.0841731],[119.289361,26.0843248]]]}},{"type":"Feature","id":"way/986259168","properties":{"building":"yes","kind":"building","osmId":"way/986259168","source":"OpenStreetMap","sourceUrl":"https://www.openstreetmap.org/way/986259168","inHistoricCore":true},"geometry":{"type":"Polygon","coordinates":[[[119.2896802,26.0843152],[119.2897068,26.0842052],[119.289568,26.0841781],[119.2895414,26.0842881],[119.2896802,26.0843152]]]}},{"type":"Feature","id":"way/986259169","properties":{"building":"yes","kind":"building","osmId":"way/986259169","source":"OpenStreetMap","sourceUrl":"https://www.openstreetmap.org/way/986259169","inHistoricCore":true},"geometry":{"type":"Polygon","coordinates":[[[119.2896762,26.0844007],[119.2898371,26.0844254],[119.2898712,26.0842463],[119.2897102,26.0842216],[119.2896762,26.0844007]]]}},{"type":"Feature","id":"way/986259170","properties":{"building":"yes","kind":"building","osmId":"way/986259170","source":"OpenStreetMap","sourceUrl":"https://www.openstreetmap.org/way/986259170","inHistoricCore":true},"geometry":{"type":"Polygon","coordinates":[[[119.2899632,26.0844435],[119.2900033,26.0842517],[119.2898908,26.0842327],[119.2898506,26.0844245],[119.2899632,26.0844435]]]}},{"type":"Feature","id":"way/986259171","properties":{"building":"yes","kind":"building","osmId":"way/986259171","source":"OpenStreetMap","sourceUrl":"https://www.openstreetmap.org/way/986259171","inHistoricCore":true},"geometry":{"type":"Polygon","coordinates":[[[119.2900886,26.0843309],[119.2901156,26.0842014],[119.2900798,26.0841954],[119.2900528,26.0843248],[119.2900886,26.0843309]]]}},{"type":"Feature","id":"way/986259172","properties":{"building":"yes","kind":"building","osmId":"way/986259172","source":"OpenStreetMap","sourceUrl":"https://www.openstreetmap.org/way/986259172","inHistoricCore":true},"geometry":{"type":"Polygon","coordinates":[[[119.2900289,26.0844339],[119.290066,26.0844401],[119.2900872,26.0843387],[119.2900501,26.0843324],[119.2900289,26.0844339]]]}},{"type":"Feature","id":"way/986259173","properties":{"building":"yes","kind":"building","osmId":"way/986259173","source":"OpenStreetMap","sourceUrl":"https://www.openstreetmap.org/way/986259173","inHistoricCore":true},"geometry":{"type":"Polygon","coordinates":[[[119.2899719,26.0844459],[119.2900162,26.0844534],[119.2900678,26.0842068],[119.2900235,26.0841993],[119.2899719,26.0844459]]]}},{"type":"Feature","id":"way/986259176","properties":{"building":"yes","kind":"building","osmId":"way/986259176","source":"OpenStreetMap","sourceUrl":"https://www.openstreetmap.org/way/986259176","inHistoricCore":true},"geometry":{"type":"Polygon","coordinates":[[[119.2901482,26.0844905],[119.2901543,26.0844614],[119.2900658,26.0844465],[119.2900597,26.0844755],[119.2901482,26.0844905]]]}},{"type":"Feature","id":"way/986259177","properties":{"building":"yes","kind":"building","osmId":"way/986259177","source":"OpenStreetMap","sourceUrl":"https://www.openstreetmap.org/way/986259177","inHistoricCore":true},"geometry":{"type":"Polygon","coordinates":[[[119.2901912,26.0844977],[119.2901974,26.0844678],[119.2901637,26.0844622],[119.2901574,26.084492],[119.2901912,26.0844977]]]}},{"type":"Feature","id":"way/986259178","properties":{"building":"yes","kind":"building","osmId":"way/986259178","source":"OpenStreetMap","sourceUrl":"https://www.openstreetmap.org/way/986259178","inHistoricCore":true},"geometry":{"type":"Polygon","coordinates":[[[119.2902917,26.0845133],[119.2903006,26.0844712],[119.2902187,26.0844573],[119.2902098,26.0844995],[119.2902917,26.0845133]]]}},{"type":"Feature","id":"way/986259179","properties":{"building":"yes","kind":"building","osmId":"way/986259179","source":"OpenStreetMap","sourceUrl":"https://www.openstreetmap.org/way/986259179","inHistoricCore":true},"geometry":{"type":"Polygon","coordinates":[[[119.2902133,26.0844477],[119.2902595,26.0844555],[119.2902897,26.0843103],[119.2902435,26.0843026],[119.2902133,26.0844477]]]}},{"type":"Feature","id":"way/986259180","properties":{"building":"yes","kind":"building","osmId":"way/986259180","source":"OpenStreetMap","sourceUrl":"https://www.openstreetmap.org/way/986259180","inHistoricCore":true},"geometry":{"type":"Polygon","coordinates":[[[119.2905787,26.0840779],[119.2906518,26.0840972],[119.2906666,26.0840521],[119.2905935,26.0840329],[119.2905787,26.0840779]]]}},{"type":"Feature","id":"way/986259181","properties":{"building":"yes","kind":"building","osmId":"way/986259181","source":"OpenStreetMap","sourceUrl":"https://www.openstreetmap.org/way/986259181","inHistoricCore":true},"geometry":{"type":"Polygon","coordinates":[[[119.2905633,26.0840966],[119.2905389,26.0841653],[119.2906462,26.084196],[119.2906706,26.0841273],[119.2905633,26.0840966]]]}},{"type":"Feature","id":"way/986259184","properties":{"building":"yes","kind":"building","osmId":"way/986259184","source":"OpenStreetMap","sourceUrl":"https://www.openstreetmap.org/way/986259184","inHistoricCore":true},"geometry":{"type":"Polygon","coordinates":[[[119.2906337,26.084323],[119.2907189,26.084348],[119.2907792,26.0841821],[119.2906941,26.0841571],[119.2906337,26.084323]]]}},{"type":"Feature","id":"way/986259185","properties":{"building":"yes","kind":"building","osmId":"way/986259185","source":"OpenStreetMap","sourceUrl":"https://www.openstreetmap.org/way/986259185","inHistoricCore":true},"geometry":{"type":"Polygon","coordinates":[[[119.2906652,26.0844646],[119.2906944,26.0843845],[119.2906163,26.0843616],[119.2905872,26.0844417],[119.2906652,26.0844646]]]}},{"type":"Feature","id":"way/986259186","properties":{"building":"yes","kind":"building","osmId":"way/986259186","source":"OpenStreetMap","sourceUrl":"https://www.openstreetmap.org/way/986259186","inHistoricCore":true},"geometry":{"type":"Polygon","coordinates":[[[119.2907323,26.0843501],[119.290817,26.084375],[119.2908751,26.0842152],[119.2907904,26.0841904],[119.2907323,26.0843501]]]}},{"type":"Feature","id":"way/986259187","properties":{"building":"yes","kind":"building","osmId":"way/986259187","source":"OpenStreetMap","sourceUrl":"https://www.openstreetmap.org/way/986259187","inHistoricCore":true},"geometry":{"type":"Polygon","coordinates":[[[119.29068,26.0844664],[119.2907688,26.0844924],[119.2907973,26.084414],[119.2907085,26.0843879],[119.29068,26.0844664]]]}},{"type":"Feature","id":"way/986259188","properties":{"building":"yes","kind":"building","osmId":"way/986259188","source":"OpenStreetMap","sourceUrl":"https://www.openstreetmap.org/way/986259188","inHistoricCore":true},"geometry":{"type":"Polygon","coordinates":[[[119.2905747,26.084476],[119.2905447,26.0845586],[119.2906223,26.0845814],[119.2906524,26.0844988],[119.2905747,26.084476]]]}},{"type":"Feature","id":"way/986259189","properties":{"building":"yes","kind":"building","osmId":"way/986259189","source":"OpenStreetMap","sourceUrl":"https://www.openstreetmap.org/way/986259189","inHistoricCore":true},"geometry":{"type":"Polygon","coordinates":[[[119.2906304,26.084588],[119.2907163,26.0846132],[119.2907491,26.0845229],[119.2906632,26.0844977],[119.2906304,26.084588]]]}},{"type":"Feature","id":"way/986259190","properties":{"building":"yes","kind":"building","osmId":"way/986259190","source":"OpenStreetMap","sourceUrl":"https://www.openstreetmap.org/way/986259190","inHistoricCore":true},"geometry":{"type":"Polygon","coordinates":[[[119.2895152,26.0856528],[119.2895837,26.0856652],[119.2896072,26.0855604],[119.2895387,26.085548],[119.2895152,26.0856528]]]}},{"type":"Feature","id":"way/986259191","properties":{"building":"yes","kind":"building","osmId":"way/986259191","source":"OpenStreetMap","sourceUrl":"https://www.openstreetmap.org/way/986259191","inHistoricCore":true},"geometry":{"type":"Polygon","coordinates":[[[119.2893818,26.0856365],[119.2895032,26.085648],[119.289516,26.0855385],[119.2893946,26.0855271],[119.2893818,26.0856365]]]}},{"type":"Feature","id":"way/986259192","properties":{"building":"yes","kind":"building","osmId":"way/986259192","source":"OpenStreetMap","sourceUrl":"https://www.openstreetmap.org/way/986259192","inHistoricCore":true},"geometry":{"type":"Polygon","coordinates":[[[119.2894844,26.0857245],[119.289499,26.0856602],[119.2894671,26.0856543],[119.2894614,26.0856796],[119.2894128,26.0856707],[119.2894172,26.0856515],[119.2893823,26.0856451],[119.2893691,26.0857034],[119.2894844,26.0857245]]]}},{"type":"Feature","id":"way/986259193","properties":{"building":"yes","kind":"building","osmId":"way/986259193","source":"OpenStreetMap","sourceUrl":"https://www.openstreetmap.org/way/986259193","inHistoricCore":true},"geometry":{"type":"Polygon","coordinates":[[[119.2894945,26.0857251],[119.2895649,26.0857371],[119.2895769,26.0856804],[119.2895065,26.0856683],[119.2894945,26.0857251]]]}},{"type":"Feature","id":"way/986259194","properties":{"building":"yes","kind":"building","osmId":"way/986259194","source":"OpenStreetMap","sourceUrl":"https://www.openstreetmap.org/way/986259194","inHistoricCore":true},"geometry":{"type":"Polygon","coordinates":[[[119.2895629,26.0854878],[119.2896194,26.0854941],[119.2896321,26.0854026],[119.2895756,26.0853962],[119.2895629,26.0854878]]]}},{"type":"Feature","id":"way/986259195","properties":{"building":"yes","kind":"building","osmId":"way/986259195","source":"OpenStreetMap","sourceUrl":"https://www.openstreetmap.org/way/986259195","inHistoricCore":true},"geometry":{"type":"Polygon","coordinates":[[[119.289475,26.0855071],[119.289539,26.0855114],[119.2895454,26.0854354],[119.2894814,26.0854311],[119.289475,26.0855071]]]}},{"type":"Feature","id":"way/986259196","properties":{"building":"yes","kind":"building","osmId":"way/986259196","source":"OpenStreetMap","sourceUrl":"https://www.openstreetmap.org/way/986259196","inHistoricCore":true},"geometry":{"type":"Polygon","coordinates":[[[119.2894509,26.0853475],[119.2894913,26.0853502],[119.2894951,26.0853047],[119.2894547,26.085302],[119.2894509,26.0853475]]]}},{"type":"Feature","id":"way/986259197","properties":{"building":"yes","kind":"building","osmId":"way/986259197","source":"OpenStreetMap","sourceUrl":"https://www.openstreetmap.org/way/986259197","inHistoricCore":true},"geometry":{"type":"Polygon","coordinates":[[[119.2895501,26.0854276],[119.289555,26.0853688],[119.2894212,26.0853597],[119.2894261,26.0853022],[119.2893996,26.0853005],[119.2893898,26.0854167],[119.2895501,26.0854276]]]}},{"type":"Feature","id":"way/986259202","properties":{"building":"yes","kind":"building","osmId":"way/986259202","source":"OpenStreetMap","sourceUrl":"https://www.openstreetmap.org/way/986259202","inHistoricCore":true},"geometry":{"type":"Polygon","coordinates":[[[119.2892075,26.0855119],[119.2892119,26.0854802],[119.2891619,26.0854745],[119.2891574,26.0855062],[119.2892075,26.0855119]]]}},{"type":"Feature","id":"way/986259203","properties":{"building":"yes","kind":"building","osmId":"way/986259203","source":"OpenStreetMap","sourceUrl":"https://www.openstreetmap.org/way/986259203","inHistoricCore":true},"geometry":{"type":"Polygon","coordinates":[[[119.2893181,26.0855287],[119.2893811,26.0855359],[119.2893865,26.0854974],[119.2893235,26.0854903],[119.2893181,26.0855287]]]}},{"type":"Feature","id":"way/986259204","properties":{"building":"yes","kind":"building","osmId":"way/986259204","source":"OpenStreetMap","sourceUrl":"https://www.openstreetmap.org/way/986259204","inHistoricCore":true},"geometry":{"type":"Polygon","coordinates":[[[119.2891813,26.0853601],[119.2891668,26.0854635],[119.2893686,26.0854864],[119.2893831,26.085383],[119.2891813,26.0853601]]]}},{"type":"Feature","id":"way/986259205","properties":{"building":"yes","kind":"building","osmId":"way/986259205","source":"OpenStreetMap","sourceUrl":"https://www.openstreetmap.org/way/986259205","inHistoricCore":true},"geometry":{"type":"Polygon","coordinates":[[[119.2897258,26.0844832],[119.289708,26.0845721],[119.2897568,26.08458],[119.2897659,26.0845346],[119.2899484,26.084564],[119.2899571,26.0845206],[119.2897258,26.0844832]]]}},{"type":"Feature","id":"way/986259206","properties":{"building":"yes","kind":"building","osmId":"way/986259206","source":"OpenStreetMap","sourceUrl":"https://www.openstreetmap.org/way/986259206","inHistoricCore":true},"geometry":{"type":"Polygon","coordinates":[[[119.2895025,26.0850957],[119.2894943,26.0851608],[119.2895888,26.0851705],[119.289597,26.0851054],[119.2895025,26.0850957]]]}},{"type":"Feature","id":"way/986259207","properties":{"building":"yes","kind":"building","osmId":"way/986259207","source":"OpenStreetMap","sourceUrl":"https://www.openstreetmap.org/way/986259207","inHistoricCore":true},"geometry":{"type":"Polygon","coordinates":[[[119.289414,26.0851788],[119.2894082,26.08529],[119.2895805,26.0852972],[119.2895863,26.0851861],[119.289414,26.0851788]]]}},{"type":"Feature","id":"way/986259208","properties":{"building":"yes","kind":"building","osmId":"way/986259208","source":"OpenStreetMap","sourceUrl":"https://www.openstreetmap.org/way/986259208","inHistoricCore":true},"geometry":{"type":"Polygon","coordinates":[[[119.2893168,26.0851782],[119.2893925,26.0851918],[119.2894166,26.0850827],[119.2893409,26.0850692],[119.2893168,26.0851782]]]}},{"type":"Feature","id":"way/986259209","properties":{"building":"yes","kind":"building","osmId":"way/986259209","source":"OpenStreetMap","sourceUrl":"https://www.openstreetmap.org/way/986259209","inHistoricCore":true},"geometry":{"type":"Polygon","coordinates":[[[119.2892933,26.0852764],[119.2893852,26.0852933],[119.2894035,26.0852128],[119.2893116,26.085196],[119.2892933,26.0852764]]]}},{"type":"Feature","id":"way/986259210","properties":{"building":"yes","kind":"building","osmId":"way/986259210","source":"OpenStreetMap","sourceUrl":"https://www.openstreetmap.org/way/986259210","inHistoricCore":true},"geometry":{"type":"Polygon","coordinates":[[[119.2891619,26.0853794],[119.2891737,26.0853283],[119.2889533,26.0852872],[119.2889415,26.0853384],[119.2891619,26.0853794]]]}},{"type":"Feature","id":"way/986259211","properties":{"building":"yes","kind":"building","osmId":"way/986259211","source":"OpenStreetMap","sourceUrl":"https://www.openstreetmap.org/way/986259211","inHistoricCore":true},"geometry":{"type":"Polygon","coordinates":[[[119.2890821,26.0853794],[119.2890728,26.0854195],[119.2891552,26.0854348],[119.2891644,26.0853947],[119.2890821,26.0853794]]]}},{"type":"Feature","id":"way/986259212","properties":{"building":"yes","kind":"building","osmId":"way/986259212","source":"OpenStreetMap","sourceUrl":"https://www.openstreetmap.org/way/986259212","inHistoricCore":true},"geometry":{"type":"Polygon","coordinates":[[[119.2890666,26.085489],[119.289129,26.0855006],[119.2891424,26.0854426],[119.28908,26.085431],[119.2890666,26.085489]]]}},{"type":"Feature","id":"way/986259213","properties":{"building":"yes","kind":"building","osmId":"way/986259213","source":"OpenStreetMap","sourceUrl":"https://www.openstreetmap.org/way/986259213","inHistoricCore":true},"geometry":{"type":"Polygon","coordinates":[[[119.2891163,26.0855751],[119.2891306,26.0855132],[119.2890619,26.0855004],[119.2890477,26.0855623],[119.2891163,26.0855751]]]}},{"type":"Feature","id":"way/986259214","properties":{"building":"yes","kind":"building","osmId":"way/986259214","source":"OpenStreetMap","sourceUrl":"https://www.openstreetmap.org/way/986259214","inHistoricCore":true},"geometry":{"type":"Polygon","coordinates":[[[119.2890438,26.0855811],[119.2890353,26.0856181],[119.2891344,26.0856365],[119.2891429,26.0855996],[119.2890438,26.0855811]]]}},{"type":"Feature","id":"way/986259215","properties":{"building":"yes","kind":"building","osmId":"way/986259215","source":"OpenStreetMap","sourceUrl":"https://www.openstreetmap.org/way/986259215","inHistoricCore":true},"geometry":{"type":"Polygon","coordinates":[[[119.2889895,26.085763],[119.2890994,26.0857835],[119.2891317,26.0856438],[119.2890218,26.0856233],[119.2889895,26.085763]]]}},{"type":"Feature","id":"way/986259216","properties":{"building":"yes","kind":"building","osmId":"way/986259216","source":"OpenStreetMap","sourceUrl":"https://www.openstreetmap.org/way/986259216","inHistoricCore":true},"geometry":{"type":"Polygon","coordinates":[[[119.2890137,26.0856263],[119.2888764,26.0856007],[119.2888574,26.0856829],[119.2889947,26.0857085],[119.2890137,26.0856263]]]}},{"type":"Feature","id":"way/986259217","properties":{"building":"yes","kind":"building","osmId":"way/986259217","source":"OpenStreetMap","sourceUrl":"https://www.openstreetmap.org/way/986259217","inHistoricCore":true},"geometry":{"type":"Polygon","coordinates":[[[119.2888869,26.0855558],[119.2890329,26.085583],[119.2890539,26.085492],[119.2889079,26.0854648],[119.2888869,26.0855558]]]}},{"type":"Feature","id":"way/986259218","properties":{"building":"yes","kind":"building","osmId":"way/986259218","source":"OpenStreetMap","sourceUrl":"https://www.openstreetmap.org/way/986259218","inHistoricCore":true},"geometry":{"type":"Polygon","coordinates":[[[119.28861,26.08543],[119.2886621,26.0854397],[119.288675,26.0853836],[119.2886229,26.0853739],[119.28861,26.08543]]]}},{"type":"Feature","id":"way/986259219","properties":{"building":"yes","kind":"building","osmId":"way/986259219","source":"OpenStreetMap","sourceUrl":"https://www.openstreetmap.org/way/986259219","inHistoricCore":true},"geometry":{"type":"Polygon","coordinates":[[[119.2887421,26.0856968],[119.2888002,26.0857076],[119.2888675,26.0854161],[119.2888094,26.0854053],[119.2887421,26.0856968]]]}},{"type":"Feature","id":"way/986259220","properties":{"building":"yes","kind":"building","osmId":"way/986259220","source":"OpenStreetMap","sourceUrl":"https://www.openstreetmap.org/way/986259220","inHistoricCore":true},"geometry":{"type":"Polygon","coordinates":[[[119.2886583,26.0855197],[119.2887682,26.0855402],[119.2887993,26.0854058],[119.2886893,26.0853853],[119.2886583,26.0855197]]]}},{"type":"Feature","id":"way/986259224","properties":{"building":"yes","kind":"building","osmId":"way/986259224","source":"OpenStreetMap","sourceUrl":"https://www.openstreetmap.org/way/986259224","inHistoricCore":true},"geometry":{"type":"Polygon","coordinates":[[[119.2889634,26.0850229],[119.2890187,26.0850332],[119.2890485,26.0849048],[119.2889932,26.0848944],[119.2889634,26.0850229]]]}},{"type":"Feature","id":"way/986259225","properties":{"building":"yes","kind":"building","osmId":"way/986259225","source":"OpenStreetMap","sourceUrl":"https://www.openstreetmap.org/way/986259225","inHistoricCore":true},"geometry":{"type":"Polygon","coordinates":[[[119.2889493,26.0851096],[119.2890039,26.0851198],[119.2890164,26.0850662],[119.2889617,26.085056],[119.2889493,26.0851096]]]}},{"type":"Feature","id":"way/986259226","properties":{"building":"yes","kind":"building","osmId":"way/986259226","source":"OpenStreetMap","sourceUrl":"https://www.openstreetmap.org/way/986259226","inHistoricCore":true},"geometry":{"type":"Polygon","coordinates":[[[119.2889097,26.0849795],[119.2888838,26.0850913],[119.2889366,26.0851011],[119.2889625,26.0849894],[119.2889097,26.0849795]]]}},{"type":"Feature","id":"way/986259227","properties":{"building":"yes","kind":"building","osmId":"way/986259227","source":"OpenStreetMap","sourceUrl":"https://www.openstreetmap.org/way/986259227","inHistoricCore":true},"geometry":{"type":"Polygon","coordinates":[[[119.2888239,26.0853583],[119.2888821,26.0853692],[119.2889418,26.085112],[119.2888836,26.0851011],[119.2888239,26.0853583]]]}},{"type":"Feature","id":"way/986259228","properties":{"building":"yes","kind":"building","osmId":"way/986259228","source":"OpenStreetMap","sourceUrl":"https://www.openstreetmap.org/way/986259228","inHistoricCore":true},"geometry":{"type":"Polygon","coordinates":[[[119.2886891,26.0851825],[119.2886657,26.0852899],[119.2888233,26.0853177],[119.2888467,26.0852102],[119.2886891,26.0851825]]]}},{"type":"Feature","id":"way/986259229","properties":{"building":"yes","kind":"building","osmId":"way/986259229","source":"OpenStreetMap","sourceUrl":"https://www.openstreetmap.org/way/986259229","inHistoricCore":true},"geometry":{"type":"Polygon","coordinates":[[[119.2887575,26.0849512],[119.2887271,26.0850839],[119.2888706,26.0851104],[119.288901,26.0849777],[119.2887575,26.0849512]]]}},{"type":"Feature","id":"way/986259230","properties":{"building":"yes","kind":"building","osmId":"way/986259230","source":"OpenStreetMap","sourceUrl":"https://www.openstreetmap.org/way/986259230","inHistoricCore":true},"geometry":{"type":"Polygon","coordinates":[[[119.2894556,26.0849542],[119.2894437,26.0850118],[119.2894841,26.0850185],[119.28948,26.0850384],[119.2895811,26.0850552],[119.289597,26.0849777],[119.2894556,26.0849542]]]}},{"type":"Feature","id":"way/986259231","properties":{"building":"yes","kind":"building","osmId":"way/986259231","source":"OpenStreetMap","sourceUrl":"https://www.openstreetmap.org/way/986259231","inHistoricCore":true},"geometry":{"type":"Polygon","coordinates":[[[119.2893516,26.0849958],[119.289424,26.0850084],[119.2894369,26.084949],[119.2893645,26.0849364],[119.2893516,26.0849958]]]}},{"type":"Feature","id":"way/986259232","properties":{"building":"yes","kind":"building","osmId":"way/986259232","source":"OpenStreetMap","sourceUrl":"https://www.openstreetmap.org/way/986259232","inHistoricCore":true},"geometry":{"type":"Polygon","coordinates":[[[119.289005,26.0845483],[119.2890425,26.0845551],[119.2890626,26.0844664],[119.2890251,26.0844595],[119.289005,26.0845483]]]}},{"type":"Feature","id":"way/986259233","properties":{"building":"yes","kind":"building","osmId":"way/986259233","source":"OpenStreetMap","sourceUrl":"https://www.openstreetmap.org/way/986259233","inHistoricCore":true},"geometry":{"type":"Polygon","coordinates":[[[119.2889936,26.0846025],[119.2890299,26.0846091],[119.2890391,26.0845682],[119.2890028,26.0845615],[119.2889936,26.0846025]]]}},{"type":"Feature","id":"way/986259234","properties":{"building":"yes","kind":"building","osmId":"way/986259234","source":"OpenStreetMap","sourceUrl":"https://www.openstreetmap.org/way/986259234","inHistoricCore":true},"geometry":{"type":"Polygon","coordinates":[[[119.2889775,26.0846609],[119.2890175,26.0846682],[119.2890277,26.084623],[119.2889877,26.0846156],[119.2889775,26.0846609]]]}},{"type":"Feature","id":"way/986259235","properties":{"building":"yes","kind":"building","osmId":"way/986259235","source":"OpenStreetMap","sourceUrl":"https://www.openstreetmap.org/way/986259235","inHistoricCore":true},"geometry":{"type":"Polygon","coordinates":[[[119.28895,26.0847801],[119.28899,26.0847875],[119.2890143,26.0846802],[119.2889743,26.0846728],[119.28895,26.0847801]]]}},{"type":"Feature","id":"way/986259238","properties":{"building":"yes","kind":"building","osmId":"way/986259238","source":"OpenStreetMap","sourceUrl":"https://www.openstreetmap.org/way/986259238","inHistoricCore":true},"geometry":{"type":"Polygon","coordinates":[[[119.2890834,26.0843821],[119.2890956,26.0843285],[119.2889372,26.0842995],[119.2889251,26.0843531],[119.2890834,26.0843821]]]}},{"type":"Feature","id":"way/986259239","properties":{"building":"yes","kind":"building","osmId":"way/986259239","source":"OpenStreetMap","sourceUrl":"https://www.openstreetmap.org/way/986259239","inHistoricCore":true},"geometry":{"type":"Polygon","coordinates":[[[119.289247,26.0844104],[119.2892581,26.0843616],[119.2891035,26.0843333],[119.2890925,26.0843821],[119.289247,26.0844104]]]}},{"type":"Feature","id":"way/986259240","properties":{"building":"yes","kind":"building","osmId":"way/986259240","source":"OpenStreetMap","sourceUrl":"https://www.openstreetmap.org/way/986259240","inHistoricCore":true},"geometry":{"type":"Polygon","coordinates":[[[119.2890358,26.0846296],[119.2891806,26.0846561],[119.289235,26.0844164],[119.2890902,26.0843899],[119.2890358,26.0846296]]]}},{"type":"Feature","id":"way/986259241","properties":{"building":"yes","kind":"building","osmId":"way/986259241","source":"OpenStreetMap","sourceUrl":"https://www.openstreetmap.org/way/986259241","inHistoricCore":true},"geometry":{"type":"Polygon","coordinates":[[[119.2889868,26.0848452],[119.2891934,26.084883],[119.2892396,26.084679],[119.2890331,26.0846412],[119.2889868,26.0848452]]]}},{"type":"Feature","id":"way/986259242","properties":{"building":"yes","kind":"building","osmId":"way/986259242","source":"OpenStreetMap","sourceUrl":"https://www.openstreetmap.org/way/986259242","inHistoricCore":true},"geometry":{"type":"Polygon","coordinates":[[[119.2892088,26.0848729],[119.2892826,26.0848864],[119.2893282,26.0846856],[119.2892544,26.0846721],[119.2892088,26.0848729]]]}},{"type":"Feature","id":"way/986259256","properties":{"building":"yes","kind":"building","osmId":"way/986259256","source":"OpenStreetMap","sourceUrl":"https://www.openstreetmap.org/way/986259256","inHistoricCore":true},"geometry":{"type":"Polygon","coordinates":[[[119.2897291,26.0847958],[119.2899074,26.0848181],[119.2899382,26.0846194],[119.28976,26.0845971],[119.2897291,26.0847958]]]}},{"type":"Feature","id":"way/986259257","properties":{"building":"yes","kind":"building","osmId":"way/986259257","source":"OpenStreetMap","sourceUrl":"https://www.openstreetmap.org/way/986259257","inHistoricCore":true},"geometry":{"type":"Polygon","coordinates":[[[119.2897821,26.0849729],[119.2898675,26.0849777],[119.2898749,26.0848729],[119.2897895,26.0848681],[119.2897821,26.0849729]]]}},{"type":"Feature","id":"way/986259258","properties":{"building":"yes","kind":"building","osmId":"way/986259258","source":"OpenStreetMap","sourceUrl":"https://www.openstreetmap.org/way/986259258","inHistoricCore":true},"geometry":{"type":"Polygon","coordinates":[[[119.2898901,26.0849259],[119.2899738,26.0849429],[119.2900088,26.0848042],[119.289925,26.0847872],[119.2898901,26.0849259]]]}},{"type":"Feature","id":"way/986259259","properties":{"building":"yes","kind":"building","osmId":"way/986259259","source":"OpenStreetMap","sourceUrl":"https://www.openstreetmap.org/way/986259259","inHistoricCore":true},"geometry":{"type":"Polygon","coordinates":[[[119.2899323,26.0851246],[119.2899653,26.0849937],[119.2898807,26.0849765],[119.2898477,26.0851074],[119.2899323,26.0851246]]]}},{"type":"Feature","id":"way/986259265","properties":{"building":"yes","kind":"building","osmId":"way/986259265","source":"OpenStreetMap","sourceUrl":"https://www.openstreetmap.org/way/986259265","inHistoricCore":true},"geometry":{"type":"Polygon","coordinates":[[[119.291376,26.0860123],[119.2914637,26.0860201],[119.2914798,26.0858731],[119.2913921,26.0858654],[119.291376,26.0860123]]]}},{"type":"Feature","id":"way/986259268","properties":{"building":"yes","kind":"building","osmId":"way/986259268","source":"OpenStreetMap","sourceUrl":"https://www.openstreetmap.org/way/986259268","inHistoricCore":true},"geometry":{"type":"Polygon","coordinates":[[[119.290283,26.0850415],[119.290336,26.0848314],[119.2902381,26.0848115],[119.2901851,26.0850216],[119.290283,26.0850415]]]}},{"type":"Feature","id":"way/986259271","properties":{"building":"yes","kind":"building","osmId":"way/986259271","source":"OpenStreetMap","sourceUrl":"https://www.openstreetmap.org/way/986259271","inHistoricCore":true},"geometry":{"type":"Polygon","coordinates":[[[119.2901077,26.0853062],[119.2901782,26.0853206],[119.2901912,26.0852692],[119.2901206,26.0852548],[119.2901077,26.0853062]]]}},{"type":"Feature","id":"way/986259272","properties":{"building":"yes","kind":"building","osmId":"way/986259272","source":"OpenStreetMap","sourceUrl":"https://www.openstreetmap.org/way/986259272","inHistoricCore":true},"geometry":{"type":"Polygon","coordinates":[[[119.2901868,26.0853451],[119.2900979,26.085327],[119.2900805,26.0853959],[119.2901694,26.085414],[119.2901868,26.0853451]]]}},{"type":"Feature","id":"way/986259273","properties":{"building":"yes","kind":"building","osmId":"way/986259273","source":"OpenStreetMap","sourceUrl":"https://www.openstreetmap.org/way/986259273","inHistoricCore":true},"geometry":{"type":"Polygon","coordinates":[[[119.2900819,26.0853149],[119.2901171,26.085175],[119.289988,26.0851487],[119.2899527,26.0852887],[119.2900819,26.0853149]]]}},{"type":"Feature","id":"way/1012363074","properties":{"building":"yes","kind":"building","osmId":"way/1012363074","source":"OpenStreetMap","sourceUrl":"https://www.openstreetmap.org/way/1012363074","inHistoricCore":false},"geometry":{"type":"Polygon","coordinates":[[[119.2958,26.0863942],[119.2958,26.0862045],[119.2957634,26.0863883],[119.2958,26.0863942]]]}},{"type":"Feature","id":"way/1012363075","properties":{"building":"yes","kind":"building","osmId":"way/1012363075","source":"OpenStreetMap","sourceUrl":"https://www.openstreetmap.org/way/1012363075","inHistoricCore":false},"geometry":{"type":"Polygon","coordinates":[[[119.2957199,26.0865616],[119.2957852,26.0862339],[119.2954785,26.0861846],[119.2954583,26.0862255],[119.2954463,26.0862605],[119.2954342,26.0863008],[119.2954235,26.08634],[119.2954161,26.0863845],[119.2954121,26.0864243],[119.2954107,26.0864695],[119.2954131,26.0865123],[119.2957199,26.0865616]]]}},{"type":"Feature","id":"way/1012363094","properties":{"building":"yes","kind":"building","osmId":"way/1012363094","source":"OpenStreetMap","sourceUrl":"https://www.openstreetmap.org/way/1012363094","inHistoricCore":false},"geometry":{"type":"Polygon","coordinates":[[[119.2951781,26.0875722],[119.2952735,26.0875891],[119.2952809,26.0875554],[119.2954979,26.0875938],[119.2954929,26.0876168],[119.2958,26.0876711],[119.2958,26.0871828],[119.2953798,26.0871084],[119.2953829,26.0870942],[119.2952867,26.0870771],[119.2952716,26.0871459],[119.2952503,26.0871422],[119.2951719,26.0874993],[119.2951932,26.0875031],[119.2951781,26.0875722]]]}},{"type":"Feature","id":"way/1012363104","properties":{"building":"yes","kind":"building","osmId":"way/1012363104","source":"OpenStreetMap","sourceUrl":"https://www.openstreetmap.org/way/1012363104","inHistoricCore":false},"geometry":{"type":"Polygon","coordinates":[[[119.2958,26.0882024],[119.2957909,26.0883009],[119.2958,26.0883016],[119.2958,26.0882024]]]}},{"type":"Feature","id":"way/1012363105","properties":{"building":"yes","kind":"building","osmId":"way/1012363105","source":"OpenStreetMap","sourceUrl":"https://www.openstreetmap.org/way/1012363105","inHistoricCore":false},"geometry":{"type":"Polygon","coordinates":[[[119.2949755,26.0884851],[119.2952839,26.0885419],[119.2953261,26.0883569],[119.2951453,26.0883236],[119.295193,26.0881148],[119.2949586,26.0880716],[119.2949098,26.0882855],[119.2949522,26.0882933],[119.2949679,26.0882245],[119.2950323,26.0882364],[119.2949755,26.0884851]]]}},{"type":"Feature","id":"way/1012363106","properties":{"building":"yes","kind":"building","osmId":"way/1012363106","source":"OpenStreetMap","sourceUrl":"https://www.openstreetmap.org/way/1012363106","inHistoricCore":false},"geometry":{"type":"Polygon","coordinates":[[[119.2953819,26.087842],[119.2953668,26.0879612],[119.2956619,26.0879914],[119.2956769,26.0878721],[119.2956378,26.0878681],[119.2956456,26.087806],[119.295517,26.0877929],[119.2955092,26.087855],[119.2953819,26.087842]]]}},{"type":"Feature","id":"way/1012363107","properties":{"building":"yes","kind":"building","osmId":"way/1012363107","source":"OpenStreetMap","sourceUrl":"https://www.openstreetmap.org/way/1012363107","inHistoricCore":false},"geometry":{"type":"Polygon","coordinates":[[[119.2950949,26.0879371],[119.295221,26.087954],[119.2952613,26.0877119],[119.2951351,26.087695],[119.2950949,26.0879371]]]}},{"type":"Feature","id":"way/1012363108","properties":{"building":"yes","kind":"building","osmId":"way/1012363108","source":"OpenStreetMap","sourceUrl":"https://www.openstreetmap.org/way/1012363108","inHistoricCore":false},"geometry":{"type":"Polygon","coordinates":[[[119.2950815,26.0880106],[119.2951124,26.0880161],[119.2951259,26.0879559],[119.2950949,26.0879504],[119.2950815,26.0880106]]]}},{"type":"Feature","id":"way/1012363109","properties":{"building":"yes","kind":"building","osmId":"way/1012363109","source":"OpenStreetMap","sourceUrl":"https://www.openstreetmap.org/way/1012363109","inHistoricCore":false},"geometry":{"type":"Polygon","coordinates":[[[119.2953269,26.0882159],[119.2954376,26.0882214],[119.2956796,26.0882623],[119.2956924,26.0882587],[119.295689,26.088075],[119.2956823,26.088069],[119.295345,26.0880359],[119.295333,26.0880419],[119.295347,26.0881075],[119.2953182,26.0882051],[119.2953269,26.0882159]]]}},{"type":"Feature","id":"way/1012363110","properties":{"building":"yes","kind":"building","osmId":"way/1012363110","source":"OpenStreetMap","sourceUrl":"https://www.openstreetmap.org/way/1012363110","inHistoricCore":false},"geometry":{"type":"Polygon","coordinates":[[[119.2954034,26.0884966],[119.2954315,26.0883725],[119.2954362,26.0882418],[119.2955388,26.0882756],[119.295632,26.0882605],[119.2956387,26.0882671],[119.2956052,26.0884376],[119.2956213,26.0885141],[119.2956146,26.0885219],[119.295516,26.088505],[119.2954121,26.0885008],[119.2954034,26.0884966]]]}},{"type":"Feature","id":"way/1012363111","properties":{"building":"yes","kind":"building","osmId":"way/1012363111","source":"OpenStreetMap","sourceUrl":"https://www.openstreetmap.org/way/1012363111","inHistoricCore":false},"geometry":{"type":"Polygon","coordinates":[[[119.2958,26.0887219],[119.2956612,26.0887126],[119.2956566,26.0887681],[119.2952187,26.088739],[119.2951743,26.0886691],[119.2951828,26.0886284],[119.2950319,26.0886032],[119.2949863,26.0888236],[119.2949863,26.0888355],[119.2949871,26.0888462],[119.294992,26.0888561],[119.2950002,26.088866],[119.2950121,26.0888728],[119.2950265,26.0888754],[119.2958,26.0889269],[119.2958,26.0887219]]]}},{"type":"Feature","id":"way/1012363112","properties":{"building":"yes","kind":"building","osmId":"way/1012363112","source":"OpenStreetMap","sourceUrl":"https://www.openstreetmap.org/way/1012363112","inHistoricCore":false},"geometry":{"type":"Polygon","coordinates":[[[119.2947784,26.0886261],[119.2948718,26.0886428],[119.2949133,26.0884561],[119.29482,26.0884394],[119.2947784,26.0886261]]]}},{"type":"Feature","id":"way/1012448844","properties":{"building":"yes","kind":"building","osmId":"way/1012448844","source":"OpenStreetMap","sourceUrl":"https://www.openstreetmap.org/way/1012448844","inHistoricCore":false},"geometry":{"type":"Polygon","coordinates":[[[119.2925401,26.0883358],[119.2925273,26.0884638],[119.2928854,26.0884927],[119.2928982,26.0883647],[119.2925401,26.0883358]]]}},{"type":"Feature","id":"way/1012448845","properties":{"building":"yes","kind":"building","osmId":"way/1012448845","source":"OpenStreetMap","sourceUrl":"https://www.openstreetmap.org/way/1012448845","inHistoricCore":false},"geometry":{"type":"Polygon","coordinates":[[[119.2932734,26.0884274],[119.2929838,26.0884106],[119.2929749,26.088534],[119.2932645,26.0885508],[119.2932734,26.0884274]]]}},{"type":"Feature","id":"way/1012448846","properties":{"building":"yes","kind":"building","osmId":"way/1012448846","source":"OpenStreetMap","sourceUrl":"https://www.openstreetmap.org/way/1012448846","inHistoricCore":false},"geometry":{"type":"Polygon","coordinates":[[[119.2932576,26.0886393],[119.2929679,26.0886225],[119.2929577,26.0887644],[119.2932474,26.0887812],[119.2932576,26.0886393]]]}},{"type":"Feature","id":"way/1012448847","properties":{"building":"yes","kind":"building","osmId":"way/1012448847","source":"OpenStreetMap","sourceUrl":"https://www.openstreetmap.org/way/1012448847","inHistoricCore":false},"geometry":{"type":"Polygon","coordinates":[[[119.2916984,26.0891],[119.2917126,26.0890428],[119.2916577,26.0890392],[119.2916214,26.0890428],[119.2915879,26.0890609],[119.2915455,26.089088],[119.2915381,26.0891],[119.2916984,26.0891]]]}},{"type":"Feature","id":"way/1012448848","properties":{"building":"yes","kind":"building","osmId":"way/1012448848","source":"OpenStreetMap","sourceUrl":"https://www.openstreetmap.org/way/1012448848","inHistoricCore":false},"geometry":{"type":"Polygon","coordinates":[[[119.2921821,26.0890796],[119.2919174,26.0890504],[119.2917535,26.0890324],[119.2917443,26.0891],[119.2923555,26.0891],[119.2923557,26.0890987],[119.2921821,26.0890796]]]}},{"type":"Feature","id":"way/1012448855","properties":{"building":"yes","kind":"building","osmId":"way/1012448855","source":"OpenStreetMap","sourceUrl":"https://www.openstreetmap.org/way/1012448855","inHistoricCore":false},"geometry":{"type":"Polygon","coordinates":[[[119.2953525,26.086776],[119.2953799,26.0866596],[119.2954409,26.0866712],[119.2954549,26.0866118],[119.295394,26.0866001],[119.2952446,26.0865717],[119.2952031,26.0867475],[119.2951713,26.086882],[119.2957279,26.086988],[119.2957666,26.086824],[119.2957977,26.0866925],[119.2956541,26.0866652],[119.2956231,26.0867967],[119.2956646,26.0868046],[119.2956576,26.0868341],[119.2953525,26.086776]]]}},{"type":"Feature","id":"way/1012448872","properties":{"building":"apartments","kind":"building","osmId":"way/1012448872","source":"OpenStreetMap","sourceUrl":"https://www.openstreetmap.org/way/1012448872","inHistoricCore":false},"geometry":{"type":"Polygon","coordinates":[[[119.2958,26.0846868],[119.2955978,26.0853473],[119.2958,26.0853973],[119.2958,26.0852511],[119.2957062,26.0852279],[119.2957356,26.0851318],[119.2958,26.0851477],[119.2958,26.085029],[119.2957694,26.0850214],[119.2957989,26.084925],[119.2958,26.0849253],[119.2958,26.0846868]]]}},{"type":"Feature","id":"way/1012448877","properties":{"building":"yes","kind":"building","osmId":"way/1012448877","source":"OpenStreetMap","sourceUrl":"https://www.openstreetmap.org/way/1012448877","inHistoricCore":false},"geometry":{"type":"Polygon","coordinates":[[[119.2958,26.0856619],[119.2954718,26.085604],[119.2954461,26.0857215],[119.2957881,26.0857818],[119.2958,26.0857272],[119.2958,26.0856619]]]}},{"type":"Feature","id":"way/1017347425","properties":{"building":"yes","kind":"building","osmId":"way/1017347425","source":"OpenStreetMap","sourceUrl":"https://www.openstreetmap.org/way/1017347425","inHistoricCore":false},"geometry":{"type":"Polygon","coordinates":[[[119.2904089,26.0891],[119.290031,26.0890331],[119.2900163,26.0891],[119.2904089,26.0891]]]}},{"type":"Feature","id":"way/1342370689","properties":{"highway":"service","kind":"road","osmId":"way/1342370689","source":"OpenStreetMap","sourceUrl":"https://www.openstreetmap.org/way/1342370689"},"geometry":{"type":"LineString","coordinates":[[119.292001,26.0886785],[119.2919948,26.0887367],[119.291987,26.0888115]]}},{"type":"Feature","id":"way/1342370690","properties":{"highway":"service","tunnel":"building_passage","kind":"road","osmId":"way/1342370690","source":"OpenStreetMap","sourceUrl":"https://www.openstreetmap.org/way/1342370690"},"geometry":{"type":"LineString","coordinates":[[119.292006,26.0886267],[119.292001,26.0886785]]}},{"type":"Feature","id":"way/1342370691","properties":{"footway":"sidewalk","highway":"footway","kind":"road","osmId":"way/1342370691","source":"OpenStreetMap","sourceUrl":"https://www.openstreetmap.org/way/1342370691"},"geometry":{"type":"LineString","coordinates":[[119.2914601,26.0887017],[119.2915878,26.0887101],[119.2919948,26.0887367],[119.2929198,26.088783],[119.2936012,26.0888196]]}},{"type":"Feature","id":"way/1342370692","properties":{"highway":"service","kind":"road","osmId":"way/1342370692","source":"OpenStreetMap","sourceUrl":"https://www.openstreetmap.org/way/1342370692"},"geometry":{"type":"LineString","coordinates":[[119.2934159,26.0881404],[119.2935126,26.0881608],[119.2934714,26.088374]]}},{"type":"Feature","id":"way/1342370693","properties":{"bridge":"yes","highway":"service","layer":"1","kind":"road","osmId":"way/1342370693","source":"OpenStreetMap","sourceUrl":"https://www.openstreetmap.org/way/1342370693"},"geometry":{"type":"LineString","coordinates":[[119.2934714,26.088374],[119.2933242,26.0883445],[119.2933909,26.0880714]]}},{"type":"Feature","id":"way/1342370696","properties":{"area":"yes","highway":"pedestrian","surface":"sett","kind":"road","osmId":"way/1342370696","source":"OpenStreetMap","sourceUrl":"https://www.openstreetmap.org/way/1342370696"},"geometry":{"type":"LineString","coordinates":[[119.2911769,26.088705],[119.2915829,26.0887499],[119.2915878,26.0887101],[119.2916235,26.0883876],[119.2915418,26.0883801],[119.2915624,26.0880246],[119.2917302,26.0872483],[119.2917766,26.0870245],[119.2918819,26.0865469],[119.2919199,26.0863731],[119.2921903,26.0851996],[119.29236,26.084342],[119.2924759,26.0838239],[119.2925143,26.0836794],[119.2926134,26.0833591],[119.2926502,26.0833242],[119.2926931,26.0833041],[119.2927759,26.0832858],[119.292561,26.0832236],[119.2924309,26.0831873],[119.2925082,26.0832526],[119.2925292,26.083297],[119.2925217,26.0833584],[119.2924015,26.0838737],[119.2923006,26.0842803],[119.2922728,26.0844202],[119.2921897,26.0848326],[119.2921154,26.0851456],[119.2920221,26.0855301],[119.29188,26.0861599],[119.2918028,26.0865375],[119.2917062,26.0870206],[119.2915522,26.0876096],[119.29152,26.087725],[119.2914937,26.087939],[119.2914445,26.0883798],[119.2912404,26.0883561],[119.2911769,26.088705]]}},{"type":"Feature","id":"way/1346126833","properties":{"bicycle":"no","highway":"footway","horse":"no","surface":"concrete","width":"8","kind":"road","osmId":"way/1346126833","source":"OpenStreetMap","sourceUrl":"https://www.openstreetmap.org/way/1346126833"},"geometry":{"type":"LineString","coordinates":[[119.2950553,26.0811236],[119.2949923,26.0811746],[119.2948954,26.0815302]]}},{"type":"Feature","id":"way/1346503647","properties":{"highway":"tertiary","lanes":"1","name":"通湖路","oneway":"yes","kind":"road","osmId":"way/1346503647","source":"OpenStreetMap","sourceUrl":"https://www.openstreetmap.org/way/1346503647"},"geometry":{"type":"LineString","coordinates":[[119.2898494,26.081888],[119.2899158,26.0817022],[119.2901571,26.081]]}},{"type":"Feature","id":"way/1346503648","properties":{"highway":"tertiary","lanes":"1","name":"通湖路","oneway":"yes","kind":"road","osmId":"way/1346503648","source":"OpenStreetMap","sourceUrl":"https://www.openstreetmap.org/way/1346503648"},"geometry":{"type":"LineString","coordinates":[[119.2897394,26.0823016],[119.289724,26.0822587],[119.2898151,26.0819817]]}},{"type":"Feature","id":"way/1346503649","properties":{"bridge":"yes","highway":"tertiary","lanes":"1","layer":"1","name":"通湖路","oneway":"yes","kind":"road","osmId":"way/1346503649","source":"OpenStreetMap","sourceUrl":"https://www.openstreetmap.org/way/1346503649"},"geometry":{"type":"LineString","coordinates":[[119.2898151,26.0819817],[119.2898494,26.081888]]}},{"type":"Feature","id":"way/1346503650","properties":{"crossing":"traffic_signals","crossing:markings":"yes","footway":"crossing","highway":"footway","kind":"road","osmId":"way/1346503650","source":"OpenStreetMap","sourceUrl":"https://www.openstreetmap.org/way/1346503650"},"geometry":{"type":"LineString","coordinates":[[119.2895804,26.0824194],[119.2896891,26.0824519],[119.2897859,26.082481],[119.2898144,26.0824042],[119.2898412,26.0823321],[119.2897394,26.0823016],[119.2896357,26.0822705],[119.2896085,26.0823438],[119.2895804,26.0824194]]}},{"type":"Feature","id":"way/1376934656","properties":{"building":"apartments","building:levels":"8","kind":"building","osmId":"way/1376934656","source":"OpenStreetMap","sourceUrl":"https://www.openstreetmap.org/way/1376934656","inHistoricCore":false},"geometry":{"type":"Polygon","coordinates":[[[119.287716,26.0889851],[119.2880729,26.0890539],[119.2881049,26.08892],[119.2877479,26.0888513],[119.287716,26.0889851]]]}},{"type":"Feature","id":"way/1376934657","properties":{"building":"apartments","building:levels":"8","kind":"building","osmId":"way/1376934657","source":"OpenStreetMap","sourceUrl":"https://www.openstreetmap.org/way/1376934657","inHistoricCore":false},"geometry":{"type":"Polygon","coordinates":[[[119.2876887,26.0891],[119.2876892,26.0891],[119.2876887,26.0890999],[119.2876887,26.0891]]]}},{"type":"Feature","id":"way/1376934658","properties":{"highway":"residential","kind":"road","osmId":"way/1376934658","source":"OpenStreetMap","sourceUrl":"https://www.openstreetmap.org/way/1376934658"},"geometry":{"type":"LineString","coordinates":[[119.2876452,26.0891],[119.2877018,26.0888626]]}},{"type":"Feature","id":"way/1376934667","properties":{"building":"yes","building:levels":"1","not:historic":"building","kind":"building","osmId":"way/1376934667","source":"OpenStreetMap","sourceUrl":"https://www.openstreetmap.org/way/1376934667","inHistoricCore":false},"geometry":{"type":"Polygon","coordinates":[[[119.28755,26.0888721],[119.2875603,26.0888744],[119.2875706,26.0888377],[119.28755,26.088833],[119.28755,26.0888721]]]}},{"type":"Feature","id":"way/1376934672","properties":{"cycleway:both":"no","highway":"tertiary","lanes":"4","name":"通湖路","kind":"road","osmId":"way/1376934672","source":"OpenStreetMap","sourceUrl":"https://www.openstreetmap.org/way/1376934672"},"geometry":{"type":"LineString","coordinates":[[119.2891063,26.0837153],[119.2891532,26.0836283],[119.2892753,26.0833663],[119.2895189,26.0828797],[119.2896891,26.0824519],[119.2897148,26.0823752],[119.2897394,26.0823016]]}},{"type":"Feature","id":"way/1376934673","properties":{"cycleway:both":"lane","highway":"tertiary","lanes":"2","name":"通湖路","kind":"road","osmId":"way/1376934673","source":"OpenStreetMap","sourceUrl":"https://www.openstreetmap.org/way/1376934673"},"geometry":{"type":"LineString","coordinates":[[119.28755,26.0880483],[119.2875607,26.0880196],[119.2881465,26.0864653],[119.2881716,26.0863986],[119.2881987,26.0863115],[119.2882799,26.0860493]]}},{"type":"Feature","id":"way/1376934677","properties":{"building":"roof","layer":"1","not:historic":"building","kind":"building","osmId":"way/1376934677","source":"OpenStreetMap","sourceUrl":"https://www.openstreetmap.org/way/1376934677","inHistoricCore":false},"geometry":{"type":"Polygon","coordinates":[[[119.28755,26.0888721],[119.2875603,26.0888744],[119.28755,26.0889111],[119.28755,26.0888721]]]}},{"type":"Feature","id":"relation/11015502","properties":{"building":"residential","museum":"history","name":"冰心故居/林觉民故居","name:en":"Former Residence of Bing Xin/Former Residence of Lin Juemin","tourism":"museum","type":"multipolygon","component":0,"courtyardCount":0,"kind":"building","osmId":"relation/11015502","source":"OpenStreetMap","sourceUrl":"https://www.openstreetmap.org/relation/11015502","inHistoricCore":true},"geometry":{"type":"Polygon","coordinates":[[[119.2909194,26.0884321],[119.2911023,26.088452],[119.2911144,26.0883619],[119.2909315,26.088342],[119.2909194,26.0884321]]]}},{"type":"Feature","id":"relation/11015502","properties":{"building":"residential","museum":"history","name":"冰心故居/林觉民故居","name:en":"Former Residence of Bing Xin/Former Residence of Lin Juemin","tourism":"museum","type":"multipolygon","component":1,"courtyardCount":0,"kind":"building","osmId":"relation/11015502","source":"OpenStreetMap","sourceUrl":"https://www.openstreetmap.org/relation/11015502","inHistoricCore":true},"geometry":{"type":"Polygon","coordinates":[[[119.2911413,26.0884948],[119.2908173,26.0884548],[119.2907952,26.0885638],[119.2911888,26.0886108],[119.2912062,26.0885031],[119.2912313,26.0883448],[119.2911664,26.0883365],[119.2911413,26.0884948]]]}},{"type":"Feature","id":"relation/13239991","properties":{"building":"residential","type":"multipolygon","component":0,"courtyardCount":1,"kind":"building","osmId":"relation/13239991","source":"OpenStreetMap","sourceUrl":"https://www.openstreetmap.org/relation/13239991","inHistoricCore":true},"geometry":{"type":"Polygon","coordinates":[[[119.2918226,26.088443],[119.2919419,26.0884526],[119.2919573,26.0882984],[119.291838,26.0882888],[119.2918226,26.088443]],[[119.2918669,26.0883222],[119.2919283,26.0883272],[119.2919309,26.0883015],[119.2918694,26.0882965],[119.2918669,26.0883222]]]}},{"type":"Feature","id":"relation/13239992","properties":{"building":"residential","type":"multipolygon","component":0,"courtyardCount":1,"kind":"building","osmId":"relation/13239992","source":"OpenStreetMap","sourceUrl":"https://www.openstreetmap.org/relation/13239992","inHistoricCore":true},"geometry":{"type":"Polygon","coordinates":[[[119.29184,26.0882792],[119.2919516,26.0882882],[119.2919688,26.088116],[119.2918573,26.088107],[119.29184,26.0882792]],[[119.2918709,26.0881587],[119.2919426,26.0881645],[119.291946,26.0881304],[119.2918743,26.0881246],[119.2918709,26.0881587]]]}},{"type":"Feature","id":"relation/13239993","properties":{"building":"residential","type":"multipolygon","component":0,"courtyardCount":2,"kind":"building","osmId":"relation/13239993","source":"OpenStreetMap","sourceUrl":"https://www.openstreetmap.org/relation/13239993","inHistoricCore":true},"geometry":{"type":"Polygon","coordinates":[[[119.2919554,26.0883996],[119.292053,26.0884134],[119.2921002,26.0881443],[119.2919778,26.088119],[119.2919554,26.0883996]],[[119.2919896,26.0883376],[119.2920438,26.0883453],[119.2920472,26.0883256],[119.291993,26.0883179],[119.2919896,26.0883376]],[[119.292009,26.0881973],[119.2920726,26.0882063],[119.2920781,26.088175],[119.2920145,26.088166],[119.292009,26.0881973]]]}},{"type":"Feature","id":"relation/13239994","properties":{"building":"residential","type":"multipolygon","component":0,"courtyardCount":1,"kind":"building","osmId":"relation/13239994","source":"OpenStreetMap","sourceUrl":"https://www.openstreetmap.org/relation/13239994","inHistoricCore":true},"geometry":{"type":"Polygon","coordinates":[[[119.2920882,26.0883045],[119.2922713,26.0883304],[119.2922974,26.0881816],[119.2921142,26.0881557],[119.2920882,26.0883045]],[[119.2921787,26.0882244],[119.2922195,26.0882301],[119.2922263,26.0881913],[119.2921855,26.0881855],[119.2921787,26.0882244]]]}},{"type":"Feature","id":"relation/13239995","properties":{"building":"residential","type":"multipolygon","component":0,"courtyardCount":1,"kind":"building","osmId":"relation/13239995","source":"OpenStreetMap","sourceUrl":"https://www.openstreetmap.org/relation/13239995","inHistoricCore":true},"geometry":{"type":"Polygon","coordinates":[[[119.2923631,26.0884135],[119.2924927,26.0884241],[119.2925148,26.0882061],[119.2923852,26.0881955],[119.2923631,26.0884135]],[[119.2924663,26.0882972],[119.2924719,26.0882423],[119.2924154,26.0882376],[119.2924098,26.0882926],[119.2924663,26.0882972]]]}},{"type":"Feature","id":"relation/13240077","properties":{"building":"residential","type":"multipolygon","component":0,"courtyardCount":1,"kind":"building","osmId":"relation/13240077","source":"OpenStreetMap","sourceUrl":"https://www.openstreetmap.org/relation/13240077","inHistoricCore":true},"geometry":{"type":"Polygon","coordinates":[[[119.2920647,26.0880943],[119.2922107,26.0881179],[119.2922571,26.0878865],[119.2921111,26.0878629],[119.2920647,26.0880943]],[[119.2921042,26.0880461],[119.2921927,26.0880604],[119.2921988,26.0880299],[119.2921104,26.0880155],[119.2921042,26.0880461]]]}},{"type":"Feature","id":"relation/13240078","properties":{"building":"residential","type":"multipolygon","component":0,"courtyardCount":1,"kind":"building","osmId":"relation/13240078","source":"OpenStreetMap","sourceUrl":"https://www.openstreetmap.org/relation/13240078","inHistoricCore":true},"geometry":{"type":"Polygon","coordinates":[[[119.2928781,26.0881401],[119.2930477,26.0881726],[119.2930811,26.0880322],[119.2929114,26.0879997],[119.2928781,26.0881401]],[[119.2929056,26.0880847],[119.293033,26.0881091],[119.2930377,26.0880895],[119.2929102,26.088065],[119.2929056,26.0880847]]]}},{"type":"Feature","id":"relation/13240079","properties":{"building":"residential","type":"multipolygon","component":0,"courtyardCount":1,"kind":"building","osmId":"relation/13240079","source":"OpenStreetMap","sourceUrl":"https://www.openstreetmap.org/relation/13240079","inHistoricCore":true},"geometry":{"type":"Polygon","coordinates":[[[119.2930231,26.0881773],[119.2928829,26.0881483],[119.2928559,26.0882533],[119.2929961,26.0882823],[119.2929934,26.088293],[119.29302,26.0882985],[119.2930497,26.0881828],[119.2930231,26.0881773]],[[119.292919,26.0882346],[119.2929714,26.0882455],[119.2929793,26.0882147],[119.2929269,26.0882039],[119.292919,26.0882346]]]}},{"type":"Feature","id":"relation/13240080","properties":{"building":"residential","type":"multipolygon","component":0,"courtyardCount":1,"kind":"building","osmId":"relation/13240080","source":"OpenStreetMap","sourceUrl":"https://www.openstreetmap.org/relation/13240080","inHistoricCore":true},"geometry":{"type":"Polygon","coordinates":[[[119.2925052,26.088178],[119.292607,26.0881868],[119.2926385,26.0878929],[119.2925367,26.0878841],[119.2925052,26.088178]],[[119.2925441,26.0881003],[119.2925843,26.0881038],[119.2925924,26.0880287],[119.2925522,26.0880252],[119.2925441,26.0881003]]]}},{"type":"Feature","id":"relation/13240081","properties":{"building":"residential","type":"multipolygon","component":0,"courtyardCount":2,"kind":"building","osmId":"relation/13240081","source":"OpenStreetMap","sourceUrl":"https://www.openstreetmap.org/relation/13240081","inHistoricCore":true},"geometry":{"type":"Polygon","coordinates":[[[119.2926119,26.0881991],[119.292724,26.0882124],[119.2927683,26.0879125],[119.2926561,26.0878992],[119.2926119,26.0881991]],[[119.2926688,26.0880184],[119.2927201,26.0880245],[119.2927245,26.0879943],[119.2926733,26.0879882],[119.2926688,26.0880184]],[[119.2926487,26.0881569],[119.292697,26.0881627],[119.2927004,26.0881401],[119.2926521,26.0881343],[119.2926487,26.0881569]]]}},{"type":"Feature","id":"relation/13240082","properties":{"building":"residential","type":"multipolygon","component":0,"courtyardCount":1,"kind":"building","osmId":"relation/13240082","source":"OpenStreetMap","sourceUrl":"https://www.openstreetmap.org/relation/13240082","inHistoricCore":true},"geometry":{"type":"Polygon","coordinates":[[[119.2925173,26.0878528],[119.2926525,26.0878803],[119.2927028,26.087681],[119.2925676,26.0876535],[119.2925173,26.0878528]],[[119.292585,26.0877077],[119.2926615,26.0877232],[119.2926709,26.087686],[119.2925944,26.0876704],[119.292585,26.0877077]]]}},{"type":"Feature","id":"relation/13240083","properties":{"building":"residential","type":"multipolygon","component":0,"courtyardCount":1,"kind":"building","osmId":"relation/13240083","source":"OpenStreetMap","sourceUrl":"https://www.openstreetmap.org/relation/13240083","inHistoricCore":true},"geometry":{"type":"Polygon","coordinates":[[[119.2924006,26.0877655],[119.2925178,26.0877799],[119.2925394,26.0876384],[119.2924223,26.087624],[119.2924006,26.0877655]],[[119.2924563,26.0876571],[119.2924979,26.0876622],[119.2925012,26.0876408],[119.2924596,26.0876357],[119.2924563,26.0876571]]]}},{"type":"Feature","id":"relation/13240084","properties":{"building":"residential","type":"multipolygon","component":0,"courtyardCount":1,"kind":"building","osmId":"relation/13240084","source":"OpenStreetMap","sourceUrl":"https://www.openstreetmap.org/relation/13240084","inHistoricCore":true},"geometry":{"type":"Polygon","coordinates":[[[119.2923032,26.088034],[119.2923182,26.0879337],[119.2922523,26.0879258],[119.2922373,26.0880261],[119.2923032,26.088034]],[[119.2922544,26.0880193],[119.2922859,26.0880231],[119.2922893,26.088],[119.2922579,26.0879963],[119.2922544,26.0880193]]]}},{"type":"Feature","id":"relation/13240085","properties":{"building":"residential","type":"multipolygon","component":0,"courtyardCount":1,"kind":"building","osmId":"relation/13240085","source":"OpenStreetMap","sourceUrl":"https://www.openstreetmap.org/relation/13240085","inHistoricCore":true},"geometry":{"type":"Polygon","coordinates":[[[119.2921103,26.0876396],[119.2922694,26.0876654],[119.2923161,26.0874324],[119.292157,26.0874067],[119.2921103,26.0876396]],[[119.2921807,26.0874812],[119.2922647,26.0874948],[119.2922726,26.0874559],[119.2921885,26.0874423],[119.2921807,26.0874812]]]}},{"type":"Feature","id":"relation/13240086","properties":{"building":"residential","type":"multipolygon","component":0,"courtyardCount":1,"kind":"building","osmId":"relation/13240086","source":"OpenStreetMap","sourceUrl":"https://www.openstreetmap.org/relation/13240086","inHistoricCore":true},"geometry":{"type":"Polygon","coordinates":[[[119.2921311,26.0878528],[119.2922544,26.0878728],[119.29229,26.0876956],[119.2921666,26.0876756],[119.2921311,26.0878528]],[[119.2922357,26.0878408],[119.2921547,26.0878276],[119.2921505,26.0878486],[119.2922315,26.0878617],[119.2922357,26.0878408]]]}},{"type":"Feature","id":"relation/13240087","properties":{"building":"residential","type":"multipolygon","component":0,"courtyardCount":2,"kind":"building","osmId":"relation/13240087","source":"OpenStreetMap","sourceUrl":"https://www.openstreetmap.org/relation/13240087","inHistoricCore":true},"geometry":{"type":"Polygon","coordinates":[[[119.2919386,26.0876258],[119.2921005,26.0876542],[119.2921532,26.087412],[119.2919913,26.0873835],[119.2919386,26.0876258]],[[119.2919869,26.0876017],[119.2919816,26.0876261],[119.292062,26.0876402],[119.2920673,26.0876158],[119.2919869,26.0876017]],[[119.2920164,26.0874373],[119.2921171,26.0874549],[119.2921257,26.0874156],[119.292025,26.0873979],[119.2920164,26.0874373]]]}},{"type":"Feature","id":"relation/13240088","properties":{"building":"residential","type":"multipolygon","component":0,"courtyardCount":1,"kind":"building","osmId":"relation/13240088","source":"OpenStreetMap","sourceUrl":"https://www.openstreetmap.org/relation/13240088","inHistoricCore":true},"geometry":{"type":"Polygon","coordinates":[[[119.2918923,26.0878311],[119.2920531,26.0878593],[119.2920962,26.0876613],[119.2919355,26.0876331],[119.2918923,26.0878311]],[[119.2919661,26.087689],[119.2920412,26.0877022],[119.2920496,26.0876634],[119.2919745,26.0876502],[119.2919661,26.087689]]]}},{"type":"Feature","id":"relation/13240089","properties":{"building":"residential","type":"multipolygon","component":0,"courtyardCount":2,"kind":"building","osmId":"relation/13240089","source":"OpenStreetMap","sourceUrl":"https://www.openstreetmap.org/relation/13240089","inHistoricCore":true},"geometry":{"type":"Polygon","coordinates":[[[119.2918414,26.0880576],[119.2920044,26.0880862],[119.2920472,26.0878895],[119.2918842,26.0878609],[119.2918414,26.0880576]],[[119.2919118,26.0879136],[119.2919986,26.0879289],[119.2920063,26.0878931],[119.2919196,26.0878779],[119.2919118,26.0879136]],[[119.2918682,26.0880509],[119.2919795,26.0880705],[119.2919822,26.0880582],[119.2918709,26.0880386],[119.2918682,26.0880509]]]}},{"type":"Feature","id":"relation/13240090","properties":{"building":"residential","type":"multipolygon","component":0,"courtyardCount":2,"kind":"building","osmId":"relation/13240090","source":"OpenStreetMap","sourceUrl":"https://www.openstreetmap.org/relation/13240090","inHistoricCore":true},"geometry":{"type":"Polygon","coordinates":[[[119.2927272,26.0877492],[119.2928313,26.0877668],[119.2928903,26.0874843],[119.2927862,26.0874668],[119.2927272,26.0877492]],[[119.2928063,26.0875059],[119.2928591,26.0875148],[119.2928633,26.0874945],[119.2928106,26.0874856],[119.2928063,26.0875059]],[[119.2927735,26.0876529],[119.2928256,26.0876617],[119.2928291,26.087645],[119.2927769,26.0876362],[119.2927735,26.0876529]]]}},{"type":"Feature","id":"relation/13240091","properties":{"building":"residential","type":"multipolygon","component":0,"courtyardCount":1,"kind":"building","osmId":"relation/13240091","source":"OpenStreetMap","sourceUrl":"https://www.openstreetmap.org/relation/13240091","inHistoricCore":true},"geometry":{"type":"Polygon","coordinates":[[[119.2929833,26.087795],[119.2930395,26.0875863],[119.2929163,26.0875595],[119.2929046,26.0876029],[119.2928767,26.0875968],[119.292847,26.0877622],[119.2929833,26.087795]],[[119.2929371,26.0876011],[119.2930032,26.0876154],[119.2930088,26.0875944],[119.2929427,26.0875801],[119.2929371,26.0876011]]]}},{"type":"Feature","id":"relation/13240092","properties":{"building":"residential","type":"multipolygon","component":0,"courtyardCount":1,"kind":"building","osmId":"relation/13240092","source":"OpenStreetMap","sourceUrl":"https://www.openstreetmap.org/relation/13240092","inHistoricCore":true},"geometry":{"type":"Polygon","coordinates":[[[119.2931067,26.0880148],[119.2932511,26.0880462],[119.2933032,26.0878528],[119.2931588,26.0878214],[119.2931067,26.0880148]],[[119.2931785,26.0878775],[119.2932643,26.0878961],[119.2932744,26.0878588],[119.2931885,26.0878402],[119.2931785,26.0878775]]]}},{"type":"Feature","id":"relation/13240093","properties":{"building":"residential","type":"multipolygon","component":0,"courtyardCount":1,"kind":"building","osmId":"relation/13240093","source":"OpenStreetMap","sourceUrl":"https://www.openstreetmap.org/relation/13240093","inHistoricCore":true},"geometry":{"type":"Polygon","coordinates":[[[119.2930014,26.0877775],[119.293146,26.0878089],[119.2931966,26.0876209],[119.293052,26.0875896],[119.2930014,26.0877775]],[[119.2930531,26.0876414],[119.293165,26.0876657],[119.2931751,26.0876282],[119.2930632,26.0876039],[119.2930531,26.0876414]]]}},{"type":"Feature","id":"relation/13240094","properties":{"building":"residential","type":"multipolygon","component":0,"courtyardCount":1,"kind":"building","osmId":"relation/13240094","source":"OpenStreetMap","sourceUrl":"https://www.openstreetmap.org/relation/13240094","inHistoricCore":true},"geometry":{"type":"Polygon","coordinates":[[[119.2933213,26.0878377],[119.2934439,26.0878644],[119.2934963,26.0876697],[119.2933737,26.0876431],[119.2933213,26.0878377]],[[119.2933823,26.087698],[119.2934601,26.0877149],[119.2934708,26.0876751],[119.293393,26.0876582],[119.2933823,26.087698]]]}},{"type":"Feature","id":"relation/13240095","properties":{"building":"residential","type":"multipolygon","component":0,"courtyardCount":1,"kind":"building","osmId":"relation/13240095","source":"OpenStreetMap","sourceUrl":"https://www.openstreetmap.org/relation/13240095","inHistoricCore":true},"geometry":{"type":"Polygon","coordinates":[[[119.2918897,26.0877607],[119.291911,26.0876627],[119.2918414,26.0876504],[119.2918348,26.0876808],[119.2916592,26.08765],[119.2916275,26.0877956],[119.2917547,26.0878179],[119.291777,26.0877154],[119.2918254,26.0877239],[119.2918201,26.0877484],[119.2917859,26.0877424],[119.2917502,26.0879064],[119.2917462,26.0879245],[119.2917338,26.0879224],[119.2917415,26.0878871],[119.2916034,26.0878629],[119.2915859,26.0879431],[119.2915954,26.0879448],[119.2915897,26.0879711],[119.2915805,26.088013],[119.2918172,26.0880545],[119.2918264,26.0880127],[119.2918311,26.0879908],[119.2918393,26.0879922],[119.2918897,26.0877607]],[[119.2917307,26.0879959],[119.2916746,26.087986],[119.2916804,26.0879597],[119.291724,26.0879674],[119.2917364,26.0879696],[119.2917355,26.087974],[119.2917307,26.0879959]]]}},{"type":"Feature","id":"relation/13240114","properties":{"building":"residential","type":"multipolygon","component":0,"courtyardCount":2,"kind":"building","osmId":"relation/13240114","source":"OpenStreetMap","sourceUrl":"https://www.openstreetmap.org/relation/13240114","inHistoricCore":true},"geometry":{"type":"Polygon","coordinates":[[[119.2909471,26.0870155],[119.2909044,26.0870133],[119.2908822,26.0871211],[119.2908975,26.0871219],[119.2909402,26.0871241],[119.2911977,26.0871373],[119.2912046,26.0870288],[119.2909471,26.0870155]],[[119.291142,26.0871012],[119.2911894,26.0871034],[119.2911923,26.087053],[119.2911448,26.0870509],[119.291142,26.0871012]],[[119.2909817,26.0870861],[119.2910133,26.0870876],[119.2910159,26.0870416],[119.2909843,26.0870401],[119.2909817,26.0870861]]]}},{"type":"Feature","id":"relation/13240115","properties":{"building":"residential","type":"multipolygon","component":0,"courtyardCount":2,"kind":"building","osmId":"relation/13240115","source":"OpenStreetMap","sourceUrl":"https://www.openstreetmap.org/relation/13240115","inHistoricCore":true},"geometry":{"type":"Polygon","coordinates":[[[119.2909851,26.0874252],[119.2913794,26.0874457],[119.2913871,26.0873261],[119.2909928,26.0873057],[119.2909851,26.0874252]],[[119.2912017,26.0874126],[119.2912317,26.0874141],[119.2912359,26.0873487],[119.2912059,26.0873472],[119.2912017,26.0874126]],[[119.2910743,26.0873831],[119.2911652,26.0873878],[119.2911668,26.0873632],[119.2910759,26.0873585],[119.2910743,26.0873831]]]}},{"type":"Feature","id":"relation/13240514","properties":{"building":"residential","type":"multipolygon","component":0,"courtyardCount":1,"kind":"building","osmId":"relation/13240514","source":"OpenStreetMap","sourceUrl":"https://www.openstreetmap.org/relation/13240514","inHistoricCore":true},"geometry":{"type":"Polygon","coordinates":[[[119.291826,26.0872482],[119.291942,26.0872656],[119.2919615,26.0871611],[119.2918455,26.0871437],[119.291826,26.0872482]],[[119.2918582,26.0872331],[119.291916,26.0872418],[119.2919219,26.0872102],[119.291864,26.0872015],[119.2918582,26.0872331]]]}},{"type":"Feature","id":"relation/13240515","properties":{"building":"residential","type":"multipolygon","component":0,"courtyardCount":2,"kind":"building","osmId":"relation/13240515","source":"OpenStreetMap","sourceUrl":"https://www.openstreetmap.org/relation/13240515","inHistoricCore":true},"geometry":{"type":"Polygon","coordinates":[[[119.291952,26.0872765],[119.2920955,26.0873066],[119.2921324,26.0871649],[119.2919889,26.0871348],[119.291952,26.0872765]],[[119.2920271,26.0871681],[119.2920827,26.0871797],[119.2920868,26.0871638],[119.2920313,26.0871522],[119.2920271,26.0871681]],[[119.2920016,26.087265],[119.2920604,26.0872773],[119.2920654,26.0872584],[119.2920066,26.0872461],[119.2920016,26.087265]]]}},{"type":"Feature","id":"relation/13240516","properties":{"building":"residential","type":"multipolygon","component":0,"courtyardCount":1,"kind":"building","osmId":"relation/13240516","source":"OpenStreetMap","sourceUrl":"https://www.openstreetmap.org/relation/13240516","inHistoricCore":true},"geometry":{"type":"Polygon","coordinates":[[[119.2919936,26.0871271],[119.2921377,26.0871573],[119.2921787,26.087],[119.2920345,26.0869698],[119.2919936,26.0871271]],[[119.2921331,26.0870452],[119.292141,26.0870149],[119.2920613,26.0869982],[119.2920535,26.0870285],[119.2921331,26.0870452]]]}},{"type":"Feature","id":"relation/13240517","properties":{"building":"residential","type":"multipolygon","component":0,"courtyardCount":1,"kind":"building","osmId":"relation/13240517","source":"OpenStreetMap","sourceUrl":"https://www.openstreetmap.org/relation/13240517","inHistoricCore":true},"geometry":{"type":"Polygon","coordinates":[[[119.2920479,26.0869482],[119.292185,26.0869793],[119.2922346,26.0868029],[119.2920975,26.0867718],[119.2920479,26.0869482]],[[119.2921264,26.0868392],[119.2921731,26.0868498],[119.2921814,26.0868206],[119.2921346,26.08681],[119.2921264,26.0868392]]]}},{"type":"Feature","id":"relation/13240518","properties":{"building":"residential","type":"multipolygon","component":0,"courtyardCount":1,"kind":"building","osmId":"relation/13240518","source":"OpenStreetMap","sourceUrl":"https://www.openstreetmap.org/relation/13240518","inHistoricCore":true},"geometry":{"type":"Polygon","coordinates":[[[119.2919178,26.0869115],[119.2920397,26.0869298],[119.2920661,26.0867884],[119.2920165,26.0867809],[119.2920305,26.0867059],[119.2919582,26.086695],[119.2919178,26.0869115]],[[119.2919755,26.0868019],[119.2920247,26.0868093],[119.2920291,26.0867856],[119.2919799,26.0867782],[119.2919755,26.0868019]]]}},{"type":"Feature","id":"relation/13240519","properties":{"building":"residential","type":"multipolygon","component":0,"courtyardCount":1,"kind":"building","osmId":"relation/13240519","source":"OpenStreetMap","sourceUrl":"https://www.openstreetmap.org/relation/13240519","inHistoricCore":true},"geometry":{"type":"Polygon","coordinates":[[[119.2920855,26.0866971],[119.2921907,26.0867043],[119.2922002,26.0865932],[119.2920949,26.086586],[119.2920855,26.0866971]],[[119.2921203,26.0866477],[119.2921575,26.0866503],[119.2921592,26.0866303],[119.292122,26.0866277],[119.2921203,26.0866477]]]}},{"type":"Feature","id":"relation/13240520","properties":{"building":"residential","type":"multipolygon","component":0,"courtyardCount":2,"kind":"building","osmId":"relation/13240520","source":"OpenStreetMap","sourceUrl":"https://www.openstreetmap.org/relation/13240520","inHistoricCore":true},"geometry":{"type":"Polygon","coordinates":[[[119.2914075,26.0852403],[119.2915196,26.0852594],[119.2915484,26.0851234],[119.2914363,26.0851043],[119.2914075,26.0852403]],[[119.2914411,26.0852288],[119.291439,26.0852387],[119.291494,26.0852481],[119.2914961,26.0852382],[119.2914411,26.0852288]],[[119.2914605,26.0851331],[119.2915182,26.0851429],[119.2915215,26.085127],[119.2914639,26.0851172],[119.2914605,26.0851331]]]}},{"type":"Feature","id":"relation/13240521","properties":{"building":"residential","type":"multipolygon","component":0,"courtyardCount":1,"kind":"building","osmId":"relation/13240521","source":"OpenStreetMap","sourceUrl":"https://www.openstreetmap.org/relation/13240521","inHistoricCore":true},"geometry":{"type":"Polygon","coordinates":[[[119.2913821,26.085392],[119.2914804,26.0854088],[119.2915108,26.085265],[119.2914125,26.0852482],[119.2913821,26.085392]],[[119.291484,26.0853047],[119.2914915,26.0852694],[119.2914303,26.0852589],[119.2914229,26.0852943],[119.291484,26.0853047]]]}},{"type":"Feature","id":"relation/13240522","properties":{"building":"residential","type":"multipolygon","component":0,"courtyardCount":2,"kind":"building","osmId":"relation/13240522","source":"OpenStreetMap","sourceUrl":"https://www.openstreetmap.org/relation/13240522","inHistoricCore":true},"geometry":{"type":"Polygon","coordinates":[[[119.2910568,26.0853583],[119.2912729,26.0854241],[119.2913775,26.0851471],[119.2911614,26.0850813],[119.2910568,26.0853583]],[[119.2912526,26.0853758],[119.2911157,26.0853341],[119.2911038,26.0853655],[119.2912408,26.0854073],[119.2912526,26.0853758]],[[119.2911749,26.0851897],[119.2913055,26.0852295],[119.2913257,26.0851758],[119.2911951,26.085136],[119.2911749,26.0851897]]]}},{"type":"Feature","id":"relation/13240523","properties":{"building":"residential","type":"multipolygon","component":0,"courtyardCount":1,"kind":"building","osmId":"relation/13240523","source":"OpenStreetMap","sourceUrl":"https://www.openstreetmap.org/relation/13240523","inHistoricCore":true},"geometry":{"type":"Polygon","coordinates":[[[119.2916878,26.0858799],[119.2918877,26.0859136],[119.2919138,26.0857884],[119.2918625,26.0857798],[119.2918772,26.0857095],[119.2917831,26.0856936],[119.2917684,26.0857639],[119.291714,26.0857547],[119.2916878,26.0858799]],[[119.2918488,26.0857702],[119.2918583,26.0857249],[119.2917951,26.0857142],[119.2917856,26.0857596],[119.2918488,26.0857702]]]}},{"type":"Feature","id":"relation/13240524","properties":{"building":"residential","type":"multipolygon","component":0,"courtyardCount":1,"kind":"building","osmId":"relation/13240524","source":"OpenStreetMap","sourceUrl":"https://www.openstreetmap.org/relation/13240524","inHistoricCore":true},"geometry":{"type":"Polygon","coordinates":[[[119.2915665,26.085857],[119.2916791,26.085876],[119.2917281,26.085642],[119.2916154,26.085623],[119.2915665,26.085857]],[[119.2916181,26.0857311],[119.291682,26.0857419],[119.2916912,26.085698],[119.2916273,26.0856872],[119.2916181,26.0857311]]]}},{"type":"Feature","id":"relation/13240525","properties":{"building":"residential","type":"multipolygon","component":0,"courtyardCount":1,"kind":"building","osmId":"relation/13240525","source":"OpenStreetMap","sourceUrl":"https://www.openstreetmap.org/relation/13240525","inHistoricCore":true},"geometry":{"type":"Polygon","coordinates":[[[119.2916657,26.0860479],[119.2918488,26.0860762],[119.2918772,26.0859276],[119.2916942,26.0858993],[119.2916657,26.0860479]],[[119.2918421,26.0859606],[119.2918469,26.0859352],[119.2917307,26.0859172],[119.2917259,26.0859426],[119.2918421,26.0859606]]]}},{"type":"Feature","id":"relation/13240526","properties":{"building":"residential","type":"multipolygon","component":0,"courtyardCount":2,"kind":"building","osmId":"relation/13240526","source":"OpenStreetMap","sourceUrl":"https://www.openstreetmap.org/relation/13240526","inHistoricCore":true},"geometry":{"type":"Polygon","coordinates":[[[119.2914637,26.0862982],[119.2914477,26.0862967],[119.2914298,26.086454],[119.291494,26.086464],[119.2916301,26.0864775],[119.2916527,26.0862544],[119.2914697,26.0862394],[119.2914637,26.0862982]],[[119.2915195,26.0864417],[119.2915812,26.0864478],[119.2915827,26.0864354],[119.291521,26.0864294],[119.2915195,26.0864417]],[[119.2915343,26.0862888],[119.2915911,26.0862934],[119.2915929,26.0862757],[119.2915361,26.086271],[119.2915343,26.0862888]]]}},{"type":"Feature","id":"relation/13240531","properties":{"building":"residential","type":"multipolygon","component":0,"courtyardCount":2,"kind":"building","osmId":"relation/13240531","source":"OpenStreetMap","sourceUrl":"https://www.openstreetmap.org/relation/13240531","inHistoricCore":true},"geometry":{"type":"Polygon","coordinates":[[[119.2908496,26.0863689],[119.2909816,26.0863844],[119.2910186,26.086131],[119.2908866,26.0861154],[119.2908496,26.0863689]],[[119.290912,26.0862021],[119.2909719,26.0862091],[119.2909744,26.0861924],[119.2909144,26.0861854],[119.290912,26.0862021]],[[119.2909502,26.086358],[119.2909544,26.0863295],[119.2908946,26.0863225],[119.2908904,26.086351],[119.2909502,26.086358]]]}},{"type":"Feature","id":"relation/13240532","properties":{"building":"residential","type":"multipolygon","component":0,"courtyardCount":2,"kind":"building","osmId":"relation/13240532","source":"OpenStreetMap","sourceUrl":"https://www.openstreetmap.org/relation/13240532","inHistoricCore":true},"geometry":{"type":"Polygon","coordinates":[[[119.2907108,26.0863478],[119.290845,26.0863636],[119.2908846,26.0860926],[119.2907504,26.0860768],[119.2907108,26.0863478]],[[119.2907866,26.0861286],[119.2908444,26.0861354],[119.290849,26.0861039],[119.2907912,26.0860971],[119.2907866,26.0861286]],[[119.2908121,26.0863105],[119.2908202,26.0862546],[119.2907779,26.0862496],[119.2907697,26.0863055],[119.2908121,26.0863105]]]}},{"type":"Feature","id":"relation/13240533","properties":{"building":"residential","type":"multipolygon","component":0,"courtyardCount":2,"kind":"building","osmId":"relation/13240533","source":"OpenStreetMap","sourceUrl":"https://www.openstreetmap.org/relation/13240533","inHistoricCore":true},"geometry":{"type":"Polygon","coordinates":[[[119.2914129,26.0866001],[119.291737,26.0866431],[119.2917539,26.0865404],[119.2914298,26.0864974],[119.2914129,26.0866001]],[[119.2915356,26.0865857],[119.2915608,26.086589],[119.2915678,26.0865465],[119.2915426,26.0865432],[119.2915356,26.0865857]],[[119.2916925,26.086611],[119.2917178,26.0866143],[119.2917247,26.0865724],[119.2916994,26.0865691],[119.2916925,26.086611]]]}},{"type":"Feature","id":"relation/13240534","properties":{"building":"residential","type":"multipolygon","component":0,"courtyardCount":1,"kind":"building","osmId":"relation/13240534","source":"OpenStreetMap","sourceUrl":"https://www.openstreetmap.org/relation/13240534","inHistoricCore":true},"geometry":{"type":"Polygon","coordinates":[[[119.291138,26.0867224],[119.2911728,26.0865104],[119.2910544,26.0864947],[119.2910196,26.0867067],[119.2910646,26.0867127],[119.2910602,26.0867393],[119.2910929,26.0867436],[119.2910972,26.086717],[119.291138,26.0867224]],[[119.2910763,26.0865538],[119.2911383,26.086562],[119.291144,26.0865273],[119.291082,26.086519],[119.2910763,26.0865538]]]}},{"type":"Feature","id":"relation/13240535","properties":{"building":"residential","type":"multipolygon","component":0,"courtyardCount":2,"kind":"building","osmId":"relation/13240535","source":"OpenStreetMap","sourceUrl":"https://www.openstreetmap.org/relation/13240535","inHistoricCore":true},"geometry":{"type":"Polygon","coordinates":[[[119.291144,26.0867513],[119.2912042,26.0867585],[119.2912386,26.0865273],[119.2911784,26.0865201],[119.291144,26.0867513]],[[119.2911628,26.0867182],[119.2911999,26.0867226],[119.2912024,26.0867061],[119.2911652,26.0867017],[119.2911628,26.0867182]],[[119.2911863,26.0865664],[119.2912228,26.0865708],[119.2912272,26.0865417],[119.2911906,26.0865373],[119.2911863,26.0865664]]]}},{"type":"Feature","id":"relation/13240546","properties":{"building":"residential","type":"multipolygon","component":0,"courtyardCount":1,"kind":"building","osmId":"relation/13240546","source":"OpenStreetMap","sourceUrl":"https://www.openstreetmap.org/relation/13240546","inHistoricCore":true},"geometry":{"type":"Polygon","coordinates":[[[119.2930102,26.0869181],[119.2932207,26.086929],[119.2932313,26.0867638],[119.2932006,26.0867622],[119.2932052,26.0866899],[119.293061,26.0866825],[119.2930564,26.0867548],[119.2930207,26.086753],[119.2930102,26.0869181]],[[119.2930886,26.0867555],[119.2931731,26.0867599],[119.2931765,26.0867067],[119.293092,26.0867024],[119.2930886,26.0867555]]]}},{"type":"Feature","id":"relation/13240547","properties":{"building":"residential","type":"multipolygon","component":0,"courtyardCount":1,"kind":"building","osmId":"relation/13240547","source":"OpenStreetMap","sourceUrl":"https://www.openstreetmap.org/relation/13240547","inHistoricCore":true},"geometry":{"type":"Polygon","coordinates":[[[119.2928506,26.0869025],[119.2930014,26.0869097],[119.2930146,26.0866876],[119.2928638,26.0866804],[119.2928506,26.0869025]],[[119.2928874,26.0867007],[119.2928853,26.0867369],[119.2929853,26.0867417],[119.2929875,26.0867055],[119.2928874,26.0867007]]]}},{"type":"Feature","id":"relation/13240548","properties":{"building":"residential","type":"multipolygon","component":0,"courtyardCount":2,"kind":"building","osmId":"relation/13240548","source":"OpenStreetMap","sourceUrl":"https://www.openstreetmap.org/relation/13240548","inHistoricCore":true},"geometry":{"type":"Polygon","coordinates":[[[119.2926326,26.0868645],[119.2928305,26.0868892],[119.2928628,26.0866804],[119.292665,26.0866557],[119.2926326,26.0868645]],[[119.2926836,26.0867037],[119.2928278,26.0867217],[119.2928331,26.0866875],[119.2926889,26.0866695],[119.2926836,26.0867037]],[[119.2926588,26.0868507],[119.2926572,26.0868609],[119.2928023,26.086879],[119.2928039,26.0868688],[119.2926588,26.0868507]]]}},{"type":"Feature","id":"relation/13240549","properties":{"building":"residential","type":"multipolygon","component":0,"courtyardCount":1,"kind":"building","osmId":"relation/13240549","source":"OpenStreetMap","sourceUrl":"https://www.openstreetmap.org/relation/13240549","inHistoricCore":true},"geometry":{"type":"Polygon","coordinates":[[[119.2926031,26.0870693],[119.292809,26.0870958],[119.2928406,26.0868979],[119.2926347,26.0868714],[119.2926031,26.0870693]],[[119.2926648,26.0869133],[119.2928,26.0869307],[119.2928043,26.0869037],[119.2926691,26.0868863],[119.2926648,26.0869133]]]}},{"type":"Feature","id":"relation/13240556","properties":{"building":"residential","type":"multipolygon","component":0,"courtyardCount":1,"kind":"building","osmId":"relation/13240556","source":"OpenStreetMap","sourceUrl":"https://www.openstreetmap.org/relation/13240556","inHistoricCore":true},"geometry":{"type":"Polygon","coordinates":[[[119.2933756,26.0869043],[119.2935309,26.0869105],[119.2935456,26.086613],[119.2933904,26.0866068],[119.2933756,26.0869043]],[[119.2934199,26.0867236],[119.2935082,26.0867271],[119.2935111,26.08667],[119.2934227,26.0866665],[119.2934199,26.0867236]]]}},{"type":"Feature","id":"relation/13240557","properties":{"building":"residential","type":"multipolygon","component":0,"courtyardCount":2,"kind":"building","osmId":"relation/13240557","source":"OpenStreetMap","sourceUrl":"https://www.openstreetmap.org/relation/13240557","inHistoricCore":true},"geometry":{"type":"Polygon","coordinates":[[[119.293955,26.087683],[119.2941262,26.0877121],[119.2941474,26.0876113],[119.2941916,26.0874014],[119.2940804,26.0873825],[119.2940361,26.0875924],[119.2939762,26.0875822],[119.293955,26.087683]],[[119.2941119,26.0876227],[119.2941184,26.0875919],[119.294073,26.0875842],[119.2940665,26.087615],[119.2941119,26.0876227]],[[119.2940904,26.0874625],[119.2941561,26.0874737],[119.2941608,26.0874511],[119.2940952,26.08744],[119.2940904,26.0874625]]]}},{"type":"Feature","id":"relation/13240558","properties":{"building":"residential","type":"multipolygon","component":0,"courtyardCount":1,"kind":"building","osmId":"relation/13240558","source":"OpenStreetMap","sourceUrl":"https://www.openstreetmap.org/relation/13240558","inHistoricCore":true},"geometry":{"type":"Polygon","coordinates":[[[119.293459,26.0874811],[119.2934728,26.087483],[119.293498,26.0873409],[119.2933334,26.0873174],[119.2933083,26.0874596],[119.2933196,26.0874612],[119.2933065,26.0875348],[119.293446,26.0875547],[119.293459,26.0874811]],[[119.2933542,26.0874854],[119.2934191,26.0874947],[119.2934232,26.0874716],[119.2933582,26.0874623],[119.2933542,26.0874854]]]}},{"type":"Feature","id":"relation/13240573","properties":{"building":"residential","type":"multipolygon","component":0,"courtyardCount":1,"kind":"building","osmId":"relation/13240573","source":"OpenStreetMap","sourceUrl":"https://www.openstreetmap.org/relation/13240573","inHistoricCore":true},"geometry":{"type":"Polygon","coordinates":[[[119.2940435,26.0869133],[119.2942326,26.0869344],[119.2942659,26.0866933],[119.2940768,26.0866722],[119.2940435,26.0869133]],[[119.2942353,26.0867495],[119.2942407,26.0867102],[119.2940965,26.0866941],[119.294091,26.0867334],[119.2942353,26.0867495]]]}},{"type":"Feature","id":"relation/13240574","properties":{"building":"residential","type":"multipolygon","component":0,"courtyardCount":1,"kind":"building","osmId":"relation/13240574","source":"OpenStreetMap","sourceUrl":"https://www.openstreetmap.org/relation/13240574","inHistoricCore":true},"geometry":{"type":"Polygon","coordinates":[[[119.2938671,26.0870157],[119.2939747,26.0870278],[119.2940056,26.0868074],[119.293898,26.0867953],[119.2938671,26.0870157]],[[119.293908,26.0868976],[119.2939663,26.0869042],[119.2939711,26.0868705],[119.2939127,26.086864],[119.293908,26.0868976]]]}},{"type":"Feature","id":"relation/13240575","properties":{"building":"residential","type":"multipolygon","component":0,"courtyardCount":2,"kind":"building","osmId":"relation/13240575","source":"OpenStreetMap","sourceUrl":"https://www.openstreetmap.org/relation/13240575","inHistoricCore":true},"geometry":{"type":"Polygon","coordinates":[[[119.2937116,26.0873475],[119.2938483,26.0873656],[119.2939009,26.0870444],[119.2937642,26.0870263],[119.2937116,26.0873475]],[[119.2937759,26.0871644],[119.2938362,26.0871724],[119.2938396,26.0871512],[119.2937794,26.0871432],[119.2937759,26.0871644]],[[119.2937451,26.0873301],[119.2938123,26.0873389],[119.2938175,26.0873072],[119.2937503,26.0872983],[119.2937451,26.0873301]]]}},{"type":"Feature","id":"relation/13240576","properties":{"building":"residential","type":"multipolygon","component":0,"courtyardCount":1,"kind":"building","osmId":"relation/13240576","source":"OpenStreetMap","sourceUrl":"https://www.openstreetmap.org/relation/13240576","inHistoricCore":true},"geometry":{"type":"Polygon","coordinates":[[[119.2938825,26.0875631],[119.2940262,26.0875875],[119.2940629,26.0874132],[119.2939193,26.0873888],[119.2938825,26.0875631]],[[119.2939918,26.0875535],[119.2939983,26.0875227],[119.2939315,26.0875113],[119.293925,26.0875421],[119.2939918,26.0875535]]]}},{"type":"Feature","id":"relation/13240577","properties":{"building":"residential","type":"multipolygon","component":0,"courtyardCount":1,"kind":"building","osmId":"relation/13240577","source":"OpenStreetMap","sourceUrl":"https://www.openstreetmap.org/relation/13240577","inHistoricCore":true},"geometry":{"type":"Polygon","coordinates":[[[119.2940931,26.0873704],[119.2942125,26.0873907],[119.2942527,26.0872],[119.2941333,26.0871797],[119.2940931,26.0873704]],[[119.2942131,26.0872795],[119.2942178,26.0872573],[119.2941427,26.0872445],[119.2941381,26.0872667],[119.2942131,26.0872795]]]}},{"type":"Feature","id":"relation/13240582","properties":{"building":"residential","type":"multipolygon","component":0,"courtyardCount":1,"kind":"building","osmId":"relation/13240582","source":"OpenStreetMap","sourceUrl":"https://www.openstreetmap.org/relation/13240582","inHistoricCore":true},"geometry":{"type":"Polygon","coordinates":[[[119.2921069,26.0873066],[119.2922282,26.0873285],[119.2922523,26.0871732],[119.2921472,26.0871512],[119.2921069,26.0873066]],[[119.2921535,26.0872816],[119.2921814,26.0872874],[119.2921851,26.087273],[119.2921573,26.0872672],[119.2921535,26.0872816]]]}},{"type":"Feature","id":"relation/13240583","properties":{"building":"residential","type":"multipolygon","component":0,"courtyardCount":1,"kind":"building","osmId":"relation/13240583","source":"OpenStreetMap","sourceUrl":"https://www.openstreetmap.org/relation/13240583","inHistoricCore":true},"geometry":{"type":"Polygon","coordinates":[[[119.2934816,26.087521],[119.2936603,26.0875513],[119.2937132,26.0873],[119.2936786,26.0872941],[119.2936723,26.0873242],[119.293563,26.0873056],[119.2935688,26.0872781],[119.293534,26.0872721],[119.2934816,26.087521]],[[119.2935728,26.0873367],[119.293658,26.0873512],[119.2936626,26.0873295],[119.2935773,26.087315],[119.2935728,26.0873367]]]}},{"type":"Feature","id":"relation/13240584","properties":{"building":"residential","type":"multipolygon","component":0,"courtyardCount":2,"kind":"building","osmId":"relation/13240584","source":"OpenStreetMap","sourceUrl":"https://www.openstreetmap.org/relation/13240584","inHistoricCore":true},"geometry":{"type":"Polygon","coordinates":[[[119.2931644,26.0878131],[119.2933089,26.0878444],[119.2933622,26.0876462],[119.2932177,26.0876149],[119.2931644,26.0878131]],[[119.2932935,26.0876757],[119.2933232,26.0876822],[119.293333,26.0876456],[119.2933033,26.0876392],[119.2932935,26.0876757]],[[119.2932311,26.0876622],[119.2932608,26.0876686],[119.2932707,26.0876321],[119.2932409,26.0876256],[119.2932311,26.0876622]]]}},{"type":"Feature","id":"relation/13240598","properties":{"building":"residential","type":"multipolygon","component":0,"courtyardCount":1,"kind":"building","osmId":"relation/13240598","source":"OpenStreetMap","sourceUrl":"https://www.openstreetmap.org/relation/13240598","inHistoricCore":true},"geometry":{"type":"Polygon","coordinates":[[[119.2925911,26.0857257],[119.2928003,26.0857811],[119.2929116,26.0854421],[119.2927024,26.0853867],[119.2925911,26.0857257]],[[119.2926742,26.0855625],[119.2928289,26.0856034],[119.2928465,26.0855498],[119.2926918,26.0855088],[119.2926742,26.0855625]]]}},{"type":"Feature","id":"relation/13240599","properties":{"building":"residential","type":"multipolygon","component":0,"courtyardCount":1,"kind":"building","osmId":"relation/13240599","source":"OpenStreetMap","sourceUrl":"https://www.openstreetmap.org/relation/13240599","inHistoricCore":true},"geometry":{"type":"Polygon","coordinates":[[[119.2922679,26.0865652],[119.2923822,26.0865705],[119.2923963,26.0863266],[119.2922819,26.0863213],[119.2922679,26.0865652]],[[119.2923544,26.0865604],[119.2923563,26.0865264],[119.2922967,26.0865237],[119.2922947,26.0865576],[119.2923544,26.0865604]]]}},{"type":"Feature","id":"relation/13240633","properties":{"building":"residential","type":"multipolygon","component":0,"courtyardCount":2,"kind":"building","osmId":"relation/13240633","source":"OpenStreetMap","sourceUrl":"https://www.openstreetmap.org/relation/13240633","inHistoricCore":true},"geometry":{"type":"Polygon","coordinates":[[[119.2931537,26.0859359],[119.293237,26.0859563],[119.293302,26.0857425],[119.2932187,26.0857221],[119.2931537,26.0859359]],[[119.2932341,26.0857546],[119.2932674,26.0857628],[119.293273,26.0857443],[119.2932397,26.0857362],[119.2932341,26.0857546]],[[119.2932013,26.0858528],[119.2932394,26.0858621],[119.2932435,26.0858485],[119.2932054,26.0858392],[119.2932013,26.0858528]]]}},{"type":"Feature","id":"relation/13240634","properties":{"building":"residential","type":"multipolygon","component":0,"courtyardCount":2,"kind":"building","osmId":"relation/13240634","source":"OpenStreetMap","sourceUrl":"https://www.openstreetmap.org/relation/13240634","inHistoricCore":true},"geometry":{"type":"Polygon","coordinates":[[[119.2929612,26.0856209],[119.2930362,26.0856399],[119.2930777,26.0855081],[119.2930028,26.085489],[119.2929612,26.0856209]],[[119.293045,26.0855299],[119.2930498,26.0855149],[119.2930236,26.0855083],[119.2930188,26.0855233],[119.293045,26.0855299]],[[119.2929927,26.0855613],[119.2930468,26.085575],[119.2930564,26.0855444],[119.2930024,26.0855307],[119.2929927,26.0855613]]]}},{"type":"Feature","id":"relation/13240635","properties":{"building":"residential","type":"multipolygon","component":0,"courtyardCount":2,"kind":"building","osmId":"relation/13240635","source":"OpenStreetMap","sourceUrl":"https://www.openstreetmap.org/relation/13240635","inHistoricCore":true},"geometry":{"type":"Polygon","coordinates":[[[119.2928405,26.0856799],[119.2929219,26.0857017],[119.292995,26.0854813],[119.2929136,26.0854595],[119.2928405,26.0856799]],[[119.2929203,26.0856233],[119.292926,26.0856062],[119.2928975,26.0855986],[119.2928918,26.0856157],[119.2929203,26.0856233]],[[119.2929652,26.0854998],[119.2929706,26.0854837],[119.2929297,26.0854727],[119.2929243,26.0854889],[119.2929652,26.0854998]]]}},{"type":"Feature","id":"relation/13240636","properties":{"building":"residential","type":"multipolygon","component":0,"courtyardCount":1,"kind":"building","osmId":"relation/13240636","source":"OpenStreetMap","sourceUrl":"https://www.openstreetmap.org/relation/13240636","inHistoricCore":true},"geometry":{"type":"Polygon","coordinates":[[[119.2928982,26.0858034],[119.2930464,26.0858401],[119.2930828,26.0857217],[119.2930519,26.085714],[119.2930699,26.0856555],[119.2929525,26.0856265],[119.2928982,26.0858034]],[[119.292978,26.0856588],[119.2929677,26.0856924],[119.2930242,26.0857064],[119.2930346,26.0856729],[119.292978,26.0856588]]]}},{"type":"Feature","id":"relation/13240637","properties":{"building":"residential","type":"multipolygon","component":0,"courtyardCount":1,"kind":"building","osmId":"relation/13240637","source":"OpenStreetMap","sourceUrl":"https://www.openstreetmap.org/relation/13240637","inHistoricCore":true},"geometry":{"type":"Polygon","coordinates":[[[119.2930792,26.0865634],[119.293168,26.0865654],[119.293174,26.0863462],[119.2930853,26.0863442],[119.2930792,26.0865634]],[[119.293104,26.0865044],[119.2931508,26.0865054],[119.2931516,26.0864743],[119.2931049,26.0864732],[119.293104,26.0865044]]]}},{"type":"Feature","id":"relation/13240638","properties":{"building":"residential","type":"multipolygon","component":0,"courtyardCount":1,"kind":"building","osmId":"relation/13240638","source":"OpenStreetMap","sourceUrl":"https://www.openstreetmap.org/relation/13240638","inHistoricCore":true},"geometry":{"type":"Polygon","coordinates":[[[119.2930786,26.0863297],[119.2931787,26.0863336],[119.2931854,26.0861927],[119.2930853,26.0861888],[119.2930786,26.0863297]],[[119.293106,26.0862996],[119.2931049,26.086323],[119.2931543,26.0863249],[119.2931554,26.0863015],[119.293106,26.0862996]]]}},{"type":"Feature","id":"relation/13240639","properties":{"building":"residential","type":"multipolygon","component":0,"courtyardCount":1,"kind":"building","osmId":"relation/13240639","source":"OpenStreetMap","sourceUrl":"https://www.openstreetmap.org/relation/13240639","inHistoricCore":true},"geometry":{"type":"Polygon","coordinates":[[[119.2923912,26.0865682],[119.2924949,26.0865721],[119.2925056,26.0863415],[119.292402,26.0863376],[119.2923912,26.0865682]],[[119.2924241,26.0865146],[119.292459,26.0865159],[119.2924603,26.0864869],[119.2924254,26.0864856],[119.2924241,26.0865146]]]}},{"type":"Feature","id":"relation/13240640","properties":{"building":"residential","type":"multipolygon","component":0,"courtyardCount":1,"kind":"building","osmId":"relation/13240640","source":"OpenStreetMap","sourceUrl":"https://www.openstreetmap.org/relation/13240640","inHistoricCore":true},"geometry":{"type":"Polygon","coordinates":[[[119.2925475,26.0862984],[119.2925106,26.0865496],[119.2926405,26.0865649],[119.2926774,26.0863138],[119.2925475,26.0862984]],[[119.2925582,26.0864929],[119.2926104,26.0864991],[119.2926145,26.0864707],[119.2925624,26.0864645],[119.2925582,26.0864929]]]}},{"type":"Feature","id":"relation/13240654","properties":{"building":"residential","type":"multipolygon","component":0,"courtyardCount":2,"kind":"building","osmId":"relation/13240654","source":"OpenStreetMap","sourceUrl":"https://www.openstreetmap.org/relation/13240654","inHistoricCore":true},"geometry":{"type":"Polygon","coordinates":[[[119.2945424,26.0861876],[119.2946567,26.0862039],[119.2946943,26.0859816],[119.2945833,26.0859557],[119.2945424,26.0861876]],[[119.2946081,26.0860081],[119.2946526,26.0860145],[119.2946564,26.0859931],[119.2946119,26.0859867],[119.2946081,26.0860081]],[[119.2945886,26.08609],[119.2946419,26.0860976],[119.2946463,26.0860726],[119.2945931,26.086065],[119.2945886,26.08609]]]}},{"type":"Feature","id":"relation/13240655","properties":{"building":"residential","type":"multipolygon","component":0,"courtyardCount":2,"kind":"building","osmId":"relation/13240655","source":"OpenStreetMap","sourceUrl":"https://www.openstreetmap.org/relation/13240655","inHistoricCore":true},"geometry":{"type":"Polygon","coordinates":[[[119.2939643,26.0865476],[119.2940894,26.0865654],[119.2941485,26.0862307],[119.2940234,26.0862129],[119.2939643,26.0865476]],[[119.2940495,26.0862906],[119.2940952,26.0862971],[119.2940971,26.0862864],[119.2940514,26.0862799],[119.2940495,26.0862906]],[[119.294083,26.0863882],[119.2940872,26.0863645],[119.2940334,26.0863568],[119.2940292,26.0863805],[119.294083,26.0863882]]]}},{"type":"Feature","id":"relation/13240656","properties":{"building":"residential","type":"multipolygon","component":0,"courtyardCount":1,"kind":"building","osmId":"relation/13240656","source":"OpenStreetMap","sourceUrl":"https://www.openstreetmap.org/relation/13240656","inHistoricCore":true},"geometry":{"type":"Polygon","coordinates":[[[119.293837,26.0863352],[119.2939897,26.0863584],[119.2940232,26.0861807],[119.2938705,26.0861575],[119.293837,26.0863352]],[[119.2938785,26.0862924],[119.293873,26.0863193],[119.2939306,26.0863289],[119.2939362,26.086302],[119.2938785,26.0862924]]]}},{"type":"Feature","id":"relation/13240657","properties":{"building":"residential","type":"multipolygon","component":0,"courtyardCount":1,"kind":"building","osmId":"relation/13240657","source":"OpenStreetMap","sourceUrl":"https://www.openstreetmap.org/relation/13240657","inHistoricCore":true},"geometry":{"type":"Polygon","coordinates":[[[119.293955,26.0865538],[119.2939811,26.0863815],[119.2938259,26.086348],[119.2938138,26.0865365],[119.293955,26.0865538]],[[119.293841,26.0864749],[119.2938368,26.0865022],[119.2938998,26.08651],[119.293904,26.0864827],[119.293841,26.0864749]]]}},{"type":"Feature","id":"relation/13240658","properties":{"building":"residential","type":"multipolygon","component":0,"courtyardCount":2,"kind":"building","osmId":"relation/13240658","source":"OpenStreetMap","sourceUrl":"https://www.openstreetmap.org/relation/13240658","inHistoricCore":true},"geometry":{"type":"Polygon","coordinates":[[[119.2938142,26.0859684],[119.2939159,26.0859879],[119.2939704,26.0857582],[119.2938686,26.0857387],[119.2938142,26.0859684]],[[119.2938899,26.0857678],[119.2938855,26.0857864],[119.2939302,26.0857949],[119.2939346,26.0857764],[119.2938899,26.0857678]],[[119.2938631,26.0858853],[119.2938597,26.0858994],[119.2939053,26.0859082],[119.2939087,26.085894],[119.2938631,26.0858853]]]}},{"type":"Feature","id":"relation/13240659","properties":{"building":"residential","type":"multipolygon","component":0,"courtyardCount":2,"kind":"building","osmId":"relation/13240659","source":"OpenStreetMap","sourceUrl":"https://www.openstreetmap.org/relation/13240659","inHistoricCore":true},"geometry":{"type":"Polygon","coordinates":[[[119.2936626,26.0859937],[119.2937311,26.0860064],[119.2937232,26.0860409],[119.2937853,26.0860524],[119.293861,26.0857247],[119.2937303,26.0857004],[119.2936626,26.0859937]],[[119.2937414,26.0857973],[119.2938059,26.0858094],[119.2938135,26.0857766],[119.293749,26.0857646],[119.2937414,26.0857973]],[[119.2936894,26.0859428],[119.2937914,26.0859618],[119.2937981,26.0859332],[119.293696,26.0859142],[119.2936894,26.0859428]]]}},{"type":"Feature","id":"relation/13240660","properties":{"building":"residential","type":"multipolygon","component":0,"courtyardCount":1,"kind":"building","osmId":"relation/13240660","source":"OpenStreetMap","sourceUrl":"https://www.openstreetmap.org/relation/13240660","inHistoricCore":true},"geometry":{"type":"Polygon","coordinates":[[[119.2936018,26.0865466],[119.2937039,26.0865477],[119.2937073,26.0863092],[119.2936052,26.0863081],[119.2936018,26.0865466]],[[119.2936951,26.0864117],[119.2936954,26.0863871],[119.293632,26.0863864],[119.2936317,26.0864109],[119.2936951,26.0864117]]]}},{"type":"Feature","id":"relation/13240661","properties":{"building":"residential","type":"multipolygon","component":0,"courtyardCount":1,"kind":"building","osmId":"relation/13240661","source":"OpenStreetMap","sourceUrl":"https://www.openstreetmap.org/relation/13240661","inHistoricCore":true},"geometry":{"type":"Polygon","coordinates":[[[119.2934956,26.0865453],[119.2935977,26.0865465],[119.2936011,26.086308],[119.293499,26.0863068],[119.2934956,26.0865453]],[[119.2935701,26.0864098],[119.2935704,26.0863853],[119.293507,26.0863845],[119.2935067,26.0864091],[119.2935701,26.0864098]]]}},{"type":"Feature","id":"relation/13240678","properties":{"building":"residential","type":"multipolygon","component":0,"courtyardCount":1,"kind":"building","osmId":"relation/13240678","source":"OpenStreetMap","sourceUrl":"https://www.openstreetmap.org/relation/13240678","inHistoricCore":true},"geometry":{"type":"Polygon","coordinates":[[[119.2949782,26.0853033],[119.2949346,26.0854563],[119.2949595,26.0854621],[119.2949182,26.0856073],[119.2949423,26.0856128],[119.2948508,26.0859341],[119.2950054,26.0859696],[119.2952647,26.0850592],[119.2952497,26.0850557],[119.2952632,26.0850084],[119.2951236,26.0849764],[119.2951098,26.0850247],[119.2950607,26.0850134],[119.2950562,26.0850294],[119.2949946,26.0850152],[119.295011,26.0849576],[119.2949621,26.0849464],[119.294814,26.0854663],[119.2948629,26.0854776],[119.2949166,26.0852892],[119.2949782,26.0853033]],[[119.294933,26.0852313],[119.2949718,26.0850952],[119.2950334,26.0851093],[119.2949947,26.0852454],[119.294933,26.0852313]]]}},{"type":"Feature","id":"relation/13240679","properties":{"building":"residential","type":"multipolygon","component":0,"courtyardCount":1,"kind":"building","osmId":"relation/13240679","source":"OpenStreetMap","sourceUrl":"https://www.openstreetmap.org/relation/13240679","inHistoricCore":true},"geometry":{"type":"Polygon","coordinates":[[[119.2946235,26.0857347],[119.2948528,26.0857799],[119.2948798,26.0856696],[119.2946504,26.0856244],[119.2946235,26.0857347]],[[119.2948186,26.0856926],[119.2948072,26.0857394],[119.2948414,26.0857462],[119.2948529,26.0856993],[119.2948186,26.0856926]]]}},{"type":"Feature","id":"relation/13240680","properties":{"building":"residential","type":"multipolygon","component":0,"courtyardCount":1,"kind":"building","osmId":"relation/13240680","source":"OpenStreetMap","sourceUrl":"https://www.openstreetmap.org/relation/13240680","inHistoricCore":true},"geometry":{"type":"Polygon","coordinates":[[[119.2945974,26.0859136],[119.2947313,26.0859463],[119.294779,26.0857891],[119.294645,26.0857564],[119.2945974,26.0859136]],[[119.2947006,26.0859232],[119.2947092,26.085895],[119.2946423,26.0858787],[119.2946337,26.0859069],[119.2947006,26.0859232]]]}},{"type":"Feature","id":"relation/13240681","properties":{"building":"residential","type":"multipolygon","component":0,"courtyardCount":2,"kind":"building","osmId":"relation/13240681","source":"OpenStreetMap","sourceUrl":"https://www.openstreetmap.org/relation/13240681","inHistoricCore":true},"geometry":{"type":"Polygon","coordinates":[[[119.2947402,26.0859533],[119.2948162,26.0859719],[119.2948696,26.0857955],[119.2947936,26.085777],[119.2947402,26.0859533]],[[119.2948012,26.0859449],[119.2948066,26.085927],[119.2947764,26.0859196],[119.294771,26.0859375],[119.2948012,26.0859449]],[[119.2948347,26.0858064],[119.2948381,26.0857952],[119.2948173,26.0857901],[119.2948139,26.0858013],[119.2948347,26.0858064]]]}},{"type":"Feature","id":"relation/13240683","properties":{"building":"residential","type":"multipolygon","component":0,"courtyardCount":1,"kind":"building","osmId":"relation/13240683","source":"OpenStreetMap","sourceUrl":"https://www.openstreetmap.org/relation/13240683","inHistoricCore":true},"geometry":{"type":"Polygon","coordinates":[[[119.2924375,26.0852541],[119.2925547,26.0852731],[119.2925909,26.0850924],[119.2924737,26.0850734],[119.2924375,26.0852541]],[[119.2925347,26.085215],[119.292539,26.0851939],[119.2924831,26.0851849],[119.2924789,26.0852059],[119.2925347,26.085215]]]}},{"type":"Feature","id":"relation/13240689","properties":{"building":"residential","type":"multipolygon","component":0,"courtyardCount":2,"kind":"building","osmId":"relation/13240689","source":"OpenStreetMap","sourceUrl":"https://www.openstreetmap.org/relation/13240689","inHistoricCore":true},"geometry":{"type":"Polygon","coordinates":[[[119.2932227,26.085165],[119.2934313,26.0852017],[119.2934962,26.0849043],[119.2932877,26.0848675],[119.2932227,26.085165]],[[119.2933897,26.085043],[119.2934297,26.0850501],[119.2934353,26.0850244],[119.2933953,26.0850173],[119.2933897,26.085043]],[[119.2932905,26.0850253],[119.2933304,26.0850323],[119.293336,26.0850066],[119.2932961,26.0849995],[119.2932905,26.0850253]]]}},{"type":"Feature","id":"relation/13240690","properties":{"building":"residential","type":"multipolygon","component":0,"courtyardCount":6,"kind":"building","osmId":"relation/13240690","source":"OpenStreetMap","sourceUrl":"https://www.openstreetmap.org/relation/13240690","inHistoricCore":true},"geometry":{"type":"Polygon","coordinates":[[[119.2934239,26.085321],[119.2935396,26.0853404],[119.2936828,26.0846515],[119.2935671,26.0846321],[119.2934239,26.085321]],[[119.2935905,26.0850617],[119.293597,26.0850308],[119.2935731,26.0850268],[119.2935667,26.0850577],[119.2935905,26.0850617]],[[119.2935134,26.0850478],[119.2935198,26.0850169],[119.293496,26.0850129],[119.2934895,26.0850438],[119.2935134,26.0850478]],[[119.2935466,26.0848837],[119.293553,26.0848528],[119.2935292,26.0848488],[119.2935227,26.0848797],[119.2935466,26.0848837]],[[119.2936237,26.0848976],[119.2936301,26.0848667],[119.2936063,26.0848627],[119.2935999,26.0848936],[119.2936237,26.0848976]],[[119.2935694,26.0847061],[119.2936507,26.0847197],[119.2936613,26.0846687],[119.29358,26.0846551],[119.2935694,26.0847061]],[[119.2934648,26.0852403],[119.2935333,26.0852518],[119.2935406,26.0852168],[119.2934721,26.0852053],[119.2934648,26.0852403]]]}},{"type":"Feature","id":"relation/13240691","properties":{"building":"residential","type":"multipolygon","component":0,"courtyardCount":1,"kind":"building","osmId":"relation/13240691","source":"OpenStreetMap","sourceUrl":"https://www.openstreetmap.org/relation/13240691","inHistoricCore":true},"geometry":{"type":"Polygon","coordinates":[[[119.2933354,26.084682],[119.2933081,26.0848131],[119.2935093,26.0848468],[119.2935365,26.0847157],[119.2934987,26.0847094],[119.2935192,26.0846104],[119.2933962,26.0845898],[119.2933756,26.0846887],[119.2933354,26.084682]],[[119.2934789,26.0846973],[119.2934875,26.0846559],[119.2934058,26.0846422],[119.2933972,26.0846836],[119.2934789,26.0846973]]]}},{"type":"Feature","id":"relation/13240692","properties":{"building":"residential","type":"multipolygon","component":0,"courtyardCount":1,"kind":"building","osmId":"relation/13240692","source":"OpenStreetMap","sourceUrl":"https://www.openstreetmap.org/relation/13240692","inHistoricCore":true},"geometry":{"type":"Polygon","coordinates":[[[119.2930719,26.0851042],[119.2931416,26.0851196],[119.2931926,26.0849341],[119.2931228,26.0849187],[119.2930719,26.0851042]],[[119.2931416,26.0849382],[119.2931337,26.0849668],[119.2931597,26.0849726],[119.2931675,26.084944],[119.2931416,26.0849382]]]}},{"type":"Feature","id":"relation/13240693","properties":{"building":"residential","type":"multipolygon","component":0,"courtyardCount":1,"kind":"building","osmId":"relation/13240693","source":"OpenStreetMap","sourceUrl":"https://www.openstreetmap.org/relation/13240693","inHistoricCore":true},"geometry":{"type":"Polygon","coordinates":[[[119.2931999,26.0849042],[119.2932308,26.0847506],[119.2931663,26.0847402],[119.2931355,26.0848938],[119.2931999,26.0849042]],[[119.2931684,26.0848247],[119.2931956,26.0848291],[119.2931996,26.0848094],[119.2931724,26.0848049],[119.2931684,26.0848247]]]}},{"type":"Feature","id":"relation/13240694","properties":{"building":"residential","type":"multipolygon","component":0,"courtyardCount":1,"kind":"building","osmId":"relation/13240694","source":"OpenStreetMap","sourceUrl":"https://www.openstreetmap.org/relation/13240694","inHistoricCore":true},"geometry":{"type":"Polygon","coordinates":[[[119.2932241,26.084847],[119.2932713,26.0848534],[119.2932874,26.0847583],[119.2932402,26.0847518],[119.2932241,26.084847]],[[119.2932422,26.084816],[119.2932635,26.0848189],[119.293268,26.0847925],[119.2932466,26.0847896],[119.2932422,26.084816]]]}},{"type":"Feature","id":"relation/13240695","properties":{"building":"residential","type":"multipolygon","component":0,"courtyardCount":1,"kind":"building","osmId":"relation/13240695","source":"OpenStreetMap","sourceUrl":"https://www.openstreetmap.org/relation/13240695","inHistoricCore":true},"geometry":{"type":"Polygon","coordinates":[[[119.2926796,26.0851596],[119.2927869,26.0851831],[119.2928152,26.0850785],[119.292708,26.085055],[119.2926796,26.0851596]],[[119.2927171,26.085121],[119.29271,26.0851473],[119.2927634,26.085159],[119.2927705,26.0851327],[119.2927171,26.085121]]]}},{"type":"Feature","id":"relation/13240696","properties":{"building":"residential","type":"multipolygon","component":0,"courtyardCount":3,"kind":"building","osmId":"relation/13240696","source":"OpenStreetMap","sourceUrl":"https://www.openstreetmap.org/relation/13240696","inHistoricCore":true},"geometry":{"type":"Polygon","coordinates":[[[119.292746,26.0853607],[119.292973,26.0854139],[119.2930535,26.0851369],[119.2928264,26.0850837],[119.292746,26.0853607]],[[119.2928097,26.0852629],[119.2928159,26.0852415],[119.2927902,26.0852354],[119.292784,26.0852569],[119.2928097,26.0852629]],[[119.2928452,26.0852933],[119.2929259,26.0853122],[119.2929384,26.0852692],[119.2928577,26.0852503],[119.2928452,26.0852933]],[[119.2929679,26.0853032],[119.2929949,26.0853095],[119.2930011,26.0852881],[119.2929741,26.0852818],[119.2929679,26.0853032]]]}},{"type":"Feature","id":"relation/13240710","properties":{"building":"residential","type":"multipolygon","component":0,"courtyardCount":1,"kind":"building","osmId":"relation/13240710","source":"OpenStreetMap","sourceUrl":"https://www.openstreetmap.org/relation/13240710","inHistoricCore":true},"geometry":{"type":"Polygon","coordinates":[[[119.2933921,26.0855092],[119.2933736,26.0855739],[119.2934856,26.0855998],[119.2935041,26.0855351],[119.2935144,26.0855375],[119.2935399,26.0854486],[119.2934994,26.0854393],[119.2935077,26.0854104],[119.2934621,26.0853999],[119.2934538,26.0854287],[119.2933823,26.0854122],[119.2933568,26.085501],[119.2933921,26.0855092]],[[119.2934246,26.0855173],[119.2934145,26.0855524],[119.2934635,26.0855637],[119.2934735,26.0855286],[119.2934246,26.0855173]]]}},{"type":"Feature","id":"relation/13240711","properties":{"building":"residential","type":"multipolygon","component":0,"courtyardCount":1,"kind":"building","osmId":"relation/13240711","source":"OpenStreetMap","sourceUrl":"https://www.openstreetmap.org/relation/13240711","inHistoricCore":true},"geometry":{"type":"Polygon","coordinates":[[[119.2932462,26.0855342],[119.2933293,26.0855556],[119.293395,26.0853502],[119.2933119,26.0853288],[119.2932462,26.0855342]],[[119.2932837,26.0854968],[119.2933174,26.0855055],[119.2933246,26.085483],[119.293291,26.0854743],[119.2932837,26.0854968]]]}},{"type":"Feature","id":"relation/13240712","properties":{"building":"residential","type":"multipolygon","component":0,"courtyardCount":1,"kind":"building","osmId":"relation/13240712","source":"OpenStreetMap","sourceUrl":"https://www.openstreetmap.org/relation/13240712","inHistoricCore":true},"geometry":{"type":"Polygon","coordinates":[[[119.2930296,26.0854571],[119.2931269,26.0854832],[119.2931899,26.0852934],[119.2930926,26.0852674],[119.2930296,26.0854571]],[[119.2930779,26.0853896],[119.293071,26.0854104],[119.2931215,26.085424],[119.2931284,26.0854032],[119.2930779,26.0853896]]]}},{"type":"Feature","id":"relation/13240713","properties":{"building":"residential","type":"multipolygon","component":0,"courtyardCount":1,"kind":"building","osmId":"relation/13240713","source":"OpenStreetMap","sourceUrl":"https://www.openstreetmap.org/relation/13240713","inHistoricCore":true},"geometry":{"type":"Polygon","coordinates":[[[119.2931295,26.085498],[119.2932381,26.085527],[119.2933038,26.0853282],[119.2931952,26.0852993],[119.2931295,26.085498]],[[119.2931724,26.0854745],[119.2932165,26.0854863],[119.2932267,26.0854553],[119.2931827,26.0854435],[119.2931724,26.0854745]]]}},{"type":"Feature","id":"relation/13240714","properties":{"building":"residential","type":"multipolygon","component":0,"courtyardCount":1,"kind":"building","osmId":"relation/13240714","source":"OpenStreetMap","sourceUrl":"https://www.openstreetmap.org/relation/13240714","inHistoricCore":true},"geometry":{"type":"Polygon","coordinates":[[[119.2929739,26.0854282],[119.2930292,26.085442],[119.2931137,26.0851704],[119.2930584,26.0851566],[119.2929739,26.0854282]],[[119.2930081,26.0853514],[119.2930449,26.0853606],[119.2930537,26.0853321],[119.293017,26.0853229],[119.2930081,26.0853514]]]}},{"type":"Feature","id":"relation/13240732","properties":{"building":"residential","type":"multipolygon","component":0,"courtyardCount":4,"kind":"building","osmId":"relation/13240732","source":"OpenStreetMap","sourceUrl":"https://www.openstreetmap.org/relation/13240732","inHistoricCore":true},"geometry":{"type":"Polygon","coordinates":[[[119.2939804,26.0847296],[119.2938582,26.0851769],[119.2940361,26.0852162],[119.2941584,26.0847688],[119.2939804,26.0847296]],[[119.2939335,26.0850117],[119.2939224,26.0850524],[119.293959,26.0850605],[119.2939701,26.0850198],[119.2939335,26.0850117]],[[119.2940267,26.0850307],[119.2940156,26.0850714],[119.2940522,26.0850795],[119.2940633,26.0850388],[119.2940267,26.0850307]],[[119.2939747,26.0848705],[119.2940082,26.0848779],[119.2940237,26.0848211],[119.2939903,26.0848137],[119.2939747,26.0848705]],[[119.2940468,26.0848867],[119.2940803,26.0848941],[119.2940958,26.0848374],[119.2940623,26.08483],[119.2940468,26.0848867]]]}},{"type":"Feature","id":"relation/13240733","properties":{"building":"residential","type":"multipolygon","component":0,"courtyardCount":1,"kind":"building","osmId":"relation/13240733","source":"OpenStreetMap","sourceUrl":"https://www.openstreetmap.org/relation/13240733","inHistoricCore":true},"geometry":{"type":"Polygon","coordinates":[[[119.293731,26.0848934],[119.2937994,26.0849048],[119.2938296,26.0847597],[119.2937612,26.0847482],[119.293731,26.0848934]],[[119.2937572,26.0848452],[119.2937929,26.0848512],[119.2938001,26.0848169],[119.2937643,26.0848109],[119.2937572,26.0848452]]]}},{"type":"Feature","id":"relation/13240734","properties":{"building":"residential","type":"multipolygon","component":0,"courtyardCount":1,"kind":"building","osmId":"relation/13240734","source":"OpenStreetMap","sourceUrl":"https://www.openstreetmap.org/relation/13240734","inHistoricCore":true},"geometry":{"type":"Polygon","coordinates":[[[119.2939772,26.0855991],[119.2939295,26.0855875],[119.2938929,26.0857088],[119.2940147,26.0857384],[119.2940512,26.085617],[119.2940072,26.0856063],[119.2940126,26.0855884],[119.2939826,26.0855811],[119.2939772,26.0855991]],[[119.2939255,26.0856965],[119.293995,26.0857134],[119.2939999,26.0856971],[119.2939304,26.0856802],[119.2939255,26.0856965]]]}},{"type":"Feature","id":"relation/13240735","properties":{"building":"residential","type":"multipolygon","component":0,"courtyardCount":1,"kind":"building","osmId":"relation/13240735","source":"OpenStreetMap","sourceUrl":"https://www.openstreetmap.org/relation/13240735","inHistoricCore":true},"geometry":{"type":"Polygon","coordinates":[[[119.2937357,26.0853932],[119.2938609,26.0854148],[119.2938846,26.0853041],[119.2937594,26.0852825],[119.2937357,26.0853932]],[[119.2937699,26.0853776],[119.2937669,26.0853917],[119.2938316,26.0854029],[119.2938346,26.0853887],[119.2937699,26.0853776]]]}},{"type":"Feature","id":"relation/13240736","properties":{"building":"residential","type":"multipolygon","component":0,"courtyardCount":1,"kind":"building","osmId":"relation/13240736","source":"OpenStreetMap","sourceUrl":"https://www.openstreetmap.org/relation/13240736","inHistoricCore":true},"geometry":{"type":"Polygon","coordinates":[[[119.2935486,26.0853535],[119.2935777,26.0853585],[119.2935894,26.0853039],[119.2936988,26.0853228],[119.2937488,26.0850889],[119.2936103,26.085065],[119.2935486,26.0853535]],[[119.2936331,26.085115],[119.293624,26.0851575],[119.2936988,26.0851704],[119.2937079,26.0851279],[119.2936331,26.085115]]]}},{"type":"Feature","id":"relation/13240737","properties":{"building":"residential","type":"multipolygon","component":0,"courtyardCount":2,"kind":"building","osmId":"relation/13240737","source":"OpenStreetMap","sourceUrl":"https://www.openstreetmap.org/relation/13240737","inHistoricCore":true},"geometry":{"type":"Polygon","coordinates":[[[119.2935057,26.0855914],[119.2936439,26.0856241],[119.2937096,26.0854],[119.2935714,26.0853673],[119.2935057,26.0855914]],[[119.2935446,26.0855733],[119.2936162,26.0855902],[119.2936257,26.0855577],[119.2935542,26.0855407],[119.2935446,26.0855733]],[[119.2936757,26.0854152],[119.2936811,26.0853968],[119.29361,26.08538],[119.2936046,26.0853984],[119.2936757,26.0854152]]]}},{"type":"Feature","id":"relation/13240738","properties":{"building":"residential","type":"multipolygon","component":0,"courtyardCount":2,"kind":"building","osmId":"relation/13240738","source":"OpenStreetMap","sourceUrl":"https://www.openstreetmap.org/relation/13240738","inHistoricCore":true},"geometry":{"type":"Polygon","coordinates":[[[119.2936385,26.0856462],[119.2937817,26.0856801],[119.2938551,26.08543],[119.2937118,26.0853961],[119.2936385,26.0856462]],[[119.2936935,26.0856028],[119.2937547,26.0856173],[119.2937639,26.085586],[119.2937026,26.0855715],[119.2936935,26.0856028]],[[119.2937203,26.0854542],[119.2938149,26.0854766],[119.2938175,26.0854679],[119.2937228,26.0854455],[119.2937203,26.0854542]]]}},{"type":"Feature","id":"relation/13240739","properties":{"building":"residential","type":"multipolygon","component":0,"courtyardCount":1,"kind":"building","osmId":"relation/13240739","source":"OpenStreetMap","sourceUrl":"https://www.openstreetmap.org/relation/13240739","inHistoricCore":true},"geometry":{"type":"Polygon","coordinates":[[[119.2943573,26.0850078],[119.2944766,26.0850211],[119.2944961,26.0848795],[119.2943768,26.0848663],[119.2943573,26.0850078]],[[119.2943975,26.084909],[119.294466,26.0849166],[119.2944706,26.0848834],[119.2944021,26.0848758],[119.2943975,26.084909]]]}},{"type":"Feature","id":"relation/13240740","properties":{"building":"residential","type":"multipolygon","component":0,"courtyardCount":2,"kind":"building","osmId":"relation/13240740","source":"OpenStreetMap","sourceUrl":"https://www.openstreetmap.org/relation/13240740","inHistoricCore":true},"geometry":{"type":"Polygon","coordinates":[[[119.294588,26.0850662],[119.2946307,26.085071],[119.2946624,26.084841],[119.2946197,26.0848362],[119.294588,26.0850662]],[[119.2946262,26.0848657],[119.2946495,26.0848683],[119.2946527,26.0848455],[119.2946293,26.0848429],[119.2946262,26.0848657]],[[119.2946128,26.0849605],[119.2946368,26.0849632],[119.2946406,26.0849358],[119.2946166,26.0849332],[119.2946128,26.0849605]]]}},{"type":"Feature","id":"relation/13240741","properties":{"building":"residential","type":"multipolygon","component":0,"courtyardCount":1,"kind":"building","osmId":"relation/13240741","source":"OpenStreetMap","sourceUrl":"https://www.openstreetmap.org/relation/13240741","inHistoricCore":true},"geometry":{"type":"Polygon","coordinates":[[[119.2947569,26.0851963],[119.2948767,26.0852094],[119.2949069,26.0849859],[119.2947871,26.0849729],[119.2947569,26.0851963]],[[119.2947985,26.085074],[119.294867,26.0850815],[119.2948723,26.0850421],[119.2948038,26.0850347],[119.2947985,26.085074]]]}},{"type":"Feature","id":"relation/13240742","properties":{"building":"residential","type":"multipolygon","component":0,"courtyardCount":1,"kind":"building","osmId":"relation/13240742","source":"OpenStreetMap","sourceUrl":"https://www.openstreetmap.org/relation/13240742","inHistoricCore":true},"geometry":{"type":"Polygon","coordinates":[[[119.2943452,26.085006],[119.2943636,26.0848725],[119.2943149,26.0848671],[119.2943239,26.0848012],[119.294211,26.0847886],[119.2942019,26.0848545],[119.294147,26.0848484],[119.2941286,26.0849819],[119.2943452,26.085006]],[[119.2942292,26.0848091],[119.2942227,26.0848566],[119.2942945,26.0848646],[119.2943011,26.084817],[119.2942292,26.0848091]]]}},{"type":"Feature","id":"relation/13240805","properties":{"building":"residential","type":"multipolygon","component":0,"courtyardCount":2,"kind":"building","osmId":"relation/13240805","source":"OpenStreetMap","sourceUrl":"https://www.openstreetmap.org/relation/13240805","inHistoricCore":true},"geometry":{"type":"Polygon","coordinates":[[[119.2928667,26.0838701],[119.2930143,26.0838937],[119.2930626,26.0836498],[119.2929149,26.0836262],[119.2928667,26.0838701]],[[119.2929813,26.0838653],[119.2929858,26.0838426],[119.2929096,26.0838304],[119.2929051,26.0838531],[119.2929813,26.0838653]],[[119.2929438,26.0836877],[119.2929395,26.0837091],[119.2930128,26.0837208],[119.2930171,26.0836994],[119.2929438,26.0836877]]]}},{"type":"Feature","id":"relation/13240806","properties":{"building":"residential","type":"multipolygon","component":0,"courtyardCount":1,"kind":"building","osmId":"relation/13240806","source":"OpenStreetMap","sourceUrl":"https://www.openstreetmap.org/relation/13240806","inHistoricCore":true},"geometry":{"type":"Polygon","coordinates":[[[119.2930128,26.0839141],[119.2931353,26.0839457],[119.2932064,26.0837235],[119.2930839,26.0836919],[119.2930128,26.0839141]],[[119.2931087,26.0837292],[119.2930975,26.0837644],[119.293157,26.0837798],[119.2931683,26.0837446],[119.2931087,26.0837292]]]}},{"type":"Feature","id":"relation/13240807","properties":{"building":"residential","type":"multipolygon","component":0,"courtyardCount":1,"kind":"building","osmId":"relation/13240807","source":"OpenStreetMap","sourceUrl":"https://www.openstreetmap.org/relation/13240807","inHistoricCore":true},"geometry":{"type":"Polygon","coordinates":[[[119.2926628,26.0836226],[119.2927889,26.0836461],[119.2928481,26.0833899],[119.292722,26.0833664],[119.2926628,26.0836226]],[[119.2927198,26.0835244],[119.2927152,26.0835445],[119.2927755,26.0835558],[119.2927801,26.0835357],[119.2927198,26.0835244]]]}},{"type":"Feature","id":"relation/13240808","properties":{"building":"residential","type":"multipolygon","component":0,"courtyardCount":2,"kind":"building","osmId":"relation/13240808","source":"OpenStreetMap","sourceUrl":"https://www.openstreetmap.org/relation/13240808","inHistoricCore":true},"geometry":{"type":"Polygon","coordinates":[[[119.292473,26.0838888],[119.2926001,26.0839125],[119.2926645,26.0836343],[119.2925374,26.0836106],[119.292473,26.0838888]],[[119.2926058,26.0837069],[119.2926388,26.0837131],[119.2926501,26.0836642],[119.2926171,26.083658],[119.2926058,26.0837069]],[[119.2925502,26.0837021],[119.2925946,26.0837104],[119.2926078,26.0836533],[119.2925634,26.083645],[119.2925502,26.0837021]]]}},{"type":"Feature","id":"relation/13240809","properties":{"building":"residential","type":"multipolygon","component":0,"courtyardCount":1,"kind":"building","osmId":"relation/13240809","source":"OpenStreetMap","sourceUrl":"https://www.openstreetmap.org/relation/13240809","inHistoricCore":true},"geometry":{"type":"Polygon","coordinates":[[[119.2929035,26.0844308],[119.2930675,26.0844706],[119.2931279,26.0842701],[119.2929639,26.0842303],[119.2929035,26.0844308]],[[119.2929639,26.0844055],[119.293027,26.0844209],[119.2930383,26.0843833],[119.2929752,26.0843679],[119.2929639,26.0844055]]]}},{"type":"Feature","id":"relation/13240810","properties":{"building":"residential","type":"multipolygon","component":0,"courtyardCount":2,"kind":"building","osmId":"relation/13240810","source":"OpenStreetMap","sourceUrl":"https://www.openstreetmap.org/relation/13240810","inHistoricCore":true},"geometry":{"type":"Polygon","coordinates":[[[119.2925448,26.0839328],[119.2925191,26.0841417],[119.2927437,26.084164],[119.2927694,26.0839551],[119.2925448,26.0839328]],[[119.2927322,26.0839867],[119.2927358,26.0839573],[119.2926859,26.0839523],[119.2926823,26.0839817],[119.2927322,26.0839867]],[[119.2926192,26.0839767],[119.2926228,26.0839474],[119.292573,26.0839424],[119.2925693,26.0839718],[119.2926192,26.0839767]]]}},{"type":"Feature","id":"relation/13240811","properties":{"building":"residential","type":"multipolygon","component":0,"courtyardCount":1,"kind":"building","osmId":"relation/13240811","source":"OpenStreetMap","sourceUrl":"https://www.openstreetmap.org/relation/13240811","inHistoricCore":true},"geometry":{"type":"Polygon","coordinates":[[[119.2919561,26.0846922],[119.2921633,26.0847217],[119.2921803,26.0846254],[119.2919731,26.0845959],[119.2919561,26.0846922]],[[119.2920989,26.0846862],[119.2921407,26.0846922],[119.2921485,26.0846483],[119.2921066,26.0846423],[119.2920989,26.0846862]]]}},{"type":"Feature","id":"relation/13240945","properties":{"building":"residential","type":"multipolygon","component":0,"courtyardCount":3,"kind":"building","osmId":"relation/13240945","source":"OpenStreetMap","sourceUrl":"https://www.openstreetmap.org/relation/13240945","inHistoricCore":true},"geometry":{"type":"Polygon","coordinates":[[[119.2932353,26.0841992],[119.293214,26.0842737],[119.2934252,26.0843224],[119.2934469,26.0842466],[119.2934532,26.0842249],[119.2934651,26.0841832],[119.2935799,26.0837822],[119.2933547,26.0837302],[119.2932614,26.0840561],[119.2932399,26.0841312],[119.2932214,26.084196],[119.2932353,26.0841992]],[[119.293332,26.0841524],[119.2934045,26.0841692],[119.2933926,26.0842109],[119.29332,26.0841942],[119.293332,26.0841524]],[[119.2932884,26.0840309],[119.2934707,26.084073],[119.2934869,26.0840165],[119.2933046,26.0839744],[119.2932884,26.0840309]],[[119.2934132,26.0838948],[119.2934784,26.0839099],[119.2934909,26.0838659],[119.2934257,26.0838509],[119.2934132,26.0838948]]]}},{"type":"Feature","id":"relation/13240946","properties":{"building":"residential","type":"multipolygon","component":0,"courtyardCount":1,"kind":"building","osmId":"relation/13240946","source":"OpenStreetMap","sourceUrl":"https://www.openstreetmap.org/relation/13240946","inHistoricCore":true},"geometry":{"type":"Polygon","coordinates":[[[119.2944673,26.0845115],[119.2945538,26.0845266],[119.2945933,26.0843433],[119.2945068,26.0843282],[119.2944673,26.0845115]],[[119.2945155,26.0843802],[119.2945107,26.0844025],[119.2945558,26.0844104],[119.2945606,26.0843881],[119.2945155,26.0843802]]]}},{"type":"Feature","id":"relation/13240947","properties":{"building":"residential","type":"multipolygon","component":0,"courtyardCount":2,"kind":"building","osmId":"relation/13240947","source":"OpenStreetMap","sourceUrl":"https://www.openstreetmap.org/relation/13240947","inHistoricCore":true},"geometry":{"type":"Polygon","coordinates":[[[119.2945611,26.0845278],[119.2946694,26.0845466],[119.2947093,26.0843616],[119.2946011,26.0843427],[119.2945611,26.0845278]],[[119.2946862,26.0844242],[119.294691,26.084402],[119.2946735,26.0843989],[119.2946687,26.0844212],[119.2946862,26.0844242]],[[119.2946121,26.0844116],[119.2946169,26.0843893],[119.2945994,26.0843863],[119.2945946,26.0844085],[119.2946121,26.0844116]]]}},{"type":"Feature","id":"relation/13240948","properties":{"building":"residential","type":"multipolygon","component":0,"courtyardCount":1,"kind":"building","osmId":"relation/13240948","source":"OpenStreetMap","sourceUrl":"https://www.openstreetmap.org/relation/13240948","inHistoricCore":true},"geometry":{"type":"Polygon","coordinates":[[[119.2943345,26.0844923],[119.2944529,26.0845173],[119.2945068,26.0843116],[119.2943884,26.0842866],[119.2943345,26.0844923]],[[119.2943721,26.084467],[119.2943657,26.0844913],[119.2944244,26.0845037],[119.2944307,26.0844794],[119.2943721,26.084467]]]}},{"type":"Feature","id":"relation/13240949","properties":{"building":"residential","type":"multipolygon","component":0,"courtyardCount":1,"kind":"building","osmId":"relation/13240949","source":"OpenStreetMap","sourceUrl":"https://www.openstreetmap.org/relation/13240949","inHistoricCore":true},"geometry":{"type":"Polygon","coordinates":[[[119.2941984,26.084473],[119.2943231,26.0844994],[119.2943714,26.0843151],[119.2942467,26.0842887],[119.2941984,26.084473]],[[119.2942373,26.0844597],[119.2942965,26.0844723],[119.294303,26.0844477],[119.2942437,26.0844352],[119.2942373,26.0844597]]]}},{"type":"Feature","id":"relation/13240950","properties":{"building":"residential","type":"multipolygon","component":0,"courtyardCount":1,"kind":"building","osmId":"relation/13240950","source":"OpenStreetMap","sourceUrl":"https://www.openstreetmap.org/relation/13240950","inHistoricCore":true},"geometry":{"type":"Polygon","coordinates":[[[119.2943949,26.0847621],[119.2944948,26.0847784],[119.2945115,26.0846958],[119.2944116,26.0846795],[119.2943949,26.0847621]],[[119.294472,26.0847464],[119.2944286,26.0847393],[119.2944244,26.0847603],[119.2944677,26.0847674],[119.294472,26.0847464]]]}},{"type":"Feature","id":"relation/13240951","properties":{"building":"residential","type":"multipolygon","component":0,"courtyardCount":1,"kind":"building","osmId":"relation/13240951","source":"OpenStreetMap","sourceUrl":"https://www.openstreetmap.org/relation/13240951","inHistoricCore":true},"geometry":{"type":"Polygon","coordinates":[[[119.2942688,26.0847404],[119.2943887,26.0847632],[119.294445,26.0845241],[119.2943251,26.0845013],[119.2942688,26.0847404]],[[119.294307,26.0846868],[119.2943768,26.0847001],[119.2943848,26.0846663],[119.294315,26.084653],[119.294307,26.0846868]]]}},{"type":"Feature","id":"relation/13240952","properties":{"building":"residential","type":"multipolygon","component":0,"courtyardCount":1,"kind":"building","osmId":"relation/13240952","source":"OpenStreetMap","sourceUrl":"https://www.openstreetmap.org/relation/13240952","inHistoricCore":true},"geometry":{"type":"Polygon","coordinates":[[[119.2943117,26.0845194],[119.2941937,26.0844959],[119.2941408,26.0847101],[119.2942588,26.0847336],[119.2943117,26.0845194]],[[119.294189,26.0846657],[119.2942424,26.0846763],[119.294248,26.0846537],[119.2941946,26.084643],[119.294189,26.0846657]]]}},{"type":"Feature","id":"relation/13240953","properties":{"building":"residential","type":"multipolygon","component":0,"courtyardCount":1,"kind":"building","osmId":"relation/13240953","source":"OpenStreetMap","sourceUrl":"https://www.openstreetmap.org/relation/13240953","inHistoricCore":true},"geometry":{"type":"Polygon","coordinates":[[[119.2940381,26.084679],[119.2941333,26.0846976],[119.2941741,26.0845299],[119.2940789,26.0845112],[119.2940381,26.084679]],[[119.294069,26.0846296],[119.2940627,26.0846552],[119.2941226,26.0846669],[119.2941288,26.0846413],[119.294069,26.0846296]]]}},{"type":"Feature","id":"relation/13240954","properties":{"building":"residential","type":"multipolygon","component":0,"courtyardCount":1,"kind":"building","osmId":"relation/13240954","source":"OpenStreetMap","sourceUrl":"https://www.openstreetmap.org/relation/13240954","inHistoricCore":true},"geometry":{"type":"Polygon","coordinates":[[[119.2939194,26.0846573],[119.2940286,26.0846744],[119.2940561,26.0845329],[119.2939469,26.0845158],[119.2939194,26.0846573]],[[119.2939617,26.0846103],[119.2939582,26.0846283],[119.2940012,26.084635],[119.2940047,26.0846171],[119.2939617,26.0846103]]]}},{"type":"Feature","id":"relation/13240955","properties":{"building":"residential","type":"multipolygon","component":0,"courtyardCount":1,"kind":"building","osmId":"relation/13240955","source":"OpenStreetMap","sourceUrl":"https://www.openstreetmap.org/relation/13240955","inHistoricCore":true},"geometry":{"type":"Polygon","coordinates":[[[119.2940415,26.0842929],[119.2941561,26.0843279],[119.2942263,26.084142],[119.2941117,26.084107],[119.2940415,26.0842929]],[[119.2941474,26.0842459],[119.2941571,26.0842204],[119.2941085,26.0842056],[119.2940989,26.0842312],[119.2941474,26.0842459]]]}},{"type":"Feature","id":"relation/13240956","properties":{"building":"residential","type":"multipolygon","component":0,"courtyardCount":1,"kind":"building","osmId":"relation/13240956","source":"OpenStreetMap","sourceUrl":"https://www.openstreetmap.org/relation/13240956","inHistoricCore":true},"geometry":{"type":"Polygon","coordinates":[[[119.2938121,26.0839671],[119.2939219,26.0839953],[119.2939708,26.0838417],[119.2938611,26.0838135],[119.2938121,26.0839671]],[[119.2938571,26.0838701],[119.2939388,26.0838911],[119.2939503,26.0838551],[119.2938686,26.0838341],[119.2938571,26.0838701]]]}},{"type":"Feature","id":"relation/13240957","properties":{"building":"residential","type":"multipolygon","component":0,"courtyardCount":1,"kind":"building","osmId":"relation/13240957","source":"OpenStreetMap","sourceUrl":"https://www.openstreetmap.org/relation/13240957","inHistoricCore":true},"geometry":{"type":"Polygon","coordinates":[[[119.2935057,26.0845555],[119.2936408,26.0845858],[119.2937049,26.0843556],[119.2935698,26.0843252],[119.2935057,26.0845555]],[[119.2936519,26.0844579],[119.2936735,26.0843804],[119.2935842,26.0843604],[119.2935626,26.0844379],[119.2936519,26.0844579]]]}},{"type":"Feature","id":"relation/13240958","properties":{"building":"residential","type":"multipolygon","component":0,"courtyardCount":1,"kind":"building","osmId":"relation/13240958","source":"OpenStreetMap","sourceUrl":"https://www.openstreetmap.org/relation/13240958","inHistoricCore":true},"geometry":{"type":"Polygon","coordinates":[[[119.2936539,26.0845928],[119.2937359,26.0846113],[119.2938021,26.0843736],[119.29372,26.0843552],[119.2936539,26.0845928]],[[119.2937699,26.0844266],[119.2937807,26.0843877],[119.2937317,26.0843766],[119.2937208,26.0844156],[119.2937699,26.0844266]]]}},{"type":"Feature","id":"relation/13240959","properties":{"building":"residential","type":"multipolygon","component":0,"courtyardCount":2,"kind":"building","osmId":"relation/13240959","source":"OpenStreetMap","sourceUrl":"https://www.openstreetmap.org/relation/13240959","inHistoricCore":true},"geometry":{"type":"Polygon","coordinates":[[[119.2931604,26.0839117],[119.2932811,26.0839406],[119.2933999,26.0835403],[119.2932792,26.0835114],[119.2931604,26.0839117]],[[119.2932931,26.0837985],[119.2933033,26.0837644],[119.2932395,26.0837491],[119.2932294,26.0837832],[119.2932931,26.0837985]],[[119.2933032,26.0835395],[119.2932946,26.0835686],[119.2933542,26.0835829],[119.2933628,26.0835538],[119.2933032,26.0835395]]]}},{"type":"Feature","id":"relation/13240960","properties":{"building":"residential","type":"multipolygon","component":0,"courtyardCount":2,"kind":"building","osmId":"relation/13240960","source":"OpenStreetMap","sourceUrl":"https://www.openstreetmap.org/relation/13240960","inHistoricCore":true},"geometry":{"type":"Polygon","coordinates":[[[119.2945035,26.0847807],[119.2946072,26.0847977],[119.2946568,26.0845526],[119.2945531,26.0845356],[119.2945035,26.0847807]],[[119.2946054,26.0847073],[119.2945404,26.0846967],[119.2945323,26.0847368],[119.2945973,26.0847474],[119.2946054,26.0847073]],[[119.2945699,26.0845706],[119.2945645,26.0845971],[119.2946195,26.0846061],[119.2946249,26.0845795],[119.2945699,26.0845706]]]}},{"type":"Feature","id":"relation/13240993","properties":{"building":"residential","type":"multipolygon","component":0,"courtyardCount":1,"kind":"building","osmId":"relation/13240993","source":"OpenStreetMap","sourceUrl":"https://www.openstreetmap.org/relation/13240993","inHistoricCore":true},"geometry":{"type":"Polygon","coordinates":[[[119.29046,26.0859581],[119.2905935,26.0859746],[119.2906256,26.0857638],[119.2904922,26.0857474],[119.29046,26.0859581]],[[119.2905814,26.0858184],[119.2905882,26.0857739],[119.2905244,26.085766],[119.2905176,26.0858106],[119.2905814,26.0858184]]]}},{"type":"Feature","id":"relation/13240994","properties":{"building":"residential","type":"multipolygon","component":0,"courtyardCount":2,"kind":"building","osmId":"relation/13240994","source":"OpenStreetMap","sourceUrl":"https://www.openstreetmap.org/relation/13240994","inHistoricCore":true},"geometry":{"type":"Polygon","coordinates":[[[119.2908476,26.0846175],[119.2909879,26.0846601],[119.2910649,26.0844555],[119.2909246,26.084413],[119.2908476,26.0846175]],[[119.2909328,26.0845374],[119.2909406,26.0845166],[119.290914,26.0845085],[119.2909062,26.0845294],[119.2909328,26.0845374]],[[119.2910019,26.0845591],[119.2910097,26.0845383],[119.2909831,26.0845302],[119.2909752,26.084551],[119.2910019,26.0845591]]]}},{"type":"Feature","id":"relation/13240995","properties":{"building":"residential","type":"multipolygon","component":0,"courtyardCount":2,"kind":"building","osmId":"relation/13240995","source":"OpenStreetMap","sourceUrl":"https://www.openstreetmap.org/relation/13240995","inHistoricCore":true},"geometry":{"type":"Polygon","coordinates":[[[119.2912024,26.0848325],[119.2913016,26.0848627],[119.2914162,26.0845579],[119.291317,26.0845277],[119.2912024,26.0848325]],[[119.2912956,26.0846332],[119.2913511,26.0846501],[119.2913572,26.0846338],[119.2913017,26.0846169],[119.2912956,26.0846332]],[[119.2912956,26.0847988],[119.2913038,26.0847768],[119.2912493,26.0847603],[119.291241,26.0847823],[119.2912956,26.0847988]]]}},{"type":"Feature","id":"relation/13240996","properties":{"building":"residential","type":"multipolygon","component":0,"courtyardCount":1,"kind":"building","osmId":"relation/13240996","source":"OpenStreetMap","sourceUrl":"https://www.openstreetmap.org/relation/13240996","inHistoricCore":true},"geometry":{"type":"Polygon","coordinates":[[[119.2914578,26.0844477],[119.2915866,26.0844891],[119.2916671,26.0842874],[119.2915383,26.0842459],[119.2914578,26.0844477]],[[119.29161,26.0843324],[119.2916292,26.0842844],[119.2915725,26.0842661],[119.2915533,26.0843141],[119.29161,26.0843324]]]}},{"type":"Feature","id":"relation/13240997","properties":{"building":"residential","type":"multipolygon","component":0,"courtyardCount":1,"kind":"building","osmId":"relation/13240997","source":"OpenStreetMap","sourceUrl":"https://www.openstreetmap.org/relation/13240997","inHistoricCore":true},"geometry":{"type":"Polygon","coordinates":[[[119.2913861,26.0846579],[119.2915302,26.0846941],[119.2915932,26.0844917],[119.2914491,26.0844555],[119.2913861,26.0846579]],[[119.2915463,26.0845332],[119.2915582,26.0844952],[119.2914793,26.0844754],[119.2914675,26.0845134],[119.2915463,26.0845332]]]}},{"type":"Feature","id":"relation/13240998","properties":{"building":"residential","type":"multipolygon","component":0,"courtyardCount":1,"kind":"building","osmId":"relation/13240998","source":"OpenStreetMap","sourceUrl":"https://www.openstreetmap.org/relation/13240998","inHistoricCore":true},"geometry":{"type":"Polygon","coordinates":[[[119.291309,26.0848633],[119.2914516,26.0849037],[119.291522,26.0847031],[119.2913794,26.0846627],[119.291309,26.0848633]],[[119.2913606,26.0847964],[119.2913517,26.0848217],[119.2914431,26.0848476],[119.291452,26.0848223],[119.2913606,26.0847964]]]}},{"type":"Feature","id":"relation/13240999","properties":{"building":"residential","type":"multipolygon","component":0,"courtyardCount":1,"kind":"building","osmId":"relation/13240999","source":"OpenStreetMap","sourceUrl":"https://www.openstreetmap.org/relation/13240999","inHistoricCore":true},"geometry":{"type":"Polygon","coordinates":[[[119.2918152,26.0843718],[119.2916791,26.0843345],[119.2916211,26.084505],[119.2917572,26.0845424],[119.2918152,26.0843718]],[[119.2916724,26.084476],[119.2917304,26.0844919],[119.2917395,26.0844652],[119.2916815,26.0844493],[119.2916724,26.084476]]]}},{"type":"Feature","id":"relation/13241000","properties":{"building":"residential","type":"multipolygon","component":0,"courtyardCount":1,"kind":"building","osmId":"relation/13241000","source":"OpenStreetMap","sourceUrl":"https://www.openstreetmap.org/relation/13241000","inHistoricCore":true},"geometry":{"type":"Polygon","coordinates":[[[119.2916268,26.0845164],[119.2915949,26.0846406],[119.2918162,26.0846864],[119.2918481,26.0845621],[119.2916268,26.0845164]],[[119.2917891,26.0846579],[119.2918084,26.0845827],[119.2916449,26.0845489],[119.2916256,26.0846241],[119.2917891,26.0846579]]]}},{"type":"Feature","id":"relation/13251175","properties":{"building":"residential","type":"multipolygon","component":0,"courtyardCount":1,"kind":"building","osmId":"relation/13251175","source":"OpenStreetMap","sourceUrl":"https://www.openstreetmap.org/relation/13251175","inHistoricCore":true},"geometry":{"type":"Polygon","coordinates":[[[119.28965,26.0860678],[119.2897558,26.0860742],[119.2897674,26.0859214],[119.2896616,26.0859149],[119.28965,26.0860678]],[[119.2897432,26.0859473],[119.2897448,26.0859264],[119.2896829,26.0859226],[119.2896813,26.0859435],[119.2897432,26.0859473]]]}},{"type":"Feature","id":"relation/13251176","properties":{"building":"residential","type":"multipolygon","component":0,"courtyardCount":2,"kind":"building","osmId":"relation/13251176","source":"OpenStreetMap","sourceUrl":"https://www.openstreetmap.org/relation/13251176","inHistoricCore":true},"geometry":{"type":"Polygon","coordinates":[[[119.2904138,26.085286],[119.2905506,26.0853099],[119.2906446,26.0847813],[119.2905271,26.0847609],[119.2904138,26.085286]],[[119.29057,26.0849452],[119.290578,26.084908],[119.2905284,26.0848994],[119.2905204,26.0849365],[119.29057,26.0849452]],[[119.2905499,26.0851343],[119.290559,26.0850919],[119.2904842,26.0850789],[119.290475,26.0851212],[119.2905499,26.0851343]]]}},{"type":"Feature","id":"relation/13251177","properties":{"building":"residential","type":"multipolygon","component":0,"courtyardCount":1,"kind":"building","osmId":"relation/13251177","source":"OpenStreetMap","sourceUrl":"https://www.openstreetmap.org/relation/13251177","inHistoricCore":true},"geometry":{"type":"Polygon","coordinates":[[[119.2898104,26.0859229],[119.2898641,26.0859269],[119.2898648,26.0858543],[119.2898108,26.0858539],[119.2898104,26.0859229]],[[119.2898463,26.0858738],[119.2898465,26.0858577],[119.2898282,26.0858575],[119.2898281,26.0858736],[119.2898463,26.0858738]]]}},{"type":"Feature","id":"relation/13251178","properties":{"building":"residential","type":"multipolygon","component":0,"courtyardCount":1,"kind":"building","osmId":"relation/13251178","source":"OpenStreetMap","sourceUrl":"https://www.openstreetmap.org/relation/13251178","inHistoricCore":true},"geometry":{"type":"Polygon","coordinates":[[[119.2898683,26.0859274],[119.289921,26.0859333],[119.289923,26.0858553],[119.289869,26.0858549],[119.2898683,26.0859274]],[[119.2899045,26.0858747],[119.2899046,26.0858586],[119.2898864,26.0858585],[119.2898862,26.0858746],[119.2899045,26.0858747]]]}},{"type":"Feature","id":"relation/13251179","properties":{"building":"residential","type":"multipolygon","component":0,"courtyardCount":4,"kind":"building","osmId":"relation/13251179","source":"OpenStreetMap","sourceUrl":"https://www.openstreetmap.org/relation/13251179","inHistoricCore":true},"geometry":{"type":"Polygon","coordinates":[[[119.2902763,26.0859112],[119.2904327,26.0859308],[119.2904694,26.085695],[119.290313,26.0856753],[119.2902763,26.0859112]],[[119.2903977,26.085916],[119.2904266,26.0859196],[119.2904319,26.0858859],[119.2904029,26.0858822],[119.2903977,26.085916]],[[119.2903642,26.0858558],[119.2903681,26.0858306],[119.2903239,26.0858251],[119.29032,26.0858502],[119.2903642,26.0858558]],[[119.290338,26.0857094],[119.2903974,26.0857169],[119.290401,26.0856938],[119.2903416,26.0856863],[119.290338,26.0857094]],[[119.2904292,26.0857245],[119.2904551,26.0857277],[119.2904594,26.0857004],[119.2904335,26.0856971],[119.2904292,26.0857245]]]}},{"type":"Feature","id":"relation/13251180","properties":{"building":"residential","type":"multipolygon","component":0,"courtyardCount":7,"kind":"building","osmId":"relation/13251180","source":"OpenStreetMap","sourceUrl":"https://www.openstreetmap.org/relation/13251180","inHistoricCore":true},"geometry":{"type":"Polygon","coordinates":[[[119.2902187,26.0862822],[119.2903756,26.0863019],[119.2904319,26.0859399],[119.290275,26.0859202],[119.2902187,26.0862822]],[[119.2903735,26.0860111],[119.2903766,26.0859916],[119.290273,26.0859786],[119.2902699,26.0859981],[119.2903735,26.0860111]],[[119.2903829,26.086016],[119.2904102,26.0860194],[119.2904138,26.0859961],[119.2903866,26.0859927],[119.2903829,26.086016]],[[119.2903789,26.0861202],[119.2903922,26.0861218],[119.2903984,26.0860822],[119.2903851,26.0860805],[119.2903789,26.0861202]],[[119.2903461,26.0862779],[119.2903439,26.0862916],[119.2903695,26.0862948],[119.2903716,26.0862812],[119.2903461,26.0862779]],[[119.2903487,26.0862653],[119.2903725,26.0862683],[119.2903762,26.0862442],[119.2903525,26.0862412],[119.2903487,26.0862653]],[[119.2902528,26.0862623],[119.2903125,26.0862698],[119.2903172,26.0862394],[119.2902576,26.0862319],[119.2902528,26.0862623]],[[119.290279,26.0860906],[119.2903281,26.0860968],[119.2903306,26.0860804],[119.2902816,26.0860742],[119.290279,26.0860906]]]}},{"type":"Feature","id":"relation/13251181","properties":{"building":"residential","type":"multipolygon","component":0,"courtyardCount":1,"kind":"building","osmId":"relation/13251181","source":"OpenStreetMap","sourceUrl":"https://www.openstreetmap.org/relation/13251181","inHistoricCore":true},"geometry":{"type":"Polygon","coordinates":[[[119.290165,26.0857654],[119.2901348,26.0859595],[119.2902582,26.085975],[119.2902884,26.0857809],[119.290165,26.0857654]],[[119.2901985,26.0858528],[119.2902297,26.0858567],[119.2902334,26.0858329],[119.2902022,26.085829],[119.2901985,26.0858528]]]}},{"type":"Feature","id":"relation/13251182","properties":{"building":"residential","type":"multipolygon","component":0,"courtyardCount":4,"kind":"building","osmId":"relation/13251182","source":"OpenStreetMap","sourceUrl":"https://www.openstreetmap.org/relation/13251182","inHistoricCore":true},"geometry":{"type":"Polygon","coordinates":[[[119.2900899,26.0862683],[119.2902107,26.0862835],[119.2902575,26.0859822],[119.2901368,26.0859671],[119.2900899,26.0862683]],[[119.2901771,26.0862358],[119.2902106,26.08624],[119.2902126,26.0862267],[119.2901791,26.0862225],[119.2901771,26.0862358]],[[119.2901033,26.0862261],[119.2901436,26.0862312],[119.2901456,26.0862189],[119.2901052,26.0862139],[119.2901033,26.0862261]],[[119.2901261,26.0861864],[119.2902031,26.0861961],[119.2902073,26.0861695],[119.2901302,26.0861599],[119.2901261,26.0861864]],[[119.2901576,26.0860045],[119.2902223,26.0860126],[119.2902254,26.0859931],[119.2901607,26.085985],[119.2901576,26.0860045]]]}},{"type":"Feature","id":"relation/13251183","properties":{"building":"residential","type":"multipolygon","component":0,"courtyardCount":2,"kind":"building","osmId":"relation/13251183","source":"OpenStreetMap","sourceUrl":"https://www.openstreetmap.org/relation/13251183","inHistoricCore":true},"geometry":{"type":"Polygon","coordinates":[[[119.2899243,26.0859353],[119.290057,26.0859519],[119.2900953,26.0857058],[119.2899626,26.0856891],[119.2899243,26.0859353]],[[119.2899759,26.0857636],[119.290053,26.0857733],[119.2900611,26.0857215],[119.289984,26.0857118],[119.2899759,26.0857636]],[[119.2900168,26.0859395],[119.2900199,26.0859193],[119.2899645,26.0859124],[119.2899614,26.0859325],[119.2900168,26.0859395]]]}},{"type":"Feature","id":"relation/13251184","properties":{"building":"residential","type":"multipolygon","component":0,"courtyardCount":2,"kind":"building","osmId":"relation/13251184","source":"OpenStreetMap","sourceUrl":"https://www.openstreetmap.org/relation/13251184","inHistoricCore":true},"geometry":{"type":"Polygon","coordinates":[[[119.2899612,26.0856335],[119.2898418,26.0856191],[119.289809,26.0858377],[119.2899283,26.0858521],[119.2899612,26.0856335]],[[119.2899068,26.085819],[119.2898451,26.0858115],[119.2898418,26.0858335],[119.2899036,26.085841],[119.2899068,26.085819]],[[119.28987,26.0856667],[119.2898645,26.0857031],[119.2899169,26.0857094],[119.2899224,26.085673],[119.28987,26.0856667]]]}},{"type":"Feature","id":"relation/13251185","properties":{"building":"residential","type":"multipolygon","component":0,"courtyardCount":4,"kind":"building","osmId":"relation/13251185","source":"OpenStreetMap","sourceUrl":"https://www.openstreetmap.org/relation/13251185","inHistoricCore":true},"geometry":{"type":"Polygon","coordinates":[[[119.2899665,26.086246],[119.2900833,26.0862607],[119.2901288,26.0859684],[119.290012,26.0859537],[119.2899665,26.086246]],[[119.2899893,26.0861996],[119.2900101,26.0862023],[119.2900155,26.0861677],[119.2899947,26.0861651],[119.2899893,26.0861996]],[[119.2900597,26.0862105],[119.2900813,26.0862132],[119.2900872,26.086175],[119.2900657,26.0861723],[119.2900597,26.0862105]],[[119.2900041,26.0860599],[119.2901033,26.0860724],[119.290106,26.0860551],[119.2900068,26.0860427],[119.2900041,26.0860599]],[[119.2900363,26.0859919],[119.2900956,26.0859993],[119.2901,26.0859714],[119.2900406,26.0859639],[119.2900363,26.0859919]]]}},{"type":"Feature","id":"relation/13251186","properties":{"building":"residential","type":"multipolygon","component":0,"courtyardCount":3,"kind":"building","osmId":"relation/13251186","source":"OpenStreetMap","sourceUrl":"https://www.openstreetmap.org/relation/13251186","inHistoricCore":true},"geometry":{"type":"Polygon","coordinates":[[[119.2898431,26.0862255],[119.2899667,26.0862333],[119.2900056,26.0859526],[119.2898653,26.0859401],[119.2898431,26.0862255]],[[119.2898633,26.0861918],[119.2899478,26.0861971],[119.2899498,26.0861713],[119.2898653,26.0861661],[119.2898633,26.0861918]],[[119.2899632,26.0860346],[119.2899899,26.0860363],[119.2899927,26.0860003],[119.289966,26.0859986],[119.2899632,26.0860346]],[[119.2898941,26.0860304],[119.2898967,26.0859963],[119.289874,26.0859949],[119.2898713,26.086029],[119.2898941,26.0860304]]]}},{"type":"Feature","id":"relation/13251187","properties":{"building":"residential","type":"multipolygon","component":0,"courtyardCount":2,"kind":"building","osmId":"relation/13251187","source":"OpenStreetMap","sourceUrl":"https://www.openstreetmap.org/relation/13251187","inHistoricCore":true},"geometry":{"type":"Polygon","coordinates":[[[119.2893972,26.086181],[119.2896155,26.0862038],[119.2896373,26.0860354],[119.289419,26.0860126],[119.2893972,26.086181]],[[119.2895608,26.0860443],[119.2895622,26.0860338],[119.2894717,26.0860244],[119.2894703,26.0860348],[119.2895608,26.0860443]],[[119.2894918,26.0861491],[119.2894872,26.0861841],[119.289538,26.0861894],[119.2895426,26.0861544],[119.2894918,26.0861491]]]}},{"type":"Feature","id":"relation/13251188","properties":{"building":"residential","type":"multipolygon","component":0,"courtyardCount":1,"kind":"building","osmId":"relation/13251188","source":"OpenStreetMap","sourceUrl":"https://www.openstreetmap.org/relation/13251188","inHistoricCore":true},"geometry":{"type":"Polygon","coordinates":[[[119.289471,26.0859118],[119.2896035,26.0859353],[119.2896183,26.085789],[119.2895025,26.0857684],[119.289471,26.0859118]],[[119.289526,26.08581],[119.2895746,26.0858186],[119.2895803,26.0857925],[119.2895317,26.0857839],[119.289526,26.08581]]]}},{"type":"Feature","id":"relation/13251189","properties":{"building":"residential","type":"multipolygon","component":0,"courtyardCount":2,"kind":"building","osmId":"relation/13251189","source":"OpenStreetMap","sourceUrl":"https://www.openstreetmap.org/relation/13251189","inHistoricCore":true},"geometry":{"type":"Polygon","coordinates":[[[119.2893101,26.0859834],[119.2894383,26.0860075],[119.2894946,26.0857654],[119.2893664,26.0857413],[119.2893101,26.0859834]],[[119.2894066,26.0859726],[119.2893543,26.0859628],[119.2893496,26.0859828],[119.2894019,26.0859927],[119.2894066,26.0859726]],[[119.2893811,26.0857859],[119.2893734,26.085819],[119.2894536,26.0858341],[119.2894613,26.0858009],[119.2893811,26.0857859]]]}},{"type":"Feature","id":"relation/13251190","properties":{"building":"residential","type":"multipolygon","component":0,"courtyardCount":1,"kind":"building","osmId":"relation/13251190","source":"OpenStreetMap","sourceUrl":"https://www.openstreetmap.org/relation/13251190","inHistoricCore":true},"geometry":{"type":"Polygon","coordinates":[[[119.2888004,26.0860949],[119.2888584,26.0861057],[119.2888876,26.0859804],[119.2888296,26.0859695],[119.2888004,26.0860949]],[[119.2888239,26.086037],[119.2888653,26.0860448],[119.2888708,26.0860208],[119.2888295,26.086013],[119.2888239,26.086037]]]}},{"type":"Feature","id":"relation/13251191","properties":{"building":"residential","type":"multipolygon","component":0,"courtyardCount":1,"kind":"building","osmId":"relation/13251191","source":"OpenStreetMap","sourceUrl":"https://www.openstreetmap.org/relation/13251191","inHistoricCore":true},"geometry":{"type":"Polygon","coordinates":[[[119.2886388,26.0860491],[119.2887394,26.0860718],[119.2887642,26.0859833],[119.2886636,26.0859606],[119.2886388,26.0860491]],[[119.288726,26.0860021],[119.2887315,26.0859823],[119.2886938,26.0859738],[119.2886883,26.0859936],[119.288726,26.0860021]]]}},{"type":"Feature","id":"relation/13251192","properties":{"building":"residential","type":"multipolygon","component":0,"courtyardCount":1,"kind":"building","osmId":"relation/13251192","source":"OpenStreetMap","sourceUrl":"https://www.openstreetmap.org/relation/13251192","inHistoricCore":true},"geometry":{"type":"Polygon","coordinates":[[[119.2886046,26.0862334],[119.2887131,26.0862454],[119.2887352,26.0860846],[119.2886268,26.0860726],[119.2886046,26.0862334]],[[119.288661,26.0861015],[119.288698,26.0861056],[119.2887005,26.086087],[119.2886635,26.0860829],[119.288661,26.0861015]]]}},{"type":"Feature","id":"relation/13251193","properties":{"building":"residential","type":"multipolygon","component":0,"courtyardCount":1,"kind":"building","osmId":"relation/13251193","source":"OpenStreetMap","sourceUrl":"https://www.openstreetmap.org/relation/13251193","inHistoricCore":true},"geometry":{"type":"Polygon","coordinates":[[[119.2885745,26.0861535],[119.2885807,26.0859499],[119.2883773,26.0859449],[119.2883469,26.0861479],[119.2885745,26.0861535]],[[119.2885235,26.0859871],[119.2885229,26.0860065],[119.2885645,26.0860075],[119.2885651,26.0859881],[119.2885235,26.0859871]]]}},{"type":"Feature","id":"relation/13251194","properties":{"building":"residential","type":"multipolygon","component":0,"courtyardCount":1,"kind":"building","osmId":"relation/13251194","source":"OpenStreetMap","sourceUrl":"https://www.openstreetmap.org/relation/13251194","inHistoricCore":true},"geometry":{"type":"Polygon","coordinates":[[[119.2890841,26.0859419],[119.2892201,26.0859674],[119.2892745,26.0857335],[119.2891385,26.085708],[119.2890841,26.0859419]],[[119.2891994,26.0858726],[119.2892127,26.0858155],[119.2891545,26.0858046],[119.2891412,26.0858617],[119.2891994,26.0858726]]]}},{"type":"Feature","id":"relation/13255132","properties":{"building":"residential","type":"multipolygon","component":0,"courtyardCount":1,"kind":"building","osmId":"relation/13255132","source":"OpenStreetMap","sourceUrl":"https://www.openstreetmap.org/relation/13255132","inHistoricCore":true},"geometry":{"type":"Polygon","coordinates":[[[119.2904339,26.0845001],[119.2904735,26.0843188],[119.2903541,26.0842978],[119.2903145,26.0844791],[119.2903461,26.0844846],[119.2903377,26.0845234],[119.2903903,26.0845326],[119.2903988,26.0844939],[119.2904339,26.0845001]],[[119.2903702,26.0844465],[119.2903658,26.0844668],[119.290391,26.0844712],[119.2903954,26.0844509],[119.2903702,26.0844465]]]}},{"type":"Feature","id":"relation/13255133","properties":{"building":"residential","type":"multipolygon","component":0,"courtyardCount":2,"kind":"building","osmId":"relation/13255133","source":"OpenStreetMap","sourceUrl":"https://www.openstreetmap.org/relation/13255133","inHistoricCore":true},"geometry":{"type":"Polygon","coordinates":[[[119.2889768,26.0852457],[119.289274,26.0853013],[119.2893624,26.0849205],[119.2890652,26.0848648],[119.2889768,26.0852457]],[[119.2891075,26.0850277],[119.2892512,26.0850546],[119.2892718,26.0849656],[119.2891282,26.0849387],[119.2891075,26.0850277]],[[119.2892168,26.0852035],[119.2892262,26.0851632],[119.2890814,26.0851361],[119.289072,26.0851764],[119.2892168,26.0852035]]]}},{"type":"Feature","id":"relation/13255134","properties":{"building":"residential","type":"multipolygon","component":0,"courtyardCount":1,"kind":"building","osmId":"relation/13255134","source":"OpenStreetMap","sourceUrl":"https://www.openstreetmap.org/relation/13255134","inHistoricCore":true},"geometry":{"type":"Polygon","coordinates":[[[119.2898036,26.0832227],[119.290102,26.0833058],[119.2901953,26.0830355],[119.2898693,26.0829448],[119.2897818,26.0831983],[119.2898094,26.083206],[119.2898036,26.0832227]],[[119.2900658,26.0832552],[119.2900555,26.083285],[119.290098,26.0832968],[119.2901082,26.0832671],[119.2900658,26.0832552]]]}},{"type":"Feature","id":"relation/13255135","properties":{"building":"residential","type":"multipolygon","component":0,"courtyardCount":1,"kind":"building","osmId":"relation/13255135","source":"OpenStreetMap","sourceUrl":"https://www.openstreetmap.org/relation/13255135","inHistoricCore":true},"geometry":{"type":"Polygon","coordinates":[[[119.290275,26.0835702],[119.2903903,26.0836051],[119.2904363,26.0834825],[119.290321,26.0834476],[119.290275,26.0835702]],[[119.2903192,26.0835521],[119.2903111,26.0835738],[119.2903668,26.0835907],[119.290375,26.083569],[119.2903192,26.0835521]]]}},{"type":"Feature","id":"relation/13255136","properties":{"building":"residential","type":"multipolygon","component":0,"courtyardCount":1,"kind":"building","osmId":"relation/13255136","source":"OpenStreetMap","sourceUrl":"https://www.openstreetmap.org/relation/13255136","inHistoricCore":true},"geometry":{"type":"Polygon","coordinates":[[[119.29046,26.0839117],[119.290634,26.0839561],[119.2907068,26.0837262],[119.2905328,26.0836818],[119.29046,26.0839117]],[[119.2906203,26.0839039],[119.2906352,26.0838568],[119.290513,26.0838256],[119.2904981,26.0838727],[119.2906203,26.0839039]]]}},{"type":"Feature","id":"relation/13255137","properties":{"building":"residential","type":"multipolygon","component":0,"courtyardCount":1,"kind":"building","osmId":"relation/13255137","source":"OpenStreetMap","sourceUrl":"https://www.openstreetmap.org/relation/13255137","inHistoricCore":true},"geometry":{"type":"Polygon","coordinates":[[[119.290458,26.0839027],[119.2905151,26.0837224],[119.2904473,26.0837051],[119.2903903,26.0838853],[119.290458,26.0839027]],[[119.2904272,26.0838352],[119.2904552,26.0838424],[119.2904621,26.0838208],[119.290434,26.0838136],[119.2904272,26.0838352]]]}},{"type":"Feature","id":"relation/13255138","properties":{"building":"residential","type":"multipolygon","component":0,"courtyardCount":2,"kind":"building","osmId":"relation/13255138","source":"OpenStreetMap","sourceUrl":"https://www.openstreetmap.org/relation/13255138","inHistoricCore":true},"geometry":{"type":"Polygon","coordinates":[[[119.2902803,26.0838485],[119.2903854,26.0838753],[119.2904446,26.0836883],[119.2903396,26.0836614],[119.2902803,26.0838485]],[[119.2903186,26.0838232],[119.2903105,26.0838488],[119.2903541,26.0838599],[119.2903622,26.0838343],[119.2903186,26.0838232]],[[119.2903943,26.083731],[119.2903491,26.0837195],[119.290342,26.0837419],[119.2903872,26.0837534],[119.2903943,26.083731]]]}},{"type":"Feature","id":"relation/13255139","properties":{"building":"residential","type":"multipolygon","component":0,"courtyardCount":2,"kind":"building","osmId":"relation/13255139","source":"OpenStreetMap","sourceUrl":"https://www.openstreetmap.org/relation/13255139","inHistoricCore":true},"geometry":{"type":"Polygon","coordinates":[[[119.2902743,26.0838448],[119.290334,26.0836563],[119.2902366,26.0836315],[119.2901769,26.08382],[119.2902743,26.0838448]],[[119.2902166,26.0837894],[119.2902066,26.083821],[119.2902435,26.0838304],[119.2902535,26.0837988],[119.2902166,26.0837894]],[[119.2902844,26.0837021],[119.2902989,26.0836562],[119.2902663,26.0836479],[119.2902517,26.0836938],[119.2902844,26.0837021]]]}},{"type":"Feature","id":"relation/13255140","properties":{"building":"residential","type":"multipolygon","component":0,"courtyardCount":2,"kind":"building","osmId":"relation/13255140","source":"OpenStreetMap","sourceUrl":"https://www.openstreetmap.org/relation/13255140","inHistoricCore":true},"geometry":{"type":"Polygon","coordinates":[[[119.2895253,26.0836961],[119.2897318,26.0837322],[119.2897771,26.0835236],[119.2895705,26.0834875],[119.2895253,26.0836961]],[[119.2896078,26.0835624],[119.2896127,26.0835395],[119.2895716,26.0835323],[119.2895666,26.0835552],[119.2896078,26.0835624]],[[119.289709,26.0835786],[119.289755,26.0835867],[119.28976,26.0835636],[119.289714,26.0835555],[119.289709,26.0835786]]]}},{"type":"Feature","id":"relation/13255141","properties":{"building":"residential","type":"multipolygon","component":0,"courtyardCount":1,"kind":"building","osmId":"relation/13255141","source":"OpenStreetMap","sourceUrl":"https://www.openstreetmap.org/relation/13255141","inHistoricCore":true},"geometry":{"type":"Polygon","coordinates":[[[119.2898069,26.0837003],[119.2899116,26.083716],[119.2899464,26.0835287],[119.2898417,26.083513],[119.2898069,26.0837003]],[[119.2898901,26.0836967],[119.2898945,26.0836731],[119.2898391,26.0836648],[119.2898347,26.0836884],[119.2898901,26.0836967]]]}},{"type":"Feature","id":"relation/13255142","properties":{"building":"residential","type":"multipolygon","component":0,"courtyardCount":1,"kind":"building","osmId":"relation/13255142","source":"OpenStreetMap","sourceUrl":"https://www.openstreetmap.org/relation/13255142","inHistoricCore":true},"geometry":{"type":"Polygon","coordinates":[[[119.2899122,26.0837738],[119.2900207,26.08379],[119.2900767,26.0836524],[119.2899386,26.0836318],[119.2899122,26.0837738]],[[119.2900034,26.0837497],[119.2899468,26.0837412],[119.2899437,26.0837575],[119.2900004,26.083766],[119.2900034,26.0837497]]]}},{"type":"Feature","id":"relation/13255143","properties":{"building":"residential","type":"multipolygon","component":0,"courtyardCount":4,"kind":"building","osmId":"relation/13255143","source":"OpenStreetMap","sourceUrl":"https://www.openstreetmap.org/relation/13255143","inHistoricCore":true},"geometry":{"type":"Polygon","coordinates":[[[119.2900342,26.0837876],[119.2901423,26.0838169],[119.2902281,26.0835616],[119.2901201,26.0835323],[119.2900342,26.0837876]],[[119.2901137,26.0837217],[119.2901215,26.0836985],[119.2900872,26.0836892],[119.2900794,26.0837124],[119.2901137,26.0837217]],[[119.2901442,26.0837304],[119.2901631,26.0837355],[119.2901714,26.0837108],[119.2901525,26.0837057],[119.2901442,26.0837304]],[[119.2901861,26.0836115],[119.2902055,26.0836167],[119.290216,26.0835856],[119.2901966,26.0835803],[119.2901861,26.0836115]],[[119.2901211,26.083591],[119.2901555,26.0836003],[119.2901677,26.0835642],[119.2901332,26.0835548],[119.2901211,26.083591]]]}},{"type":"Feature","id":"relation/13255144","properties":{"building":"residential","type":"multipolygon","component":0,"courtyardCount":6,"kind":"building","osmId":"relation/13255144","source":"OpenStreetMap","sourceUrl":"https://www.openstreetmap.org/relation/13255144","inHistoricCore":true},"geometry":{"type":"Polygon","coordinates":[[[119.2901154,26.0834305],[119.2902688,26.0834785],[119.2904304,26.0830874],[119.2902683,26.0830366],[119.2901154,26.0834305]],[[119.2902609,26.0831974],[119.2903268,26.083218],[119.2903373,26.0831908],[119.2902715,26.0831702],[119.2902609,26.0831974]],[[119.2903199,26.0832516],[119.2903287,26.0832289],[119.2902166,26.0831938],[119.2902078,26.0832165],[119.2903199,26.0832516]],[[119.2901918,26.0833516],[119.2902365,26.0833656],[119.2902421,26.083351],[119.2901975,26.083337],[119.2901918,26.0833516]],[[119.2902723,26.0833781],[119.2903019,26.0833874],[119.2903072,26.0833739],[119.2902775,26.0833646],[119.2902723,26.0833781]],[[119.2903206,26.0832793],[119.2903409,26.0832857],[119.2903474,26.0832691],[119.290327,26.0832627],[119.2903206,26.0832793]],[[119.2903467,26.0831998],[119.2903745,26.0832085],[119.2903856,26.0831799],[119.2903578,26.0831712],[119.2903467,26.0831998]]]}},{"type":"Feature","id":"relation/13255145","properties":{"building":"residential","type":"multipolygon","component":0,"courtyardCount":2,"kind":"building","osmId":"relation/13255145","source":"OpenStreetMap","sourceUrl":"https://www.openstreetmap.org/relation/13255145","inHistoricCore":true},"geometry":{"type":"Polygon","coordinates":[[[119.2896876,26.0830601],[119.2897973,26.0830907],[119.2899813,26.0825578],[119.2898716,26.0825273],[119.2896876,26.0830601]],[[119.2897526,26.0829806],[119.2898197,26.0829993],[119.2898291,26.0829722],[119.289762,26.0829535],[119.2897526,26.0829806]],[[119.2897801,26.0828282],[119.2898675,26.0828526],[119.2898753,26.08283],[119.2897879,26.0828057],[119.2897801,26.0828282]]]}},{"type":"Feature","id":"relation/13255146","properties":{"building":"residential","type":"multipolygon","component":0,"courtyardCount":1,"kind":"building","osmId":"relation/13255146","source":"OpenStreetMap","sourceUrl":"https://www.openstreetmap.org/relation/13255146","inHistoricCore":true},"geometry":{"type":"Polygon","coordinates":[[[119.2906237,26.0832607],[119.2907939,26.0833081],[119.2908777,26.0830654],[119.2907075,26.0830179],[119.2906237,26.0832607]],[[119.2908248,26.0831137],[119.2908411,26.0830665],[119.2908094,26.0830577],[119.2907931,26.0831049],[119.2908248,26.0831137]]]}},{"type":"Feature","id":"relation/13255147","properties":{"building":"residential","type":"multipolygon","component":0,"courtyardCount":1,"kind":"building","osmId":"relation/13255147","source":"OpenStreetMap","sourceUrl":"https://www.openstreetmap.org/relation/13255147","inHistoricCore":true},"geometry":{"type":"Polygon","coordinates":[[[119.2908872,26.0830607],[119.2910562,26.0831078],[119.2911326,26.0828866],[119.2909636,26.0828396],[119.2908872,26.0830607]],[[119.291081,26.0829306],[119.2910931,26.0828955],[119.2909965,26.0828686],[119.2909844,26.0829037],[119.291081,26.0829306]]]}},{"type":"Feature","id":"relation/13255148","properties":{"building":"residential","type":"multipolygon","component":0,"courtyardCount":2,"kind":"building","osmId":"relation/13255148","source":"OpenStreetMap","sourceUrl":"https://www.openstreetmap.org/relation/13255148","inHistoricCore":true},"geometry":{"type":"Polygon","coordinates":[[[119.2908148,26.0832974],[119.2909693,26.0833404],[119.2910468,26.0831161],[119.2908922,26.0830731],[119.2908148,26.0832974]],[[119.2909234,26.083145],[119.2909359,26.0831089],[119.290912,26.0831023],[119.2908995,26.0831384],[119.2909234,26.083145]],[[119.2909677,26.0831577],[119.2909969,26.0831658],[119.2910099,26.0831282],[119.2909807,26.08312],[119.2909677,26.0831577]]]}},{"type":"Feature","id":"relation/13255149","properties":{"building":"residential","type":"multipolygon","component":0,"courtyardCount":1,"kind":"building","osmId":"relation/13255149","source":"OpenStreetMap","sourceUrl":"https://www.openstreetmap.org/relation/13255149","inHistoricCore":true},"geometry":{"type":"Polygon","coordinates":[[[119.2911829,26.0831065],[119.29129,26.083139],[119.2913257,26.0830438],[119.2912187,26.0830114],[119.2911829,26.0831065]],[[119.2912567,26.083092],[119.2912355,26.0830856],[119.2912258,26.0831113],[119.291247,26.0831177],[119.2912567,26.083092]]]}},{"type":"Feature","id":"relation/13255150","properties":{"building":"residential","type":"multipolygon","component":0,"courtyardCount":2,"kind":"building","osmId":"relation/13255150","source":"OpenStreetMap","sourceUrl":"https://www.openstreetmap.org/relation/13255150","inHistoricCore":true},"geometry":{"type":"Polygon","coordinates":[[[119.2909958,26.0834702],[119.2911213,26.0835066],[119.2911791,26.0833454],[119.2912027,26.0833523],[119.2912591,26.0831951],[119.2912356,26.0831883],[119.2912541,26.0831368],[119.2911286,26.0831005],[119.2909958,26.0834702]],[[119.2912017,26.0831757],[119.2912112,26.0831491],[119.2911494,26.0831312],[119.2911398,26.0831578],[119.2912017,26.0831757]],[[119.2910796,26.0833221],[119.2910664,26.0833591],[119.2911319,26.0833781],[119.2911452,26.0833411],[119.2910796,26.0833221]]]}},{"type":"Feature","id":"relation/13255151","properties":{"building":"residential","type":"multipolygon","component":0,"courtyardCount":1,"kind":"building","osmId":"relation/13255151","source":"OpenStreetMap","sourceUrl":"https://www.openstreetmap.org/relation/13255151","inHistoricCore":true},"geometry":{"type":"Polygon","coordinates":[[[119.2910146,26.0832378],[119.2910672,26.0832537],[119.2911272,26.0830944],[119.2911657,26.0831061],[119.291191,26.083039],[119.2910998,26.0830113],[119.2910146,26.0832378]],[[119.2910609,26.0831649],[119.291086,26.0831725],[119.2911011,26.0831324],[119.291076,26.0831247],[119.2910609,26.0831649]]]}},{"type":"Feature","id":"relation/13255152","properties":{"building":"residential","type":"multipolygon","component":0,"courtyardCount":2,"kind":"building","osmId":"relation/13255152","source":"OpenStreetMap","sourceUrl":"https://www.openstreetmap.org/relation/13255152","inHistoricCore":true},"geometry":{"type":"Polygon","coordinates":[[[119.2893268,26.083984],[119.2893517,26.0839885],[119.2893455,26.084016],[119.2895298,26.0840495],[119.2895872,26.0837944],[119.2895244,26.083783],[119.2895344,26.0837385],[119.2894587,26.0837248],[119.2894487,26.0837693],[119.289378,26.0837565],[119.2893268,26.083984]],[[119.2894287,26.0839611],[119.2894346,26.083935],[119.2893892,26.0839268],[119.2893833,26.0839528],[119.2894287,26.0839611]],[[119.2894991,26.083946],[119.2894951,26.0839639],[119.289536,26.0839713],[119.28954,26.0839534],[119.2894991,26.083946]]]}},{"type":"Feature","id":"relation/13255153","properties":{"building":"residential","type":"multipolygon","component":0,"courtyardCount":2,"kind":"building","osmId":"relation/13255153","source":"OpenStreetMap","sourceUrl":"https://www.openstreetmap.org/relation/13255153","inHistoricCore":true},"geometry":{"type":"Polygon","coordinates":[[[119.289125,26.0842682],[119.2892398,26.0842967],[119.2892961,26.0841136],[119.2891813,26.0840851],[119.289125,26.0842682]],[[119.2892048,26.0841225],[119.2892513,26.084134],[119.2892584,26.084111],[119.2892119,26.0840995],[119.2892048,26.0841225]],[[119.2892162,26.0842634],[119.2892229,26.0842415],[119.2891706,26.0842285],[119.2891638,26.0842504],[119.2892162,26.0842634]]]}},{"type":"Feature","id":"relation/13255154","properties":{"building":"residential","type":"multipolygon","component":0,"courtyardCount":1,"kind":"building","osmId":"relation/13255154","source":"OpenStreetMap","sourceUrl":"https://www.openstreetmap.org/relation/13255154","inHistoricCore":true},"geometry":{"type":"Polygon","coordinates":[[[119.2903471,26.0843085],[119.2903769,26.084191],[119.2902716,26.0841695],[119.2902419,26.084287],[119.2903471,26.0843085]],[[119.2902891,26.0842694],[119.2902841,26.0842892],[119.2903112,26.0842947],[119.2903162,26.084275],[119.2902891,26.0842694]]]}},{"type":"Feature","id":"relation/13255155","properties":{"building":"residential","type":"multipolygon","component":0,"courtyardCount":2,"kind":"building","osmId":"relation/13255155","source":"OpenStreetMap","sourceUrl":"https://www.openstreetmap.org/relation/13255155","inHistoricCore":true},"geometry":{"type":"Polygon","coordinates":[[[119.2898693,26.0842122],[119.2900094,26.0842291],[119.2900398,26.0840259],[119.2898996,26.084009],[119.2898693,26.0842122]],[[119.2899726,26.0841671],[119.2899269,26.0841616],[119.2899223,26.0841923],[119.289968,26.0841978],[119.2899726,26.0841671]],[[119.2899377,26.0840532],[119.2899921,26.0840598],[119.2899967,26.0840291],[119.2899423,26.0840226],[119.2899377,26.0840532]]]}},{"type":"Feature","id":"relation/13255156","properties":{"building":"residential","type":"multipolygon","component":0,"courtyardCount":1,"kind":"building","osmId":"relation/13255156","source":"OpenStreetMap","sourceUrl":"https://www.openstreetmap.org/relation/13255156","inHistoricCore":true},"geometry":{"type":"Polygon","coordinates":[[[119.2900758,26.0844375],[119.2901991,26.0844583],[119.2902394,26.0842652],[119.2901162,26.0842444],[119.2900758,26.0844375]],[[119.2901697,26.0844302],[119.2901735,26.0844121],[119.2901167,26.0844025],[119.2901129,26.0844207],[119.2901697,26.0844302]]]}},{"type":"Feature","id":"relation/13255157","properties":{"building":"residential","type":"multipolygon","component":0,"courtyardCount":1,"kind":"building","osmId":"relation/13255157","source":"OpenStreetMap","sourceUrl":"https://www.openstreetmap.org/relation/13255157","inHistoricCore":true},"geometry":{"type":"Polygon","coordinates":[[[119.2903575,26.0842809],[119.2904822,26.0843064],[119.2905211,26.0841528],[119.2903963,26.0841273],[119.2903575,26.0842809]],[[119.290448,26.0842803],[119.2904545,26.0842544],[119.2904044,26.0842441],[119.2903978,26.08427],[119.290448,26.0842803]]]}},{"type":"Feature","id":"relation/13255158","properties":{"building":"residential","type":"multipolygon","component":0,"courtyardCount":1,"kind":"building","osmId":"relation/13255158","source":"OpenStreetMap","sourceUrl":"https://www.openstreetmap.org/relation/13255158","inHistoricCore":true},"geometry":{"type":"Polygon","coordinates":[[[119.2904292,26.0845398],[119.2905373,26.0845625],[119.2905795,26.0843999],[119.2904714,26.0843772],[119.2904292,26.0845398]],[[119.290513,26.0845332],[119.2905252,26.0844863],[119.2904788,26.0844766],[119.2904666,26.0845235],[119.290513,26.0845332]]]}},{"type":"Feature","id":"relation/13255159","properties":{"building":"residential","type":"multipolygon","component":0,"courtyardCount":1,"kind":"building","osmId":"relation/13255159","source":"OpenStreetMap","sourceUrl":"https://www.openstreetmap.org/relation/13255159","inHistoricCore":true},"geometry":{"type":"Polygon","coordinates":[[[119.2902783,26.085053],[119.2901784,26.0850326],[119.2901301,26.085224],[119.2902301,26.0852443],[119.2902783,26.085053]],[[119.2901885,26.0850855],[119.2902426,26.0850965],[119.2902508,26.0850638],[119.2901967,26.0850528],[119.2901885,26.0850855]]]}},{"type":"Feature","id":"relation/13255160","properties":{"building":"residential","type":"multipolygon","component":0,"courtyardCount":2,"kind":"building","osmId":"relation/13255160","source":"OpenStreetMap","sourceUrl":"https://www.openstreetmap.org/relation/13255160","inHistoricCore":true},"geometry":{"type":"Polygon","coordinates":[[[119.2904976,26.0848572],[119.2903499,26.0848318],[119.2902441,26.0852324],[119.2902386,26.0852584],[119.2902581,26.0852618],[119.2904057,26.0852872],[119.2904976,26.0848572]],[[119.2904024,26.0851246],[119.2904137,26.0850715],[119.2903576,26.0850618],[119.2903463,26.085115],[119.2904024,26.0851246]],[[119.290395,26.0848952],[119.2904471,26.0849041],[119.2904537,26.0848732],[119.2904016,26.0848642],[119.290395,26.0848952]]]}},{"type":"Feature","id":"relation/13255161","properties":{"building":"residential","type":"multipolygon","component":0,"courtyardCount":1,"kind":"building","osmId":"relation/13255161","source":"OpenStreetMap","sourceUrl":"https://www.openstreetmap.org/relation/13255161","inHistoricCore":true},"geometry":{"type":"Polygon","coordinates":[[[119.2903735,26.0848169],[119.2905026,26.0848393],[119.2905432,26.0846511],[119.2904142,26.0846287],[119.2903735,26.0848169]],[[119.2905097,26.0846868],[119.2905165,26.0846549],[119.2904332,26.0846404],[119.2904264,26.0846723],[119.2905097,26.0846868]]]}},{"type":"Feature","id":"relation/13255162","properties":{"building":"residential","type":"multipolygon","component":0,"courtyardCount":1,"kind":"building","osmId":"relation/13255162","source":"OpenStreetMap","sourceUrl":"https://www.openstreetmap.org/relation/13255162","inHistoricCore":true},"geometry":{"type":"Polygon","coordinates":[[[119.2902394,26.0848048],[119.2903563,26.0848286],[119.2904071,26.0846272],[119.2902902,26.0846034],[119.2902394,26.0848048]],[[119.2903548,26.0846796],[119.2903645,26.0846411],[119.2903226,26.0846326],[119.2903129,26.0846711],[119.2903548,26.0846796]]]}},{"type":"Feature","id":"relation/13255163","properties":{"building":"residential","type":"multipolygon","component":0,"courtyardCount":1,"kind":"building","osmId":"relation/13255163","source":"OpenStreetMap","sourceUrl":"https://www.openstreetmap.org/relation/13255163","inHistoricCore":true},"geometry":{"type":"Polygon","coordinates":[[[119.2900249,26.0847536],[119.2900798,26.0845212],[119.2899795,26.084502],[119.2899245,26.0847345],[119.2900249,26.0847536]],[[119.2900342,26.0846049],[119.2900414,26.0845744],[119.2899927,26.0845651],[119.2899855,26.0845956],[119.2900342,26.0846049]]]}},{"type":"Feature","id":"relation/13255164","properties":{"building":"residential","type":"multipolygon","component":0,"courtyardCount":3,"kind":"building","osmId":"relation/13255164","source":"OpenStreetMap","sourceUrl":"https://www.openstreetmap.org/relation/13255164","inHistoricCore":true},"geometry":{"type":"Polygon","coordinates":[[[119.2899746,26.0850656],[119.2901572,26.0851028],[119.2902948,26.0845569],[119.2901122,26.0845197],[119.2899746,26.0850656]],[[119.290167,26.0849687],[119.2901717,26.0849499],[119.2900329,26.0849217],[119.2900282,26.0849404],[119.290167,26.0849687]],[[119.2900758,26.0847826],[119.2901939,26.0848066],[119.2902026,26.0847723],[119.2900845,26.0847483],[119.2900758,26.0847826]],[[119.2902193,26.0846404],[119.2902242,26.0846212],[119.2901442,26.0846049],[119.2901394,26.0846242],[119.2902193,26.0846404]]]}},{"type":"Feature","id":"relation/13255165","properties":{"building":"residential","type":"multipolygon","component":0,"courtyardCount":1,"kind":"building","osmId":"relation/13255165","source":"OpenStreetMap","sourceUrl":"https://www.openstreetmap.org/relation/13255165","inHistoricCore":true},"geometry":{"type":"Polygon","coordinates":[[[119.2895903,26.0849446],[119.2896916,26.0844983],[119.2895517,26.0844727],[119.2894505,26.084919],[119.2895903,26.0849446]],[[119.2895307,26.0847223],[119.2896273,26.08474],[119.2896366,26.0846988],[119.28954,26.0846812],[119.2895307,26.0847223]]]}},{"type":"Feature","id":"relation/13255166","properties":{"building":"residential","type":"multipolygon","component":0,"courtyardCount":2,"kind":"building","osmId":"relation/13255166","source":"OpenStreetMap","sourceUrl":"https://www.openstreetmap.org/relation/13255166","inHistoricCore":true},"geometry":{"type":"Polygon","coordinates":[[[119.2892913,26.0848855],[119.289441,26.0849129],[119.2895414,26.0844706],[119.2893916,26.0844432],[119.2892913,26.0848855]],[[119.289473,26.0847127],[119.2894826,26.0846704],[119.289365,26.0846489],[119.2893554,26.0846912],[119.289473,26.0847127]],[[119.2894207,26.0845019],[119.2894985,26.0845162],[119.2895052,26.0844868],[119.2894273,26.0844726],[119.2894207,26.0845019]]]}},{"type":"Feature","id":"relation/13255167","properties":{"building":"residential","type":"multipolygon","component":0,"courtyardCount":1,"kind":"building","osmId":"relation/13255167","source":"OpenStreetMap","sourceUrl":"https://www.openstreetmap.org/relation/13255167","inHistoricCore":true},"geometry":{"type":"Polygon","coordinates":[[[119.2888205,26.0847404],[119.2889445,26.0847631],[119.2890298,26.0843875],[119.2889058,26.0843648],[119.2888205,26.0847404]],[[119.2889345,26.0846699],[119.2889419,26.0846375],[119.2888822,26.0846266],[119.2888749,26.084659],[119.2889345,26.0846699]]]}},{"type":"Feature","id":"relation/13255168","properties":{"building":"residential","type":"multipolygon","component":0,"courtyardCount":1,"kind":"building","osmId":"relation/13255168","source":"OpenStreetMap","sourceUrl":"https://www.openstreetmap.org/relation/13255168","inHistoricCore":true},"geometry":{"type":"Polygon","coordinates":[[[119.2891438,26.0856624],[119.2892418,26.0856799],[119.2892727,26.0855402],[119.2891746,26.0855227],[119.2891438,26.0856624]],[[119.2892155,26.0856504],[119.2891777,26.0856437],[119.2891739,26.0856606],[119.2892118,26.0856674],[119.2892155,26.0856504]]]}},{"type":"Feature","id":"relation/13255169","properties":{"building":"residential","type":"multipolygon","component":0,"courtyardCount":1,"kind":"building","osmId":"relation/13255169","source":"OpenStreetMap","sourceUrl":"https://www.openstreetmap.org/relation/13255169","inHistoricCore":true},"geometry":{"type":"Polygon","coordinates":[[[119.289249,26.0856829],[119.2893569,26.0857021],[119.2893885,26.0855589],[119.2892807,26.0855397],[119.289249,26.0856829]],[[119.2892799,26.08566],[119.2892753,26.0856809],[119.2893308,26.0856907],[119.2893354,26.0856699],[119.2892799,26.08566]]]}},{"type":"Feature","id":"relation/13255170","properties":{"building":"residential","type":"multipolygon","component":0,"courtyardCount":1,"kind":"building","osmId":"relation/13255170","source":"OpenStreetMap","sourceUrl":"https://www.openstreetmap.org/relation/13255170","inHistoricCore":true},"geometry":{"type":"Polygon","coordinates":[[[119.2897412,26.0855739],[119.289766,26.0854889],[119.2896506,26.0854618],[119.2896259,26.0855468],[119.2897412,26.0855739]],[[119.2897117,26.0855408],[119.2897413,26.0855477],[119.2897526,26.0855089],[119.289723,26.0855019],[119.2897117,26.0855408]]]}},{"type":"Feature","id":"relation/13255171","properties":{"building":"residential","type":"multipolygon","component":0,"courtyardCount":1,"kind":"building","osmId":"relation/13255171","source":"OpenStreetMap","sourceUrl":"https://www.openstreetmap.org/relation/13255171","inHistoricCore":true},"geometry":{"type":"Polygon","coordinates":[[[119.289882,26.0855829],[119.2899068,26.0854041],[119.289782,26.0853901],[119.2897572,26.085569],[119.289882,26.0855829]],[[119.2897955,26.0855492],[119.2898458,26.0855548],[119.2898498,26.0855257],[119.2897996,26.0855201],[119.2897955,26.0855492]]]}},{"type":"Feature","id":"relation/13255172","properties":{"building":"residential","type":"multipolygon","component":0,"courtyardCount":1,"kind":"building","osmId":"relation/13255172","source":"OpenStreetMap","sourceUrl":"https://www.openstreetmap.org/relation/13255172","inHistoricCore":true},"geometry":{"type":"Polygon","coordinates":[[[119.2900275,26.0856076],[119.2900711,26.0853902],[119.2899359,26.0853684],[119.2898923,26.0855858],[119.2900275,26.0856076]],[[119.289941,26.0855516],[119.2899962,26.0855606],[119.2900041,26.0855215],[119.2899489,26.0855126],[119.289941,26.0855516]]]}},{"type":"Feature","id":"relation/13553564","properties":{"building":"residential","type":"multipolygon","component":0,"courtyardCount":1,"kind":"building","osmId":"relation/13553564","source":"OpenStreetMap","sourceUrl":"https://www.openstreetmap.org/relation/13553564","inHistoricCore":false},"geometry":{"type":"Polygon","coordinates":[[[119.295394,26.086034],[119.2957427,26.0860931],[119.2957946,26.0858453],[119.295446,26.0857863],[119.295394,26.086034]],[[119.2954785,26.0859714],[119.2956829,26.086006],[119.2957038,26.0859064],[119.2954994,26.0858718],[119.2954785,26.0859714]]]}}]}