{"type":"FeatureCollection","features":[{"type":"Feature","properties":{"id":"topoexport/overture-2026/1","kind":"building","source":"TopoExport / Overture Buildings 2026","license":"ODbL-1.0","area_m2":372,"coordinateAccuracy":"external-footprint","heightNote":"Stylized height; only footprint geometry imported"},"geometry":{"type":"Polygon","coordinates":[[[119.28822430000001,26.088836899999997],[119.28818470000002,26.0889451],[119.2884642,26.089028599999995],[119.2885039,26.0889204],[119.28822430000001,26.088836899999997]]]}},{"type":"Feature","properties":{"id":"topoexport/overture-2026/2","kind":"building","source":"TopoExport / Overture Buildings 2026","license":"ODbL-1.0","area_m2":60,"coordinateAccuracy":"external-footprint","heightNote":"Stylized height; only footprint geometry imported"},"geometry":{"type":"Polygon","coordinates":[[[119.28884629999999,26.088980599999996],[119.2888498,26.088895199999993],[119.2887868,26.0888931],[119.2887833,26.088978500000003],[119.28884629999999,26.088980599999996]]]}},{"type":"Feature","properties":{"id":"topoexport/overture-2026/3","kind":"building","source":"TopoExport / Overture Buildings 2026","license":"ODbL-1.0","area_m2":767,"coordinateAccuracy":"external-footprint","heightNote":"Stylized height; only footprint geometry imported"},"geometry":{"type":"Polygon","coordinates":[[[119.2885086,26.088809900000005],[119.2887879,26.088856100000005],[119.2888201,26.0886973],[119.28852020000001,26.0886477],[119.2885277,26.088610299999996],[119.28832090000002,26.088575999999993],[119.2883,26.088678799999993],[119.2885276,26.0887165],[119.2885086,26.088809900000005]]]}},{"type":"Feature","properties":{"id":"topoexport/overture-2026/4","kind":"building","source":"TopoExport / Overture Buildings 2026","license":"ODbL-1.0","area_m2":27,"coordinateAccuracy":"external-footprint","heightNote":"Stylized height; only footprint geometry imported"},"geometry":{"type":"Polygon","coordinates":[[[119.28847369999998,26.0881568],[119.2885356,26.088167599999995],[119.28854360000001,26.088130299999992],[119.2884816,26.088119500000005],[119.28847369999998,26.0881568]]]}},{"type":"Feature","properties":{"id":"topoexport/overture-2026/5","kind":"building","source":"TopoExport / Overture Buildings 2026","license":"ODbL-1.0","area_m2":199,"coordinateAccuracy":"external-footprint","heightNote":"Stylized height; only footprint geometry imported"},"geometry":{"type":"Polygon","coordinates":[[[119.2884528,26.088065799999995],[119.2882659,26.088038599999997],[119.2882491,26.0881324],[119.288436,26.0881596],[119.2884528,26.088065799999995]]]}},{"type":"Feature","properties":{"id":"topoexport/overture-2026/6","kind":"building","source":"TopoExport / Overture Buildings 2026","license":"ODbL-1.0","area_m2":354,"coordinateAccuracy":"external-footprint","heightNote":"Stylized height; only footprint geometry imported"},"geometry":{"type":"Polygon","coordinates":[[[119.2881804,26.0884716],[119.28797229999999,26.088444200000005],[119.28794800000001,26.0885945],[119.2881561,26.0886219],[119.2881804,26.0884716]]]}},{"type":"Feature","properties":{"id":"topoexport/overture-2026/7","kind":"building","source":"TopoExport / Overture Buildings 2026","license":"ODbL-1.0","area_m2":147,"coordinateAccuracy":"external-footprint","heightNote":"Stylized height; only footprint geometry imported"},"geometry":{"type":"Polygon","coordinates":[[[119.2877507,26.088504399999998],[119.2877345,26.088438899999993],[119.28754999838361,26.088476245321512],[119.28754999854861,26.08854502434856],[119.2877507,26.088504399999998]]]}},{"type":"Feature","properties":{"id":"topoexport/overture-2026/8","kind":"building","source":"TopoExport / Overture Buildings 2026","license":"ODbL-1.0","area_m2":116,"coordinateAccuracy":"external-footprint","heightNote":"Stylized height; only footprint geometry imported"},"geometry":{"type":"Polygon","coordinates":[[[119.2877649,26.088423100000004],[119.2877543,26.0884888],[119.2879104,26.0885094],[119.28792100000001,26.088443600000005],[119.2877649,26.088423100000004]]]}},{"type":"Feature","properties":{"id":"topoexport/overture-2026/9","kind":"building","source":"TopoExport / Overture Buildings 2026","license":"ODbL-1.0","area_m2":346,"coordinateAccuracy":"external-footprint","heightNote":"Stylized height; only footprint geometry imported"},"geometry":{"type":"Polygon","coordinates":[[[119.2879034,26.088736200000003],[119.28792430000001,26.088623800000004],[119.28765460000001,26.088583000000003],[119.2876337,26.0886954],[119.2879034,26.088736200000003]]]}},{"type":"Feature","properties":{"id":"topoexport/overture-2026/10","kind":"building","source":"TopoExport / Overture Buildings 2026","license":"ODbL-1.0","area_m2":41,"coordinateAccuracy":"external-footprint","heightNote":"Stylized height; only footprint geometry imported"},"geometry":{"type":"Polygon","coordinates":[[[119.28758800000001,26.088674799999996],[119.28760750000001,26.088600899999996],[119.2875499986547,26.08858853816202],[119.28754999884835,26.08866662372574],[119.28758800000001,26.088674799999996]]]}},{"type":"Feature","properties":{"id":"topoexport/overture-2026/11","kind":"building","source":"TopoExport / Overture Buildings 2026","license":"ODbL-1.0","area_m2":55,"coordinateAccuracy":"external-footprint","heightNote":"Stylized height; only footprint geometry imported"},"geometry":{"type":"Polygon","coordinates":[[[119.2876014,26.087306999999996],[119.28762370000001,26.0872337],[119.28754999594015,26.087215546292928],[119.28754999606048,26.087294259942283],[119.2876014,26.087306999999996]]]}},{"type":"Feature","properties":{"id":"topoexport/overture-2026/12","kind":"building","source":"TopoExport / Overture Buildings 2026","license":"ODbL-1.0","area_m2":33,"coordinateAccuracy":"external-footprint","heightNote":"Stylized height; only footprint geometry imported"},"geometry":{"type":"Polygon","coordinates":[[[119.2876136,26.0870368],[119.2875996,26.0870413],[119.28762459999999,26.0871045],[119.2877087,26.087077399999995],[119.2876987,26.0870521],[119.2876286,26.0870747],[119.2876136,26.0870368]]]}},{"type":"Feature","properties":{"id":"topoexport/overture-2026/13","kind":"building","source":"TopoExport / Overture Buildings 2026","license":"ODbL-1.0","area_m2":27,"coordinateAccuracy":"external-footprint","heightNote":"Stylized height; only footprint geometry imported"},"geometry":{"type":"Polygon","coordinates":[[[119.28803920000001,26.0871364],[119.2879767,26.087128999999994],[119.2879712,26.0871667],[119.28803380000001,26.087173999999997],[119.28803920000001,26.0871364]]]}},{"type":"Feature","properties":{"id":"topoexport/overture-2026/14","kind":"building","source":"TopoExport / Overture Buildings 2026","license":"ODbL-1.0","area_m2":80,"coordinateAccuracy":"external-footprint","heightNote":"Stylized height; only footprint geometry imported"},"geometry":{"type":"Polygon","coordinates":[[[119.28786910000001,26.0875725],[119.28783550000001,26.087620699999995],[119.28794230000001,26.087681399999997],[119.28797589999999,26.087633200000006],[119.28786910000001,26.0875725]]]}},{"type":"Feature","properties":{"id":"topoexport/overture-2026/15","kind":"building","source":"TopoExport / Overture Buildings 2026","license":"ODbL-1.0","area_m2":476,"coordinateAccuracy":"external-footprint","heightNote":"Stylized height; only footprint geometry imported"},"geometry":{"type":"Polygon","coordinates":[[[119.2877246,26.088059700000002],[119.2881713,26.0881235],[119.2881877,26.0880297],[119.2877411,26.087965899999993],[119.2877246,26.088059700000002]]]}},{"type":"Feature","properties":{"id":"topoexport/overture-2026/16","kind":"building","source":"TopoExport / Overture Buildings 2026","license":"ODbL-1.0","area_m2":222,"coordinateAccuracy":"external-footprint","heightNote":"Stylized height; only footprint geometry imported"},"geometry":{"type":"Polygon","coordinates":[[[119.28815620000002,26.087500400000003],[119.28794929999998,26.0874661],[119.28793030000001,26.087559499999998],[119.2881372,26.0875938],[119.28815620000002,26.087500400000003]]]}},{"type":"Feature","properties":{"id":"topoexport/overture-2026/17","kind":"building","source":"TopoExport / Overture Buildings 2026","license":"ODbL-1.0","area_m2":106,"coordinateAccuracy":"external-footprint","heightNote":"Stylized height; only footprint geometry imported"},"geometry":{"type":"Polygon","coordinates":[[[119.2881296,26.087709999999998],[119.2882542,26.087728199999997],[119.28826759999998,26.0876532],[119.28814299999999,26.087634999999995],[119.2881296,26.087709999999998]]]}},{"type":"Feature","properties":{"id":"topoexport/overture-2026/18","kind":"building","source":"TopoExport / Overture Buildings 2026","license":"ODbL-1.0","area_m2":27,"coordinateAccuracy":"external-footprint","heightNote":"Stylized height; only footprint geometry imported"},"geometry":{"type":"Polygon","coordinates":[[[119.2884362,26.087725999999993],[119.28837310000002,26.087726099999998],[119.28837320000001,26.0877641],[119.2884363,26.087764],[119.2884362,26.087725999999993]]]}},{"type":"Feature","properties":{"id":"topoexport/overture-2026/19","kind":"building","source":"TopoExport / Overture Buildings 2026","license":"ODbL-1.0","area_m2":177,"coordinateAccuracy":"external-footprint","heightNote":"Stylized height; only footprint geometry imported"},"geometry":{"type":"Polygon","coordinates":[[[119.2884405,26.088006299999993],[119.28844759999998,26.087911599999995],[119.2882797,26.0879013],[119.28827260000001,26.087995999999997],[119.2884405,26.088006299999993]]]}},{"type":"Feature","properties":{"id":"topoexport/overture-2026/20","kind":"building","source":"TopoExport / Overture Buildings 2026","license":"ODbL-1.0","area_m2":53,"coordinateAccuracy":"external-footprint","heightNote":"Stylized height; only footprint geometry imported"},"geometry":{"type":"Polygon","coordinates":[[[119.28846310000002,26.087300200000005],[119.2884561,26.087375899999994],[119.28851900000001,26.087380599999996],[119.288526,26.087304899999996],[119.28846310000002,26.087300200000005]]]}},{"type":"Feature","properties":{"id":"topoexport/overture-2026/21","kind":"building","source":"TopoExport / Overture Buildings 2026","license":"ODbL-1.0","area_m2":77,"coordinateAccuracy":"external-footprint","heightNote":"Stylized height; only footprint geometry imported"},"geometry":{"type":"Polygon","coordinates":[[[119.2886886,26.087401099999997],[119.28874240000002,26.0874057],[119.2887573,26.0872767],[119.2887045,26.087271099999988],[119.2886886,26.087401099999997]]]}},{"type":"Feature","properties":{"id":"topoexport/overture-2026/22","kind":"building","source":"TopoExport / Overture Buildings 2026","license":"ODbL-1.0","area_m2":458,"coordinateAccuracy":"external-footprint","heightNote":"Stylized height; only footprint geometry imported"},"geometry":{"type":"Polygon","coordinates":[[[119.28867250000002,26.087101700000005],[119.2889016,26.087151200000005],[119.28894829999999,26.086981499999993],[119.2887172,26.086932],[119.28867250000002,26.087101700000005]]]}},{"type":"Feature","properties":{"id":"topoexport/overture-2026/23","kind":"building","source":"TopoExport / Overture Buildings 2026","license":"ODbL-1.0","area_m2":146,"coordinateAccuracy":"external-footprint","heightNote":"Stylized height; only footprint geometry imported"},"geometry":{"type":"Polygon","coordinates":[[[119.28852559999999,26.087040399999996],[119.2885585,26.0869402],[119.2884376,26.086907800000002],[119.28840459999999,26.087007900000003],[119.28852559999999,26.087040399999996]]]}},{"type":"Feature","properties":{"id":"topoexport/overture-2026/24","kind":"building","source":"TopoExport / Overture Buildings 2026","license":"ODbL-1.0","area_m2":80,"coordinateAccuracy":"external-footprint","heightNote":"Stylized height; only footprint geometry imported"},"geometry":{"type":"Polygon","coordinates":[[[119.28835390000002,26.0871018],[119.2882716,26.087085799999997],[119.2882517,26.087169400000004],[119.288334,26.087185400000006],[119.28835390000002,26.0871018]]]}},{"type":"Feature","properties":{"id":"topoexport/overture-2026/25","kind":"building","source":"TopoExport / Overture Buildings 2026","license":"ODbL-1.0","area_m2":321,"coordinateAccuracy":"external-footprint","heightNote":"Stylized height; only footprint geometry imported"},"geometry":{"type":"Polygon","coordinates":[[[119.28802720000002,26.087257799999996],[119.28800260000001,26.087350099999995],[119.2882991,26.087414699999997],[119.2883237,26.087322299999997],[119.28802720000002,26.087257799999996]]]}},{"type":"Feature","properties":{"id":"topoexport/overture-2026/26","kind":"building","source":"TopoExport / Overture Buildings 2026","license":"ODbL-1.0","area_m2":159,"coordinateAccuracy":"external-footprint","heightNote":"Stylized height; only footprint geometry imported"},"geometry":{"type":"Polygon","coordinates":[[[119.28794649999999,26.087081100000002],[119.28801420000002,26.087109799999997],[119.2881037,26.086936599999998],[119.288036,26.0869069],[119.28794649999999,26.087081100000002]]]}},{"type":"Feature","properties":{"id":"topoexport/overture-2026/27","kind":"building","source":"TopoExport / Overture Buildings 2026","license":"ODbL-1.0","area_m2":31,"coordinateAccuracy":"external-footprint","heightNote":"Stylized height; only footprint geometry imported"},"geometry":{"type":"Polygon","coordinates":[[[119.2880967,26.0868945],[119.2881684,26.0869092],[119.28817839999999,26.086871300000002],[119.2881057,26.086857500000004],[119.2880967,26.0868945]]]}},{"type":"Feature","properties":{"id":"topoexport/overture-2026/28","kind":"building","source":"TopoExport / Overture Buildings 2026","license":"ODbL-1.0","area_m2":252,"coordinateAccuracy":"external-footprint","heightNote":"Stylized height; only footprint geometry imported"},"geometry":{"type":"Polygon","coordinates":[[[119.2882698,26.086529000000002],[119.2882749,26.086669100000005],[119.2884362,26.0866658],[119.28843109999998,26.086524600000004],[119.2882698,26.086529000000002]]]}},{"type":"Feature","properties":{"id":"topoexport/overture-2026/29","kind":"building","source":"TopoExport / Overture Buildings 2026","license":"ODbL-1.0","area_m2":299,"coordinateAccuracy":"external-footprint","heightNote":"Stylized height; only footprint geometry imported"},"geometry":{"type":"Polygon","coordinates":[[[119.2881354,26.0868394],[119.2884114,26.086899499999994],[119.28843610000001,26.0868072],[119.28816,26.0867471],[119.2881354,26.0868394]]]}},{"type":"Feature","properties":{"id":"topoexport/overture-2026/30","kind":"building","source":"TopoExport / Overture Buildings 2026","license":"ODbL-1.0","area_m2":457,"coordinateAccuracy":"external-footprint","heightNote":"Stylized height; only footprint geometry imported"},"geometry":{"type":"Polygon","coordinates":[[[119.28860060000001,26.0868427],[119.28886759999999,26.086902599999995],[119.2889073,26.086756899999997],[119.2886424,26.086697000000004],[119.28860060000001,26.0868427]]]}},{"type":"Feature","properties":{"id":"topoexport/overture-2026/31","kind":"building","source":"TopoExport / Overture Buildings 2026","license":"ODbL-1.0","area_m2":276,"coordinateAccuracy":"external-footprint","heightNote":"Stylized height; only footprint geometry imported"},"geometry":{"type":"Polygon","coordinates":[[[119.2886613,26.086669200000003],[119.2889242,26.0867111],[119.2889421,26.086619199999998],[119.2886791,26.0865773],[119.2886613,26.086669200000003]]]}},{"type":"Feature","properties":{"id":"topoexport/overture-2026/32","kind":"building","source":"TopoExport / Overture Buildings 2026","license":"ODbL-1.0","area_m2":106,"coordinateAccuracy":"external-footprint","heightNote":"Stylized height; only footprint geometry imported"},"geometry":{"type":"Polygon","coordinates":[[[119.2884651,26.0867232],[119.2885667,26.086738199999996],[119.2885846,26.086647399999997],[119.288481,26.0866323],[119.2884651,26.0867232]]]}},{"type":"Feature","properties":{"id":"topoexport/overture-2026/33","kind":"building","source":"TopoExport / Overture Buildings 2026","license":"ODbL-1.0","area_m2":133,"coordinateAccuracy":"external-footprint","heightNote":"Stylized height; only footprint geometry imported"},"geometry":{"type":"Polygon","coordinates":[[[119.28797650000001,26.0861734],[119.2879707,26.0863158],[119.2880547,26.086318600000002],[119.28806059999998,26.086176299999998],[119.28797650000001,26.0861734]]]}},{"type":"Feature","properties":{"id":"topoexport/overture-2026/34","kind":"building","source":"TopoExport / Overture Buildings 2026","license":"ODbL-1.0","area_m2":246,"coordinateAccuracy":"external-footprint","heightNote":"Stylized height; only footprint geometry imported"},"geometry":{"type":"Polygon","coordinates":[[[119.2877328,26.0861355],[119.2877813,26.0860512],[119.28754999459099,26.085942767629174],[119.28754999466119,26.086049772086074],[119.2877328,26.0861355]]]}},{"type":"Feature","properties":{"id":"topoexport/overture-2026/35","kind":"building","source":"TopoExport / Overture Buildings 2026","license":"ODbL-1.0","area_m2":144,"coordinateAccuracy":"external-footprint","heightNote":"Stylized height; only footprint geometry imported"},"geometry":{"type":"Polygon","coordinates":[[[119.28780160000001,26.0866156],[119.2877723,26.086706800000005],[119.2879036,26.08674119999999],[119.2879329,26.08665],[119.28780160000001,26.0866156]]]}},{"type":"Feature","properties":{"id":"topoexport/overture-2026/36","kind":"building","source":"TopoExport / Overture Buildings 2026","license":"ODbL-1.0","area_m2":130,"coordinateAccuracy":"external-footprint","heightNote":"Stylized height; only footprint geometry imported"},"geometry":{"type":"Polygon","coordinates":[[[119.28785220000002,26.086576099999995],[119.28792940000001,26.0866256],[119.2880085,26.086524899999997],[119.2879313,26.0864754],[119.28785220000002,26.086576099999995]]]}},{"type":"Feature","properties":{"id":"topoexport/overture-2026/37","kind":"building","source":"TopoExport / Overture Buildings 2026","license":"ODbL-1.0","area_m2":58,"coordinateAccuracy":"external-footprint","heightNote":"Stylized height; only footprint geometry imported"},"geometry":{"type":"Polygon","coordinates":[[[119.2876022,26.086820100000004],[119.28762880000001,26.086748099999998],[119.28754999528635,26.08672430060914],[119.28754999538147,26.0868043339679],[119.2876022,26.086820100000004]]]}},{"type":"Feature","properties":{"id":"topoexport/overture-2026/38","kind":"building","source":"TopoExport / Overture Buildings 2026","license":"ODbL-1.0","area_m2":108,"coordinateAccuracy":"external-footprint","heightNote":"Stylized height; only footprint geometry imported"},"geometry":{"type":"Polygon","coordinates":[[[119.28760320000002,26.0858693],[119.2876386,26.0857402],[119.28754999447054,26.085720413461427],[119.28754999454068,26.08585736656254],[119.28760320000002,26.0858693]]]}},{"type":"Feature","properties":{"id":"topoexport/overture-2026/39","kind":"building","source":"TopoExport / Overture Buildings 2026","license":"ODbL-1.0","area_m2":66,"coordinateAccuracy":"external-footprint","heightNote":"Stylized height; only footprint geometry imported"},"geometry":{"type":"Polygon","coordinates":[[[119.28800770000001,26.0850686],[119.2878602,26.0850181],[119.2878453,26.085053599999995],[119.2879928,26.0851041],[119.28800770000001,26.0850686]]]}},{"type":"Feature","properties":{"id":"topoexport/overture-2026/40","kind":"building","source":"TopoExport / Overture Buildings 2026","license":"ODbL-1.0","area_m2":255,"coordinateAccuracy":"external-footprint","heightNote":"Stylized height; only footprint geometry imported"},"geometry":{"type":"Polygon","coordinates":[[[119.28774879999999,26.085575800000004],[119.28784969999998,26.085602299999998],[119.2878996,26.085447299999995],[119.28773799999999,26.0854049],[119.2877087,26.0854961],[119.28776929999998,26.085511999999998],[119.28774879999999,26.085575800000004]]]}},{"type":"Feature","properties":{"id":"topoexport/overture-2026/41","kind":"building","source":"TopoExport / Overture Buildings 2026","license":"ODbL-1.0","area_m2":213,"coordinateAccuracy":"external-footprint","heightNote":"Stylized height; only footprint geometry imported"},"geometry":{"type":"Polygon","coordinates":[[[119.28773020000001,26.0853705],[119.28789829999998,26.085378499999997],[119.2879049,26.0852647],[119.2877369,26.08525669999999],[119.28773020000001,26.0853705]]]}},{"type":"Feature","properties":{"id":"topoexport/overture-2026/42","kind":"building","source":"TopoExport / Overture Buildings 2026","license":"ODbL-1.0","area_m2":133,"coordinateAccuracy":"external-footprint","heightNote":"Stylized height; only footprint geometry imported"},"geometry":{"type":"Polygon","coordinates":[[[119.2875617,26.085401],[119.28756010000001,26.085514899999996],[119.2876653,26.085516099999996],[119.2876669,26.085402199999997],[119.2875617,26.085401]]]}},{"type":"Feature","properties":{"id":"topoexport/overture-2026/43","kind":"building","source":"TopoExport / Overture Buildings 2026","license":"ODbL-1.0","area_m2":55,"coordinateAccuracy":"external-footprint","heightNote":"Stylized height; only footprint geometry imported"},"geometry":{"type":"Polygon","coordinates":[[[119.2881702,26.085793600000002],[119.28818030000001,26.085746999999998],[119.28807709999998,26.085728699999997],[119.288067,26.085775299999998],[119.2881702,26.085793600000002]]]}},{"type":"Feature","properties":{"id":"topoexport/overture-2026/44","kind":"building","source":"TopoExport / Overture Buildings 2026","license":"ODbL-1.0","area_m2":213,"coordinateAccuracy":"external-footprint","heightNote":"Stylized height; only footprint geometry imported"},"geometry":{"type":"Polygon","coordinates":[[[119.28817540000001,26.085525700000005],[119.2882542,26.085552199999995],[119.28834220000002,26.085338599999993],[119.2882634,26.085312099999996],[119.28817540000001,26.085525700000005]]]}},{"type":"Feature","properties":{"id":"topoexport/overture-2026/45","kind":"building","source":"TopoExport / Overture Buildings 2026","license":"ODbL-1.0","area_m2":133,"coordinateAccuracy":"external-footprint","heightNote":"Stylized height; only footprint geometry imported"},"geometry":{"type":"Polygon","coordinates":[[[119.28831459999999,26.0852016],[119.28839680000002,26.085218100000002],[119.2884309,26.085079],[119.2883488,26.0850626],[119.28831459999999,26.0852016]]]}},{"type":"Feature","properties":{"id":"topoexport/overture-2026/46","kind":"building","source":"TopoExport / Overture Buildings 2026","license":"ODbL-1.0","area_m2":109,"coordinateAccuracy":"external-footprint","heightNote":"Stylized height; only footprint geometry imported"},"geometry":{"type":"Polygon","coordinates":[[[119.28798280000001,26.084389799999997],[119.2880114,26.084480200000005],[119.28811150000001,26.084454299999997],[119.28808290000002,26.084363899999996],[119.28798280000001,26.084389799999997]]]}},{"type":"Feature","properties":{"id":"topoexport/overture-2026/47","kind":"building","source":"TopoExport / Overture Buildings 2026","license":"ODbL-1.0","area_m2":16,"coordinateAccuracy":"external-footprint","heightNote":"Stylized height; only footprint geometry imported"},"geometry":{"type":"Polygon","coordinates":[[[119.2880589,26.0842527],[119.28801039999999,26.0841695],[119.2879973,26.084175800000004],[119.2880457,26.084258999999996],[119.2880589,26.0842527]]]}},{"type":"Feature","properties":{"id":"topoexport/overture-2026/48","kind":"building","source":"TopoExport / Overture Buildings 2026","license":"ODbL-1.0","area_m2":346,"coordinateAccuracy":"external-footprint","heightNote":"Stylized height; only footprint geometry imported"},"geometry":{"type":"Polygon","coordinates":[[[119.28846520000002,26.084548299999998],[119.28838129999998,26.08454289999999],[119.2883522,26.084912400000004],[119.28843610000001,26.0849178],[119.28846520000002,26.084548299999998]]]}},{"type":"Feature","properties":{"id":"topoexport/overture-2026/49","kind":"building","source":"TopoExport / Overture Buildings 2026","license":"ODbL-1.0","area_m2":80,"coordinateAccuracy":"external-footprint","heightNote":"Stylized height; only footprint geometry imported"},"geometry":{"type":"Polygon","coordinates":[[[119.28856880000001,26.084150999999995],[119.2884743,26.084145999999993],[119.2884694,26.084221799999998],[119.2885638,26.084226899999997],[119.28856880000001,26.084150999999995]]]}},{"type":"Feature","properties":{"id":"topoexport/overture-2026/50","kind":"building","source":"TopoExport / Overture Buildings 2026","license":"ODbL-1.0","area_m2":518,"coordinateAccuracy":"external-footprint","heightNote":"Stylized height; only footprint geometry imported"},"geometry":{"type":"Polygon","coordinates":[[[119.28757750000001,26.0845153],[119.28775870000001,26.084515100000004],[119.2877636,26.0843741],[119.28769390000001,26.084371399999995],[119.28769590000002,26.0842563],[119.28754999453199,26.084258404416147],[119.28754999441747,26.084505692302734],[119.28757750000001,26.0845153]]]}},{"type":"Feature","properties":{"id":"topoexport/overture-2026/51","kind":"building","source":"TopoExport / Overture Buildings 2026","license":"ODbL-1.0","area_m2":126,"coordinateAccuracy":"external-footprint","heightNote":"Stylized height; only footprint geometry imported"},"geometry":{"type":"Polygon","coordinates":[[[119.28772669999998,26.084170599999997],[119.2877296,26.084110500000005],[119.28754999462406,26.084105396066846],[119.28754999458172,26.084172410517663],[119.28772669999998,26.084170599999997]]]}},{"type":"Feature","properties":{"id":"topoexport/overture-2026/52","kind":"building","source":"TopoExport / Overture Buildings 2026","license":"ODbL-1.0","area_m2":585,"coordinateAccuracy":"external-footprint","heightNote":"Stylized height; only footprint geometry imported"},"geometry":{"type":"Polygon","coordinates":[[[119.28770200000001,26.0849106],[119.2877981,26.084679499999996],[119.28754999438644,26.084595276610255],[119.2875499943274,26.084859038347755],[119.28770200000001,26.0849106]]]}},{"type":"Feature","properties":{"id":"topoexport/overture-2026/53","kind":"building","source":"TopoExport / Overture Buildings 2026","license":"ODbL-1.0","area_m2":240,"coordinateAccuracy":"external-footprint","heightNote":"Stylized height; only footprint geometry imported"},"geometry":{"type":"Polygon","coordinates":[[[119.28763560000002,26.084077599999993],[119.2876535,26.083850199999993],[119.2875499948193,26.083843544737917],[119.28754999464626,26.08407208680863],[119.28763560000002,26.084077599999993]]]}},{"type":"Feature","properties":{"id":"topoexport/overture-2026/54","kind":"building","source":"TopoExport / Overture Buildings 2026","license":"ODbL-1.0","area_m2":30,"coordinateAccuracy":"external-footprint","heightNote":"Stylized height; only footprint geometry imported"},"geometry":{"type":"Polygon","coordinates":[[[119.2876019,26.083396799999996],[119.28759790000001,26.083343199999998],[119.28754999532109,26.08334610658288],[119.2875499952585,26.083399949283148],[119.2876019,26.083396799999996]]]}},{"type":"Feature","properties":{"id":"topoexport/overture-2026/55","kind":"building","source":"TopoExport / Overture Buildings 2026","license":"ODbL-1.0","area_m2":51,"coordinateAccuracy":"external-footprint","heightNote":"Stylized height; only footprint geometry imported"},"geometry":{"type":"Polygon","coordinates":[[[119.287574,26.083127299999997],[119.28760440000002,26.083016599999997],[119.28754999576515,26.083004433408973],[119.28754999560331,26.083121925700663],[119.287574,26.083127299999997]]]}},{"type":"Feature","properties":{"id":"topoexport/overture-2026/56","kind":"building","source":"TopoExport / Overture Buildings 2026","license":"ODbL-1.0","area_m2":113,"coordinateAccuracy":"external-footprint","heightNote":"Stylized height; only footprint geometry imported"},"geometry":{"type":"Polygon","coordinates":[[[119.28760710000002,26.0829284],[119.2876421,26.082799300000005],[119.28754999610248,26.08277895456499],[119.28754999589354,26.08291579805904],[119.28760710000002,26.0829284]]]}},{"type":"Feature","properties":{"id":"topoexport/overture-2026/57","kind":"building","source":"TopoExport / Overture Buildings 2026","license":"ODbL-1.0","area_m2":133,"coordinateAccuracy":"external-footprint","heightNote":"Stylized height; only footprint geometry imported"},"geometry":{"type":"Polygon","coordinates":[[[119.28764349999999,26.083404],[119.28785380000001,26.083408799999994],[119.2878554,26.083351799999992],[119.2876451,26.083346999999996],[119.28764349999999,26.083404]]]}},{"type":"Feature","properties":{"id":"topoexport/overture-2026/58","kind":"building","source":"TopoExport / Overture Buildings 2026","license":"ODbL-1.0","area_m2":612,"coordinateAccuracy":"external-footprint","heightNote":"Stylized height; only footprint geometry imported"},"geometry":{"type":"Polygon","coordinates":[[[119.2879608,26.0837017],[119.2879685,26.08356899999999],[119.28754999509565,26.08354907142807],[119.28754999496327,26.083682212604913],[119.2879608,26.0837017]]]}},{"type":"Feature","properties":{"id":"topoexport/overture-2026/59","kind":"building","source":"TopoExport / Overture Buildings 2026","license":"ODbL-1.0","area_m2":286,"coordinateAccuracy":"external-footprint","heightNote":"Stylized height; only footprint geometry imported"},"geometry":{"type":"Polygon","coordinates":[[[119.2881627,26.083364199999995],[119.2878893,26.083358099999998],[119.28788829999999,26.083396],[119.28793030000001,26.083397000000005],[119.28792849999999,26.0834634],[119.28815980000002,26.083468699999997],[119.2881627,26.083364199999995]]]}},{"type":"Feature","properties":{"id":"topoexport/overture-2026/60","kind":"building","source":"TopoExport / Overture Buildings 2026","license":"ODbL-1.0","area_m2":35,"coordinateAccuracy":"external-footprint","heightNote":"Stylized height; only footprint geometry imported"},"geometry":{"type":"Polygon","coordinates":[[[119.2884423,26.083375199999995],[119.2884003,26.083375400000005],[119.2884007,26.0834514],[119.28844279999998,26.0834512],[119.2884423,26.083375199999995]]]}},{"type":"Feature","properties":{"id":"topoexport/overture-2026/61","kind":"building","source":"TopoExport / Overture Buildings 2026","license":"ODbL-1.0","area_m2":177,"coordinateAccuracy":"external-footprint","heightNote":"Stylized height; only footprint geometry imported"},"geometry":{"type":"Polygon","coordinates":[[[119.2883024,26.083361000000004],[119.2881837,26.0833682],[119.2881936,26.0835022],[119.2883123,26.083495],[119.2883024,26.083361000000004]]]}},{"type":"Feature","properties":{"id":"topoexport/overture-2026/62","kind":"building","source":"TopoExport / Overture Buildings 2026","license":"ODbL-1.0","area_m2":93,"coordinateAccuracy":"external-footprint","heightNote":"Stylized height; only footprint geometry imported"},"geometry":{"type":"Polygon","coordinates":[[[119.28846880000002,26.083413799999995],[119.28845720000001,26.083469799999992],[119.2886019,26.083494200000004],[119.28861350000001,26.083438199999993],[119.28846880000002,26.083413799999995]]]}},{"type":"Feature","properties":{"id":"topoexport/overture-2026/63","kind":"building","source":"TopoExport / Overture Buildings 2026","license":"ODbL-1.0","area_m2":341,"coordinateAccuracy":"external-footprint","heightNote":"Stylized height; only footprint geometry imported"},"geometry":{"type":"Polygon","coordinates":[[[119.28884050000002,26.0836175],[119.28888460000002,26.083490699999995],[119.2886639,26.0834281],[119.2886198,26.083554999999997],[119.28884050000002,26.0836175]]]}},{"type":"Feature","properties":{"id":"topoexport/overture-2026/64","kind":"building","source":"TopoExport / Overture Buildings 2026","license":"ODbL-1.0","area_m2":195,"coordinateAccuracy":"external-footprint","heightNote":"Stylized height; only footprint geometry imported"},"geometry":{"type":"Polygon","coordinates":[[[119.2889392,26.083349899999995],[119.2889673,26.08327829999999],[119.28874930000002,26.083208399999997],[119.28872120000001,26.083279999999995],[119.2889392,26.083349899999995]]]}},{"type":"Feature","properties":{"id":"topoexport/overture-2026/65","kind":"building","source":"TopoExport / Overture Buildings 2026","license":"ODbL-1.0","area_m2":239,"coordinateAccuracy":"external-footprint","heightNote":"Stylized height; only footprint geometry imported"},"geometry":{"type":"Polygon","coordinates":[[[119.2884338,26.0831148],[119.2884138,26.083188599999996],[119.2886896,26.0832495],[119.2887096,26.083175699999998],[119.2884338,26.0831148]]]}},{"type":"Feature","properties":{"id":"topoexport/overture-2026/66","kind":"building","source":"TopoExport / Overture Buildings 2026","license":"ODbL-1.0","area_m2":399,"coordinateAccuracy":"external-footprint","heightNote":"Stylized height; only footprint geometry imported"},"geometry":{"type":"Polygon","coordinates":[[[119.2887315,26.0830687],[119.2887656,26.082959],[119.28846190000002,26.082882],[119.28842780000001,26.0829917],[119.2887315,26.0830687]]]}},{"type":"Feature","properties":{"id":"topoexport/overture-2026/67","kind":"building","source":"TopoExport / Overture Buildings 2026","license":"ODbL-1.0","area_m2":709,"coordinateAccuracy":"external-footprint","heightNote":"Stylized height; only footprint geometry imported"},"geometry":{"type":"Polygon","coordinates":[[[119.28887270000001,26.082662900000003],[119.28855430000002,26.082564799999997],[119.2884864,26.082744599999995],[119.2888048,26.082842700000004],[119.28887270000001,26.082662900000003]]]}},{"type":"Feature","properties":{"id":"topoexport/overture-2026/68","kind":"building","source":"TopoExport / Overture Buildings 2026","license":"ODbL-1.0","area_m2":864,"coordinateAccuracy":"external-footprint","heightNote":"Stylized height; only footprint geometry imported"},"geometry":{"type":"Polygon","coordinates":[[[119.2890091,26.082518899999997],[119.28907579999999,26.0823388],[119.28868690000002,26.0822214],[119.2886202,26.0824015],[119.2890091,26.082518899999997]]]}},{"type":"Feature","properties":{"id":"topoexport/overture-2026/69","kind":"building","source":"TopoExport / Overture Buildings 2026","license":"ODbL-1.0","area_m2":316,"coordinateAccuracy":"external-footprint","heightNote":"Stylized height; only footprint geometry imported"},"geometry":{"type":"Polygon","coordinates":[[[119.28843670000002,26.0818638],[119.2887234,26.081957499999998],[119.28876280000001,26.081859300000005],[119.28860743175949,26.081808539965657],[119.28845786553293,26.0818109131154],[119.28843670000002,26.0818638]]]}},{"type":"Feature","properties":{"id":"topoexport/overture-2026/70","kind":"building","source":"TopoExport / Overture Buildings 2026","license":"ODbL-1.0","area_m2":42,"coordinateAccuracy":"external-footprint","heightNote":"Stylized height; only footprint geometry imported"},"geometry":{"type":"Polygon","coordinates":[[[119.28880430000001,26.081853999999996],[119.28882445631045,26.08180509618677],[119.28866990878551,26.081807548604093],[119.28880430000001,26.081853999999996]]]}},{"type":"Feature","properties":{"id":"topoexport/overture-2026/71","kind":"building","source":"TopoExport / Overture Buildings 2026","license":"ODbL-1.0","area_m2":1194,"coordinateAccuracy":"external-footprint","heightNote":"Stylized height; only footprint geometry imported"},"geometry":{"type":"Polygon","coordinates":[[[119.28779259999999,26.0826643],[119.2878594,26.082241199999995],[119.28760950000002,26.082209099999996],[119.28754999641838,26.08258646165505],[119.2875499963396,26.082633027637016],[119.28779259999999,26.0826643]]]}},{"type":"Feature","properties":{"id":"topoexport/overture-2026/72","kind":"building","source":"TopoExport / Overture Buildings 2026","license":"ODbL-1.0","area_m2":28,"coordinateAccuracy":"external-footprint","heightNote":"Stylized height; only footprint geometry imported"},"geometry":{"type":"Polygon","coordinates":[[[119.28757860000002,26.082195099999996],[119.28754999714698,26.08219147697678],[119.28754999681088,26.08236645266952],[119.28757860000002,26.082195099999996]]]}},{"type":"Feature","properties":{"id":"topoexport/overture-2026/73","kind":"building","source":"TopoExport / Overture Buildings 2026","license":"ODbL-1.0","area_m2":157,"coordinateAccuracy":"external-footprint","heightNote":"Stylized height; only footprint geometry imported"},"geometry":{"type":"Polygon","coordinates":[[[119.28769570000001,26.0819286],[119.2877144,26.0818351],[119.28764507145573,26.08182380691171],[119.28754999791904,26.081825314815895],[119.2875499977435,26.081904821892337],[119.28769570000001,26.0819286]]]}},{"type":"Feature","properties":{"id":"topoexport/overture-2026/74","kind":"building","source":"TopoExport / Overture Buildings 2026","license":"ODbL-1.0","area_m2":119,"coordinateAccuracy":"external-footprint","heightNote":"Stylized height; only footprint geometry imported"},"geometry":{"type":"Polygon","coordinates":[[[119.287682,26.082157899999995],[119.28769690000001,26.082083099999995],[119.28754999741514,26.08205921189317],[119.28754999725713,26.082136419896376],[119.287682,26.082157899999995]]]}},{"type":"Feature","properties":{"id":"topoexport/overture-2026/75","kind":"building","source":"TopoExport / Overture Buildings 2026","license":"ODbL-1.0","area_m2":104,"coordinateAccuracy":"external-footprint","heightNote":"Stylized height; only footprint geometry imported"},"geometry":{"type":"Polygon","coordinates":[[[119.2957302,26.0854997],[119.2957302,26.0856347],[119.29579999441957,26.085650276220328],[119.29579999436987,26.085516334277997],[119.2957302,26.0854997]]]}},{"type":"Feature","properties":{"id":"topoexport/overture-2026/76","kind":"building","source":"TopoExport / Overture Buildings 2026","license":"ODbL-1.0","area_m2":354,"coordinateAccuracy":"external-footprint","heightNote":"Stylized height; only footprint geometry imported"},"geometry":{"type":"Polygon","coordinates":[[[119.2956125,26.082263099999995],[119.2955987,26.0823187],[119.2955064,26.0822999],[119.2954902,26.0823648],[119.29579999668634,26.08242770141737],[119.29579999692271,26.082301184407285],[119.2956125,26.082263099999995]]]}},{"type":"Feature","properties":{"id":"topoexport/overture-2026/77","kind":"building","source":"TopoExport / Overture Buildings 2026","license":"ODbL-1.0","area_m2":174,"coordinateAccuracy":"external-footprint","heightNote":"Stylized height; only footprint geometry imported"},"geometry":{"type":"Polygon","coordinates":[[[119.29575670000001,26.081863100000003],[119.2956876,26.082042499999996],[119.29579999736725,26.082077806437457],[119.29579999779716,26.081876700785234],[119.29575670000001,26.081863100000003]]]}},{"type":"Feature","properties":{"id":"topoexport/overture-2026/78","kind":"building","source":"TopoExport / Overture Buildings 2026","license":"ODbL-1.0","area_m2":49,"coordinateAccuracy":"external-footprint","heightNote":"Stylized height; only footprint geometry imported"},"geometry":{"type":"Polygon","coordinates":[[[119.2956397,26.0818988],[119.2956954,26.0818997],[119.2956954,26.0818196],[119.2956397,26.0818188],[119.2956397,26.0818988]]]}},{"type":"Feature","properties":{"id":"topoexport/overture-2026/79","kind":"building","source":"TopoExport / Overture Buildings 2026","license":"ODbL-1.0","area_m2":93,"coordinateAccuracy":"external-footprint","heightNote":"Stylized height; only footprint geometry imported"},"geometry":{"type":"Polygon","coordinates":[[[119.295482,26.0821876],[119.29555180000001,26.082208500000004],[119.2955915,26.0821003],[119.2955216,26.082079399999998],[119.295482,26.0821876]]]}},{"type":"Feature","properties":{"id":"topoexport/overture-2026/80","kind":"building","source":"TopoExport / Overture Buildings 2026","license":"ODbL-1.0","area_m2":255,"coordinateAccuracy":"external-footprint","heightNote":"Stylized height; only footprint geometry imported"},"geometry":{"type":"Polygon","coordinates":[[[119.29532979999999,26.082118],[119.29541170000002,26.082160799999997],[119.2954538,26.0820951],[119.29539009999999,26.0820618],[119.2953638,26.082102799999994],[119.29521820000001,26.082026699999997],[119.29515490000001,26.0821253],[119.2952823,26.0821919],[119.29532979999999,26.082118]]]}},{"type":"Feature","properties":{"id":"topoexport/overture-2026/81","kind":"building","source":"TopoExport / Overture Buildings 2026","license":"ODbL-1.0","area_m2":160,"coordinateAccuracy":"external-footprint","heightNote":"Stylized height; only footprint geometry imported"},"geometry":{"type":"Polygon","coordinates":[[[119.29539049999998,26.08238],[119.2953282,26.0823709],[119.295288,26.082595900000005],[119.29535029999998,26.082604999999994],[119.29539049999998,26.08238]]]}},{"type":"Feature","properties":{"id":"topoexport/overture-2026/82","kind":"building","source":"TopoExport / Overture Buildings 2026","license":"ODbL-1.0","area_m2":1296,"coordinateAccuracy":"external-footprint","heightNote":"Stylized height; only footprint geometry imported"},"geometry":{"type":"Polygon","coordinates":[[[119.29458300000002,26.082458599999995],[119.2952594,26.08254759999999],[119.2952867,26.0823784],[119.29461030000002,26.082289499999995],[119.29458300000002,26.082458599999995]]]}},{"type":"Feature","properties":{"id":"topoexport/overture-2026/83","kind":"building","source":"TopoExport / Overture Buildings 2026","license":"ODbL-1.0","area_m2":765,"coordinateAccuracy":"external-footprint","heightNote":"Stylized height; only footprint geometry imported"},"geometry":{"type":"Polygon","coordinates":[[[119.29483629999999,26.081803799999992],[119.2953311,26.0818943],[119.29536450000002,26.0817453],[119.29514228118639,26.081704700835527],[119.29485751271083,26.0817092319934],[119.29483629999999,26.081803799999992]]]}},{"type":"Feature","properties":{"id":"topoexport/overture-2026/84","kind":"building","source":"TopoExport / Overture Buildings 2026","license":"ODbL-1.0","area_m2":155,"coordinateAccuracy":"external-footprint","heightNote":"Stylized height; only footprint geometry imported"},"geometry":{"type":"Polygon","coordinates":[[[119.29470040000001,26.081921900000005],[119.2945968,26.0819057],[119.29457160000001,26.082036699999996],[119.29467519999999,26.082052900000004],[119.29470040000001,26.081921900000005]]]}},{"type":"Feature","properties":{"id":"topoexport/overture-2026/85","kind":"building","source":"TopoExport / Overture Buildings 2026","license":"ODbL-1.0","area_m2":213,"coordinateAccuracy":"external-footprint","heightNote":"Stylized height; only footprint geometry imported"},"geometry":{"type":"Polygon","coordinates":[[[119.29455659999999,26.0817589],[119.29446219999998,26.0817523],[119.29446535553961,26.081715470970416],[119.29435969672907,26.08171715175411],[119.29435569999998,26.081763899999995],[119.2947227,26.0817895],[119.2947293882104,26.08171127049191],[119.29456045065093,26.081713958164197],[119.29455659999999,26.0817589]]]}},{"type":"Feature","properties":{"id":"topoexport/overture-2026/86","kind":"building","source":"TopoExport / Overture Buildings 2026","license":"ODbL-1.0","area_m2":641,"coordinateAccuracy":"external-footprint","heightNote":"Stylized height; only footprint geometry imported"},"geometry":{"type":"Polygon","coordinates":[[[119.29406610000001,26.082424200000002],[119.2940636,26.0824621],[119.2943156,26.082475500000005],[119.2943291,26.082266899999997],[119.2940142,26.082250199999997],[119.29400489999999,26.082392399999996],[119.29420440000001,26.082403],[119.2942025,26.0824314],[119.29406610000001,26.082424200000002]]]}},{"type":"Feature","properties":{"id":"topoexport/overture-2026/87","kind":"building","source":"TopoExport / Overture Buildings 2026","license":"ODbL-1.0","area_m2":120,"coordinateAccuracy":"external-footprint","heightNote":"Stylized height; only footprint geometry imported"},"geometry":{"type":"Polygon","coordinates":[[[119.29443180000001,26.082369600000003],[119.29446030000001,26.082200599999997],[119.29439789999999,26.082192000000003],[119.2943695,26.082360999999995],[119.29443180000001,26.082369600000003]]]}},{"type":"Feature","properties":{"id":"topoexport/overture-2026/88","kind":"building","source":"TopoExport / Overture Buildings 2026","license":"ODbL-1.0","area_m2":179,"coordinateAccuracy":"external-footprint","heightNote":"Stylized height; only footprint geometry imported"},"geometry":{"type":"Polygon","coordinates":[[[119.2945555,26.082198199999997],[119.29469280000002,26.0822212],[119.2947146,26.082107399999998],[119.2945763,26.082084399999996],[119.2945555,26.082198199999997]]]}},{"type":"Feature","properties":{"id":"topoexport/overture-2026/89","kind":"building","source":"TopoExport / Overture Buildings 2026","license":"ODbL-1.0","area_m2":727,"coordinateAccuracy":"external-footprint","heightNote":"Stylized height; only footprint geometry imported"},"geometry":{"type":"Polygon","coordinates":[[[119.2951542,26.081984499999997],[119.2947314,26.081908299999995],[119.2946985,26.0820574],[119.29512129999999,26.0821335],[119.2951542,26.081984499999997]]]}},{"type":"Feature","properties":{"id":"topoexport/overture-2026/90","kind":"building","source":"TopoExport / Overture Buildings 2026","license":"ODbL-1.0","area_m2":345,"coordinateAccuracy":"external-footprint","heightNote":"Stylized height; only footprint geometry imported"},"geometry":{"type":"Polygon","coordinates":[[[119.2949802,26.083056099999997],[119.2947119,26.083008600000003],[119.2946876,26.0831204],[119.29495590000002,26.0831679],[119.2949802,26.083056099999997]]]}},{"type":"Feature","properties":{"id":"topoexport/overture-2026/91","kind":"building","source":"TopoExport / Overture Buildings 2026","license":"ODbL-1.0","area_m2":22,"coordinateAccuracy":"external-footprint","heightNote":"Stylized height; only footprint geometry imported"},"geometry":{"type":"Polygon","coordinates":[[[119.2945504,26.083060400000004],[119.29455360000001,26.0831078],[119.2945956,26.0831055],[119.29459239999998,26.0830581],[119.2945504,26.083060400000004]]]}},{"type":"Feature","properties":{"id":"topoexport/overture-2026/92","kind":"building","source":"TopoExport / Overture Buildings 2026","license":"ODbL-1.0","area_m2":505,"coordinateAccuracy":"external-footprint","heightNote":"Stylized height; only footprint geometry imported"},"geometry":{"type":"Polygon","coordinates":[[[119.2948761,26.082771200000003],[119.2949023,26.082659799999995],[119.2945114,26.082584899999993],[119.29448520000001,26.0826964],[119.2948761,26.082771200000003]]]}},{"type":"Feature","properties":{"id":"topoexport/overture-2026/93","kind":"building","source":"TopoExport / Overture Buildings 2026","license":"ODbL-1.0","area_m2":288,"coordinateAccuracy":"external-footprint","heightNote":"Stylized height; only footprint geometry imported"},"geometry":{"type":"Polygon","coordinates":[[[119.2943281,26.08272519999999],[119.29434420000001,26.082631399999997],[119.29407399999998,26.082593599999996],[119.2940579,26.0826874],[119.2943281,26.08272519999999]]]}},{"type":"Feature","properties":{"id":"topoexport/overture-2026/94","kind":"building","source":"TopoExport / Overture Buildings 2026","license":"ODbL-1.0","area_m2":248,"coordinateAccuracy":"external-footprint","heightNote":"Stylized height; only footprint geometry imported"},"geometry":{"type":"Polygon","coordinates":[[[119.2940734,26.0828895],[119.2942379,26.0829215],[119.29426889999999,26.082791500000003],[119.2941044,26.082759499999998],[119.2940734,26.0828895]]]}},{"type":"Feature","properties":{"id":"topoexport/overture-2026/95","kind":"building","source":"TopoExport / Overture Buildings 2026","license":"ODbL-1.0","area_m2":531,"coordinateAccuracy":"external-footprint","heightNote":"Stylized height; only footprint geometry imported"},"geometry":{"type":"Polygon","coordinates":[[[119.2942828,26.082924800000004],[119.29459359999998,26.082973699999997],[119.29462240000001,26.082824],[119.2943116,26.082775199999997],[119.2942828,26.082924800000004]]]}},{"type":"Feature","properties":{"id":"topoexport/overture-2026/96","kind":"building","source":"TopoExport / Overture Buildings 2026","license":"ODbL-1.0","area_m2":71,"coordinateAccuracy":"external-footprint","heightNote":"Stylized height; only footprint geometry imported"},"geometry":{"type":"Polygon","coordinates":[[[119.29442439999998,26.0831803],[119.2943422,26.083164299999996],[119.2943245,26.083238599999994],[119.29440669999998,26.083254600000004],[119.29442439999998,26.0831803]]]}},{"type":"Feature","properties":{"id":"topoexport/overture-2026/97","kind":"building","source":"TopoExport / Overture Buildings 2026","license":"ODbL-1.0","area_m2":1070,"coordinateAccuracy":"external-footprint","heightNote":"Stylized height; only footprint geometry imported"},"geometry":{"type":"Polygon","coordinates":[[[119.29459870000001,26.083551399999997],[119.2939078,26.0833513],[119.2938628,26.0834779],[119.2945538,26.083677999999995],[119.29459870000001,26.083551399999997]]]}},{"type":"Feature","properties":{"id":"topoexport/overture-2026/98","kind":"building","source":"TopoExport / Overture Buildings 2026","license":"ODbL-1.0","area_m2":83,"coordinateAccuracy":"external-footprint","heightNote":"Stylized height; only footprint geometry imported"},"geometry":{"type":"Polygon","coordinates":[[[119.2946357,26.083323699999998],[119.2946463,26.083277199999994],[119.29449180000002,26.083248500000007],[119.2944812,26.083294999999996],[119.2946357,26.083323699999998]]]}},{"type":"Feature","properties":{"id":"topoexport/overture-2026/99","kind":"building","source":"TopoExport / Overture Buildings 2026","license":"ODbL-1.0","area_m2":11,"coordinateAccuracy":"external-footprint","heightNote":"Stylized height; only footprint geometry imported"},"geometry":{"type":"Polygon","coordinates":[[[119.29464610000001,26.0831351],[119.29467399999999,26.083094900000003],[119.29465620000002,26.0830848],[119.29462830000001,26.083125099999997],[119.29464610000001,26.0831351]]]}},{"type":"Feature","properties":{"id":"topoexport/overture-2026/100","kind":"building","source":"TopoExport / Overture Buildings 2026","license":"ODbL-1.0","area_m2":27,"coordinateAccuracy":"external-footprint","heightNote":"Stylized height; only footprint geometry imported"},"geometry":{"type":"Polygon","coordinates":[[[119.29484580000002,26.083316599999996],[119.2947199,26.083308499999998],[119.29471840000001,26.083327400000005],[119.2948443,26.083335500000004],[119.29484580000002,26.083316599999996]]]}},{"type":"Feature","properties":{"id":"topoexport/overture-2026/101","kind":"building","source":"TopoExport / Overture Buildings 2026","license":"ODbL-1.0","area_m2":268,"coordinateAccuracy":"external-footprint","heightNote":"Stylized height; only footprint geometry imported"},"geometry":{"type":"Polygon","coordinates":[[[119.29501170000002,26.083188],[119.2949805,26.083288499999995],[119.29520319999999,26.083344999999998],[119.2952345,26.083244400000005],[119.29501170000002,26.083188]]]}},{"type":"Feature","properties":{"id":"topoexport/overture-2026/102","kind":"building","source":"TopoExport / Overture Buildings 2026","license":"ODbL-1.0","area_m2":62,"coordinateAccuracy":"external-footprint","heightNote":"Stylized height; only footprint geometry imported"},"geometry":{"type":"Polygon","coordinates":[[[119.29503639999999,26.083049899999992],[119.2950185,26.0831144],[119.2951001,26.083132899999995],[119.29511799999999,26.0830684],[119.29503639999999,26.083049899999992]]]}},{"type":"Feature","properties":{"id":"topoexport/overture-2026/103","kind":"building","source":"TopoExport / Overture Buildings 2026","license":"ODbL-1.0","area_m2":13,"coordinateAccuracy":"external-footprint","heightNote":"Stylized height; only footprint geometry imported"},"geometry":{"type":"Polygon","coordinates":[[[119.29537860000002,26.082988],[119.2953731,26.0830448],[119.29539409999998,26.083046399999997],[119.2953995,26.0829897],[119.29537860000002,26.082988]]]}},{"type":"Feature","properties":{"id":"topoexport/overture-2026/104","kind":"building","source":"TopoExport / Overture Buildings 2026","license":"ODbL-1.0","area_m2":390,"coordinateAccuracy":"external-footprint","heightNote":"Stylized height; only footprint geometry imported"},"geometry":{"type":"Polygon","coordinates":[[[119.2956659,26.082732499999995],[119.2956891,26.08258199999999],[119.29545999999999,26.0825532],[119.2954368,26.0827037],[119.2956659,26.082732499999995]]]}},{"type":"Feature","properties":{"id":"topoexport/overture-2026/105","kind":"building","source":"TopoExport / Overture Buildings 2026","license":"ODbL-1.0","area_m2":606,"coordinateAccuracy":"external-footprint","heightNote":"Stylized height; only footprint geometry imported"},"geometry":{"type":"Polygon","coordinates":[[[119.2956443,26.082861500000003],[119.2955613,26.083116600000004],[119.29579999551078,26.08317995160186],[119.29579999589804,26.08290282292781],[119.2956443,26.082861500000003]]]}},{"type":"Feature","properties":{"id":"topoexport/overture-2026/106","kind":"building","source":"TopoExport / Overture Buildings 2026","license":"ODbL-1.0","area_m2":322,"coordinateAccuracy":"external-footprint","heightNote":"Stylized height; only footprint geometry imported"},"geometry":{"type":"Polygon","coordinates":[[[119.2955087,26.083198300000003],[119.29549009999998,26.083291799999998],[119.29579999530883,26.08334222562088],[119.29579999542676,26.08324568433044],[119.2955087,26.083198300000003]]]}},{"type":"Feature","properties":{"id":"topoexport/overture-2026/107","kind":"building","source":"TopoExport / Overture Buildings 2026","license":"ODbL-1.0","area_m2":1441,"coordinateAccuracy":"external-footprint","heightNote":"Stylized height; only footprint geometry imported"},"geometry":{"type":"Polygon","coordinates":[[[119.2946222,26.0837245],[119.29554590000001,26.084014699999997],[119.2955943,26.083889199999994],[119.29467060000002,26.083598999999992],[119.2946222,26.0837245]]]}},{"type":"Feature","properties":{"id":"topoexport/overture-2026/108","kind":"building","source":"TopoExport / Overture Buildings 2026","license":"ODbL-1.0","area_m2":96,"coordinateAccuracy":"external-footprint","heightNote":"Stylized height; only footprint geometry imported"},"geometry":{"type":"Polygon","coordinates":[[[119.295536,26.0855702],[119.29559170000002,26.085581999999995],[119.2956314,26.0854355],[119.2955757,26.0854226],[119.295536,26.0855702]]]}},{"type":"Feature","properties":{"id":"topoexport/overture-2026/109","kind":"building","source":"TopoExport / Overture Buildings 2026","license":"ODbL-1.0","area_m2":57,"coordinateAccuracy":"external-footprint","heightNote":"Stylized height; only footprint geometry imported"},"geometry":{"type":"Polygon","coordinates":[[[119.2956116,26.085574299999998],[119.295612,26.085574399999995],[119.2956116,26.085576299999996],[119.2956634,26.0855851],[119.29568320000001,26.085491300000005],[119.29562950000002,26.085482499999998],[119.2956116,26.085574299999998]]]}},{"type":"Feature","properties":{"id":"topoexport/overture-2026/110","kind":"building","source":"TopoExport / Overture Buildings 2026","license":"ODbL-1.0","area_m2":16,"coordinateAccuracy":"external-footprint","heightNote":"Stylized height; only footprint geometry imported"},"geometry":{"type":"Polygon","coordinates":[[[119.29443369999998,26.0853976],[119.2944338,26.085397599999997],[119.2944688,26.0853034],[119.29443900000001,26.085298900000005],[119.29443369999998,26.0853976]]]}},{"type":"Feature","properties":{"id":"topoexport/overture-2026/111","kind":"building","source":"TopoExport / Overture Buildings 2026","license":"ODbL-1.0","area_m2":19,"coordinateAccuracy":"external-footprint","heightNote":"Stylized height; only footprint geometry imported"},"geometry":{"type":"Polygon","coordinates":[[[119.2940839,26.0843571],[119.2941346,26.0843689],[119.2941456,26.084338999999993],[119.2940948,26.0843253],[119.2940839,26.0843571]]]}},{"type":"Feature","properties":{"id":"topoexport/overture-2026/112","kind":"building","source":"TopoExport / Overture Buildings 2026","license":"ODbL-1.0","area_m2":39,"coordinateAccuracy":"external-footprint","heightNote":"Stylized height; only footprint geometry imported"},"geometry":{"type":"Polygon","coordinates":[[[119.2943683,26.084052999999997],[119.2944379,26.084072999999997],[119.29445379999999,26.0840282],[119.29438620000002,26.084006200000005],[119.2943683,26.084052999999997]]]}},{"type":"Feature","properties":{"id":"topoexport/overture-2026/113","kind":"building","source":"TopoExport / Overture Buildings 2026","license":"ODbL-1.0","area_m2":13,"coordinateAccuracy":"external-footprint","heightNote":"Stylized height; only footprint geometry imported"},"geometry":{"type":"Polygon","coordinates":[[[119.2926787,26.0839312],[119.2927677,26.083925799999996],[119.29276670000002,26.083912399999996],[119.2926777,26.083917800000002],[119.2926787,26.0839312]]]}},{"type":"Feature","properties":{"id":"topoexport/overture-2026/114","kind":"building","source":"TopoExport / Overture Buildings 2026","license":"ODbL-1.0","area_m2":71,"coordinateAccuracy":"external-footprint","heightNote":"Stylized height; only footprint geometry imported"},"geometry":{"type":"Polygon","coordinates":[[[119.2923518,26.082925099999997],[119.2923141,26.08299299999999],[119.2923894,26.083026999999994],[119.29242700000002,26.082959],[119.2923518,26.082925099999997]]]}},{"type":"Feature","properties":{"id":"topoexport/overture-2026/115","kind":"building","source":"TopoExport / Overture Buildings 2026","license":"ODbL-1.0","area_m2":79,"coordinateAccuracy":"external-footprint","heightNote":"Stylized height; only footprint geometry imported"},"geometry":{"type":"Polygon","coordinates":[[[119.29245529999999,26.0830729],[119.29253590000002,26.083064899999997],[119.2925638,26.0829872],[119.2924941,26.0829663],[119.29245529999999,26.0830729]]]}},{"type":"Feature","properties":{"id":"topoexport/overture-2026/116","kind":"building","source":"TopoExport / Overture Buildings 2026","license":"ODbL-1.0","area_m2":463,"coordinateAccuracy":"external-footprint","heightNote":"Stylized height; only footprint geometry imported"},"geometry":{"type":"Polygon","coordinates":[[[119.2931391,26.0828663],[119.29319900000002,26.082694199999995],[119.2929782,26.082631600000003],[119.29291840000002,26.082803799999997],[119.2931391,26.0828663]]]}},{"type":"Feature","properties":{"id":"topoexport/overture-2026/117","kind":"building","source":"TopoExport / Overture Buildings 2026","license":"ODbL-1.0","area_m2":664,"coordinateAccuracy":"external-footprint","heightNote":"Stylized height; only footprint geometry imported"},"geometry":{"type":"Polygon","coordinates":[[[119.2932612,26.083282600000004],[119.2932946,26.0831727],[119.2927875,26.083047299999997],[119.29275410000001,26.0831572],[119.2932612,26.083282600000004]]]}},{"type":"Feature","properties":{"id":"topoexport/overture-2026/118","kind":"building","source":"TopoExport / Overture Buildings 2026","license":"ODbL-1.0","area_m2":186,"coordinateAccuracy":"external-footprint","heightNote":"Stylized height; only footprint geometry imported"},"geometry":{"type":"Polygon","coordinates":[[[119.29345829999998,26.083188299999996],[119.2933159,26.083154399999994],[119.2932837,26.0832646],[119.29342610000002,26.0832985],[119.29345829999998,26.083188299999996]]]}},{"type":"Feature","properties":{"id":"topoexport/overture-2026/119","kind":"building","source":"TopoExport / Overture Buildings 2026","license":"ODbL-1.0","area_m2":151,"coordinateAccuracy":"external-footprint","heightNote":"Stylized height; only footprint geometry imported"},"geometry":{"type":"Polygon","coordinates":[[[119.29363100000002,26.0833401],[119.2936176,26.0834151],[119.2937941,26.083440799999998],[119.29380750000001,26.083365799999992],[119.29363100000002,26.0833401]]]}},{"type":"Feature","properties":{"id":"topoexport/overture-2026/120","kind":"building","source":"TopoExport / Overture Buildings 2026","license":"ODbL-1.0","area_m2":219,"coordinateAccuracy":"external-footprint","heightNote":"Stylized height; only footprint geometry imported"},"geometry":{"type":"Polygon","coordinates":[[[119.2938145,26.0833559],[119.2938257,26.0832998],[119.2934842,26.0832442],[119.293473,26.083300299999998],[119.2938145,26.0833559]]]}},{"type":"Feature","properties":{"id":"topoexport/overture-2026/121","kind":"building","source":"TopoExport / Overture Buildings 2026","license":"ODbL-1.0","area_m2":332,"coordinateAccuracy":"external-footprint","heightNote":"Stylized height; only footprint geometry imported"},"geometry":{"type":"Polygon","coordinates":[[[119.2940167,26.082773099999997],[119.29370690000002,26.0827192],[119.293687,26.0828124],[119.2939967,26.082866399999997],[119.2940167,26.082773099999997]]]}},{"type":"Feature","properties":{"id":"topoexport/overture-2026/122","kind":"building","source":"TopoExport / Overture Buildings 2026","license":"ODbL-1.0","area_m2":372,"coordinateAccuracy":"external-footprint","heightNote":"Stylized height; only footprint geometry imported"},"geometry":{"type":"Polygon","coordinates":[[[119.29402650000002,26.082699099999992],[119.29405080000001,26.0825873],[119.2937618,26.082536099999995],[119.29373759999999,26.0826479],[119.29402650000002,26.082699099999992]]]}},{"type":"Feature","properties":{"id":"topoexport/overture-2026/123","kind":"building","source":"TopoExport / Overture Buildings 2026","license":"ODbL-1.0","area_m2":496,"coordinateAccuracy":"external-footprint","heightNote":"Stylized height; only footprint geometry imported"},"geometry":{"type":"Polygon","coordinates":[[[119.2936847,26.082647999999995],[119.29336010000002,26.0825677],[119.29332120000001,26.082696],[119.29364580000001,26.082776199999998],[119.2936847,26.082647999999995]]]}},{"type":"Feature","properties":{"id":"topoexport/overture-2026/124","kind":"building","source":"TopoExport / Overture Buildings 2026","license":"ODbL-1.0","area_m2":512,"coordinateAccuracy":"external-footprint","heightNote":"Stylized height; only footprint geometry imported"},"geometry":{"type":"Polygon","coordinates":[[[119.29373609999999,26.082518299999997],[119.293768,26.082388500000004],[119.2934292,26.082320600000003],[119.2933973,26.082450399999995],[119.29373609999999,26.082518299999997]]]}},{"type":"Feature","properties":{"id":"topoexport/overture-2026/125","kind":"building","source":"TopoExport / Overture Buildings 2026","license":"ODbL-1.0","area_m2":1930,"coordinateAccuracy":"external-footprint","heightNote":"Stylized height; only footprint geometry imported"},"geometry":{"type":"Polygon","coordinates":[[[119.2943054,26.0821028],[119.29431090000001,26.0820556],[119.2942273,26.082047699999993],[119.29423170000001,26.082009899999996],[119.29444080000002,26.0820298],[119.2944595,26.0818692],[119.2939471,26.0818206],[119.2939537,26.0817639],[119.2937027,26.081740099999994],[119.2936708,26.082013999999997],[119.29401590000002,26.0820467],[119.29403459999999,26.0818862],[119.294066,26.081889099999998],[119.294044,26.082078],[119.2943054,26.0821028]]]}},{"type":"Feature","properties":{"id":"topoexport/overture-2026/126","kind":"building","source":"TopoExport / Overture Buildings 2026","license":"ODbL-1.0","area_m2":321,"coordinateAccuracy":"external-footprint","heightNote":"Stylized height; only footprint geometry imported"},"geometry":{"type":"Polygon","coordinates":[[[119.2934062,26.081887099999996],[119.293428,26.081794200000004],[119.2931297,26.081737099999998],[119.29310789999998,26.0818299],[119.2934062,26.081887099999996]]]}},{"type":"Feature","properties":{"id":"topoexport/overture-2026/127","kind":"building","source":"TopoExport / Overture Buildings 2026","license":"ODbL-1.0","area_m2":332,"coordinateAccuracy":"external-footprint","heightNote":"Stylized height; only footprint geometry imported"},"geometry":{"type":"Polygon","coordinates":[[[119.29333530000001,26.082101999999992],[119.29335650000002,26.082008999999992],[119.29304750000001,26.0819516],[119.29302629999998,26.082044600000003],[119.29333530000001,26.082101999999992]]]}},{"type":"Feature","properties":{"id":"topoexport/overture-2026/128","kind":"building","source":"TopoExport / Overture Buildings 2026","license":"ODbL-1.0","area_m2":416,"coordinateAccuracy":"external-footprint","heightNote":"Stylized height; only footprint geometry imported"},"geometry":{"type":"Polygon","coordinates":[[[119.2931176,26.0824136],[119.2932193,26.082463399999998],[119.2932945,26.082338199999995],[119.29307270000001,26.0822295],[119.29302250000002,26.082312899999998],[119.29305950000001,26.0823311],[119.29301429999998,26.0824062],[119.2930975,26.082447],[119.2931176,26.0824136]]]}},{"type":"Feature","properties":{"id":"topoexport/overture-2026/129","kind":"building","source":"TopoExport / Overture Buildings 2026","license":"ODbL-1.0","area_m2":1345,"coordinateAccuracy":"external-footprint","heightNote":"Stylized height; only footprint geometry imported"},"geometry":{"type":"Polygon","coordinates":[[[119.2927335,26.0821067],[119.2925388,26.0820661],[119.29240600000001,26.082584199999996],[119.2926519,26.08263549999999],[119.29272310000002,26.082357999999996],[119.2926718,26.0823473],[119.2927335,26.0821067]]]}},{"type":"Feature","properties":{"id":"topoexport/overture-2026/130","kind":"building","source":"TopoExport / Overture Buildings 2026","license":"ODbL-1.0","area_m2":319,"coordinateAccuracy":"external-footprint","heightNote":"Stylized height; only footprint geometry imported"},"geometry":{"type":"Polygon","coordinates":[[[119.292843,26.081817400000002],[119.2926612,26.0817698],[119.29261430000001,26.081915699999993],[119.29279609999999,26.0819634],[119.292843,26.081817400000002]]]}},{"type":"Feature","properties":{"id":"topoexport/overture-2026/131","kind":"building","source":"TopoExport / Overture Buildings 2026","license":"ODbL-1.0","area_m2":275,"coordinateAccuracy":"external-footprint","heightNote":"Stylized height; only footprint geometry imported"},"geometry":{"type":"Polygon","coordinates":[[[119.292166,26.082012099999996],[119.2921907,26.081939499999997],[119.2918791,26.081853],[119.2918544,26.0819256],[119.292166,26.082012099999996]]]}},{"type":"Feature","properties":{"id":"topoexport/overture-2026/132","kind":"building","source":"TopoExport / Overture Buildings 2026","license":"ODbL-1.0","area_m2":20,"coordinateAccuracy":"external-footprint","heightNote":"Stylized height; only footprint geometry imported"},"geometry":{"type":"Polygon","coordinates":[[[119.2916174,26.081828799999997],[119.29155580000001,26.081816500000006],[119.29154890000001,26.081844299999993],[119.2916105,26.081856599999995],[119.2916174,26.081828799999997]]]}},{"type":"Feature","properties":{"id":"topoexport/overture-2026/133","kind":"building","source":"TopoExport / Overture Buildings 2026","license":"ODbL-1.0","area_m2":66,"coordinateAccuracy":"external-footprint","heightNote":"Stylized height; only footprint geometry imported"},"geometry":{"type":"Polygon","coordinates":[[[119.2917549,26.0821278],[119.2919067,26.082166700000002],[119.29191820000001,26.0821302],[119.29176640000001,26.0820913],[119.2917549,26.0821278]]]}},{"type":"Feature","properties":{"id":"topoexport/overture-2026/134","kind":"building","source":"TopoExport / Overture Buildings 2026","license":"ODbL-1.0","area_m2":86,"coordinateAccuracy":"external-footprint","heightNote":"Stylized height; only footprint geometry imported"},"geometry":{"type":"Polygon","coordinates":[[[119.2917185,26.082060200000004],[119.2918536,26.082079099999998],[119.2918632,26.082022799999997],[119.2917281,26.0820039],[119.2917185,26.082060200000004]]]}},{"type":"Feature","properties":{"id":"topoexport/overture-2026/135","kind":"building","source":"TopoExport / Overture Buildings 2026","license":"ODbL-1.0","area_m2":40,"coordinateAccuracy":"external-footprint","heightNote":"Stylized height; only footprint geometry imported"},"geometry":{"type":"Polygon","coordinates":[[[119.29153029999999,26.0820366],[119.2914494,26.081992199999995],[119.29142760000002,26.082024699999995],[119.29150840000001,26.082069099999995],[119.29153029999999,26.0820366]]]}},{"type":"Feature","properties":{"id":"topoexport/overture-2026/136","kind":"building","source":"TopoExport / Overture Buildings 2026","license":"ODbL-1.0","area_m2":80,"coordinateAccuracy":"external-footprint","heightNote":"Stylized height; only footprint geometry imported"},"geometry":{"type":"Polygon","coordinates":[[[119.2919145,26.08204999999999],[119.2919543,26.082059599999994],[119.292006,26.0820722],[119.29202890000002,26.0819995],[119.2919732,26.081985699999997],[119.2919363,26.08197729999999],[119.2919145,26.08204999999999]]]}},{"type":"Feature","properties":{"id":"topoexport/overture-2026/137","kind":"building","source":"TopoExport / Overture Buildings 2026","license":"ODbL-1.0","area_m2":274,"coordinateAccuracy":"external-footprint","heightNote":"Stylized height; only footprint geometry imported"},"geometry":{"type":"Polygon","coordinates":[[[119.29214749999998,26.0820842],[119.29201780000001,26.082045],[119.29195450000002,26.082216199999994],[119.2920841,26.082255300000003],[119.29214749999998,26.0820842]]]}},{"type":"Feature","properties":{"id":"topoexport/overture-2026/138","kind":"building","source":"TopoExport / Overture Buildings 2026","license":"ODbL-1.0","area_m2":629,"coordinateAccuracy":"external-footprint","heightNote":"Stylized height; only footprint geometry imported"},"geometry":{"type":"Polygon","coordinates":[[[119.2923305,26.0824497],[119.2923375,26.08243179999999],[119.29222840000001,26.082397099999998],[119.2922214,26.0824151],[119.2919932,26.0823426],[119.2919444,26.0824681],[119.29233130000001,26.082590899999992],[119.2923801,26.0824654],[119.2923305,26.0824497]]]}},{"type":"Feature","properties":{"id":"topoexport/overture-2026/139","kind":"building","source":"TopoExport / Overture Buildings 2026","license":"ODbL-1.0","area_m2":452,"coordinateAccuracy":"external-footprint","heightNote":"Stylized height; only footprint geometry imported"},"geometry":{"type":"Polygon","coordinates":[[[119.2922002,26.082995799999996],[119.2922241,26.0828839],[119.29187299999998,26.082822799999995],[119.2918491,26.082934699999996],[119.2922002,26.082995799999996]]]}},{"type":"Feature","properties":{"id":"topoexport/overture-2026/140","kind":"building","source":"TopoExport / Overture Buildings 2026","license":"ODbL-1.0","area_m2":60,"coordinateAccuracy":"external-footprint","heightNote":"Stylized height; only footprint geometry imported"},"geometry":{"type":"Polygon","coordinates":[[[119.29229080000002,26.083012599999996],[119.2923189,26.082931],[119.2922586,26.082914100000004],[119.29223060000001,26.082995699999998],[119.29229080000002,26.083012599999996]]]}},{"type":"Feature","properties":{"id":"topoexport/overture-2026/141","kind":"building","source":"TopoExport / Overture Buildings 2026","license":"ODbL-1.0","area_m2":88,"coordinateAccuracy":"external-footprint","heightNote":"Stylized height; only footprint geometry imported"},"geometry":{"type":"Polygon","coordinates":[[[119.2914413,26.083505100000004],[119.2915667,26.083537700000004],[119.29158460000001,26.083478899999996],[119.2914612,26.083446299999995],[119.2914413,26.083505100000004]]]}},{"type":"Feature","properties":{"id":"topoexport/overture-2026/142","kind":"building","source":"TopoExport / Overture Buildings 2026","license":"ODbL-1.0","area_m2":373,"coordinateAccuracy":"external-footprint","heightNote":"Stylized height; only footprint geometry imported"},"geometry":{"type":"Polygon","coordinates":[[[119.2916162,26.082862799999997],[119.2917984,26.082923199999996],[119.291865,26.082761900000005],[119.2916828,26.0826996],[119.2916162,26.082862799999997]]]}},{"type":"Feature","properties":{"id":"topoexport/overture-2026/143","kind":"building","source":"TopoExport / Overture Buildings 2026","license":"ODbL-1.0","area_m2":166,"coordinateAccuracy":"external-footprint","heightNote":"Stylized height; only footprint geometry imported"},"geometry":{"type":"Polygon","coordinates":[[[119.2913729,26.082613899999995],[119.29133430000002,26.0827225],[119.2913844,26.082736999999998],[119.2914069,26.082673699999997],[119.2915871,26.082725899999996],[119.29160320000001,26.082680599999996],[119.2913729,26.082613899999995]]]}},{"type":"Feature","properties":{"id":"topoexport/overture-2026/144","kind":"building","source":"TopoExport / Overture Buildings 2026","license":"ODbL-1.0","area_m2":93,"coordinateAccuracy":"external-footprint","heightNote":"Stylized height; only footprint geometry imported"},"geometry":{"type":"Polygon","coordinates":[[[119.2912792,26.08258529999999],[119.29122609999999,26.082709300000005],[119.291285,26.0827298],[119.29133800000001,26.082605799999996],[119.2912792,26.08258529999999]]]}},{"type":"Feature","properties":{"id":"topoexport/overture-2026/145","kind":"building","source":"TopoExport / Overture Buildings 2026","license":"ODbL-1.0","area_m2":40,"coordinateAccuracy":"external-footprint","heightNote":"Stylized height; only footprint geometry imported"},"geometry":{"type":"Polygon","coordinates":[[[119.2911173,26.0826171],[119.2911044,26.082672799999994],[119.29116610000001,26.0826845],[119.29117899999999,26.082628700000004],[119.2911173,26.0826171]]]}},{"type":"Feature","properties":{"id":"topoexport/overture-2026/146","kind":"building","source":"TopoExport / Overture Buildings 2026","license":"ODbL-1.0","area_m2":27,"coordinateAccuracy":"external-footprint","heightNote":"Stylized height; only footprint geometry imported"},"geometry":{"type":"Polygon","coordinates":[[[119.29063560000002,26.083103499999993],[119.2906619,26.083051699999995],[119.29062360000002,26.0830359],[119.2905973,26.083087700000004],[119.29063560000002,26.083103499999993]]]}},{"type":"Feature","properties":{"id":"topoexport/overture-2026/147","kind":"building","source":"TopoExport / Overture Buildings 2026","license":"ODbL-1.0","area_m2":216,"coordinateAccuracy":"external-footprint","heightNote":"Stylized height; only footprint geometry imported"},"geometry":{"type":"Polygon","coordinates":[[[119.2910393,26.0826624],[119.2910718,26.082542499999995],[119.29091859999998,26.082508700000005],[119.2908861,26.082628599999993],[119.2910393,26.0826624]]]}},{"type":"Feature","properties":{"id":"topoexport/overture-2026/148","kind":"building","source":"TopoExport / Overture Buildings 2026","license":"ODbL-1.0","area_m2":66,"coordinateAccuracy":"external-footprint","heightNote":"Stylized height; only footprint geometry imported"},"geometry":{"type":"Polygon","coordinates":[[[119.290769,26.0825786],[119.2908307,26.082590700000004],[119.29085309999999,26.082498],[119.2907915,26.082485799999997],[119.290769,26.0825786]]]}},{"type":"Feature","properties":{"id":"topoexport/overture-2026/149","kind":"building","source":"TopoExport / Overture Buildings 2026","license":"ODbL-1.0","area_m2":66,"coordinateAccuracy":"external-footprint","heightNote":"Stylized height; only footprint geometry imported"},"geometry":{"type":"Polygon","coordinates":[[[119.2906138,26.0821435],[119.2907138,26.082173099999995],[119.2907334,26.082118900000005],[119.29063350000001,26.082089399999997],[119.2906138,26.0821435]]]}},{"type":"Feature","properties":{"id":"topoexport/overture-2026/150","kind":"building","source":"TopoExport / Overture Buildings 2026","license":"ODbL-1.0","area_m2":31,"coordinateAccuracy":"external-footprint","heightNote":"Stylized height; only footprint geometry imported"},"geometry":{"type":"Polygon","coordinates":[[[119.2911956,26.082536599999997],[119.2911227,26.0825268],[119.29111660000001,26.082564299999998],[119.2911894,26.082574100000002],[119.2911956,26.082536599999997]]]}},{"type":"Feature","properties":{"id":"topoexport/overture-2026/151","kind":"building","source":"TopoExport / Overture Buildings 2026","license":"ODbL-1.0","area_m2":175,"coordinateAccuracy":"external-footprint","heightNote":"Stylized height; only footprint geometry imported"},"geometry":{"type":"Polygon","coordinates":[[[119.2912436,26.0820946],[119.29162690000001,26.0821694],[119.29164970000001,26.082091699999992],[119.2912436,26.0820946]]]}},{"type":"Feature","properties":{"id":"topoexport/overture-2026/152","kind":"building","source":"TopoExport / Overture Buildings 2026","license":"ODbL-1.0","area_m2":27,"coordinateAccuracy":"external-footprint","heightNote":"Stylized height; only footprint geometry imported"},"geometry":{"type":"Polygon","coordinates":[[[119.2912079,26.08197],[119.2911547,26.081939499999997],[119.2911321,26.0819716],[119.2911854,26.082002099999997],[119.2912079,26.08197]]]}},{"type":"Feature","properties":{"id":"topoexport/overture-2026/153","kind":"building","source":"TopoExport / Overture Buildings 2026","license":"ODbL-1.0","area_m2":106,"coordinateAccuracy":"external-footprint","heightNote":"Stylized height; only footprint geometry imported"},"geometry":{"type":"Polygon","coordinates":[[[119.2912259,26.081933599999996],[119.2913869,26.081977699999992],[119.29140529999998,26.081923199999995],[119.29124430000002,26.0818791],[119.2912259,26.081933599999996]]]}},{"type":"Feature","properties":{"id":"topoexport/overture-2026/154","kind":"building","source":"TopoExport / Overture Buildings 2026","license":"ODbL-1.0","area_m2":93,"coordinateAccuracy":"external-footprint","heightNote":"Stylized height; only footprint geometry imported"},"geometry":{"type":"Polygon","coordinates":[[[119.29093420000001,26.081808799999994],[119.2909175,26.081940799999998],[119.29098009999998,26.081947299999996],[119.29099690000001,26.0818152],[119.29093420000001,26.081808799999994]]]}},{"type":"Feature","properties":{"id":"topoexport/overture-2026/155","kind":"building","source":"TopoExport / Overture Buildings 2026","license":"ODbL-1.0","area_m2":8,"coordinateAccuracy":"external-footprint","heightNote":"Stylized height; only footprint geometry imported"},"geometry":{"type":"Polygon","coordinates":[[[119.29042950000002,26.081798600000003],[119.29043541469113,26.08177952304245],[119.29035904466018,26.081780735784136],[119.29042950000002,26.081798600000003]]]}},{"type":"Feature","properties":{"id":"topoexport/overture-2026/156","kind":"building","source":"TopoExport / Overture Buildings 2026","license":"ODbL-1.0","area_m2":12,"coordinateAccuracy":"external-footprint","heightNote":"Stylized height; only footprint geometry imported"},"geometry":{"type":"Polygon","coordinates":[[[119.29028030000002,26.081810999999995],[119.29027500000001,26.081806199999992],[119.29027500000001,26.081801399999996],[119.29026420000001,26.081791699999993],[119.29023210000001,26.0817917],[119.29023210000001,26.081801399999993],[119.2902374,26.0818062],[119.2902374,26.081811],[119.2902428,26.0818158],[119.2902428,26.0818206],[119.2902482,26.081815800000005],[119.2902535,26.081820600000004],[119.2902589,26.081820599999997],[119.29026420000001,26.081825499999997],[119.29026420000001,26.081830299999996],[119.29027500000001,26.0818206],[119.29027500000001,26.081815799999998],[119.29028030000002,26.081810999999995]]]}},{"type":"Feature","properties":{"id":"topoexport/overture-2026/157","kind":"building","source":"TopoExport / Overture Buildings 2026","license":"ODbL-1.0","area_m2":40,"coordinateAccuracy":"external-footprint","heightNote":"Stylized height; only footprint geometry imported"},"geometry":{"type":"Polygon","coordinates":[[[119.29016799999998,26.0819101],[119.2902244,26.081935799999997],[119.29025279999999,26.0818849],[119.29019640000001,26.081859200000004],[119.29016799999998,26.0819101]]]}},{"type":"Feature","properties":{"id":"topoexport/overture-2026/158","kind":"building","source":"TopoExport / Overture Buildings 2026","license":"ODbL-1.0","area_m2":202,"coordinateAccuracy":"external-footprint","heightNote":"Stylized height; only footprint geometry imported"},"geometry":{"type":"Polygon","coordinates":[[[119.29049949999998,26.082043199999994],[119.29052039999999,26.0820457],[119.2905289,26.0819893],[119.29061220000001,26.08199949999999],[119.2906364,26.081839600000002],[119.2905322,26.081826699999997],[119.29049949999998,26.082043199999994]]]}},{"type":"Feature","properties":{"id":"topoexport/overture-2026/159","kind":"building","source":"TopoExport / Overture Buildings 2026","license":"ODbL-1.0","area_m2":25,"coordinateAccuracy":"external-footprint","heightNote":"Stylized height; only footprint geometry imported"},"geometry":{"type":"Polygon","coordinates":[[[119.29026020000002,26.082306799999998],[119.29030899999998,26.0823234],[119.29032690000001,26.082283599999997],[119.29027809999998,26.082266999999998],[119.29026020000002,26.082306799999998]]]}},{"type":"Feature","properties":{"id":"topoexport/overture-2026/160","kind":"building","source":"TopoExport / Overture Buildings 2026","license":"ODbL-1.0","area_m2":46,"coordinateAccuracy":"external-footprint","heightNote":"Stylized height; only footprint geometry imported"},"geometry":{"type":"Polygon","coordinates":[[[119.2901407,26.082351400000007],[119.2901795,26.0823659],[119.2902233,26.082277299999994],[119.29018350000001,26.082261799999998],[119.2901407,26.082351400000007]]]}},{"type":"Feature","properties":{"id":"topoexport/overture-2026/161","kind":"building","source":"TopoExport / Overture Buildings 2026","license":"ODbL-1.0","area_m2":280,"coordinateAccuracy":"external-footprint","heightNote":"Stylized height; only footprint geometry imported"},"geometry":{"type":"Polygon","coordinates":[[[119.28995219999999,26.082318099999995],[119.29003379999999,26.082112499999994],[119.28992489999999,26.0820773],[119.28984329999999,26.082282899999992],[119.28995219999999,26.082318099999995]]]}},{"type":"Feature","properties":{"id":"topoexport/overture-2026/162","kind":"building","source":"TopoExport / Overture Buildings 2026","license":"ODbL-1.0","area_m2":18,"coordinateAccuracy":"external-footprint","heightNote":"Stylized height; only footprint geometry imported"},"geometry":{"type":"Polygon","coordinates":[[[119.29016540000002,26.0818693],[119.29013010000001,26.081848600000008],[119.2901072,26.081880399999996],[119.29014240000001,26.0819012],[119.29016540000002,26.0818693]]]}},{"type":"Feature","properties":{"id":"topoexport/overture-2026/163","kind":"building","source":"TopoExport / Overture Buildings 2026","license":"ODbL-1.0","area_m2":57,"coordinateAccuracy":"external-footprint","heightNote":"Stylized height; only footprint geometry imported"},"geometry":{"type":"Polygon","coordinates":[[[119.28966959999998,26.081842599999995],[119.28973830000001,26.081867400000004],[119.28977150828858,26.081790064398522],[119.28969101221195,26.08179134228931],[119.28966959999998,26.081842599999995]]]}},{"type":"Feature","properties":{"id":"topoexport/overture-2026/164","kind":"building","source":"TopoExport / Overture Buildings 2026","license":"ODbL-1.0","area_m2":195,"coordinateAccuracy":"external-footprint","heightNote":"Stylized height; only footprint geometry imported"},"geometry":{"type":"Polygon","coordinates":[[[119.289554,26.081947500000002],[119.2893387,26.081870999999996],[119.2893079,26.081941699999998],[119.2895232,26.082018199999997],[119.289554,26.081947500000002]]]}},{"type":"Feature","properties":{"id":"topoexport/overture-2026/165","kind":"building","source":"TopoExport / Overture Buildings 2026","license":"ODbL-1.0","area_m2":199,"coordinateAccuracy":"external-footprint","heightNote":"Stylized height; only footprint geometry imported"},"geometry":{"type":"Polygon","coordinates":[[[119.28896780000001,26.081820899999997],[119.2892097,26.081913799999995],[119.2892509,26.0818265],[119.28918052846265,26.081799445271724],[119.28897638641396,26.08180268514223],[119.28896780000001,26.081820899999997]]]}},{"type":"Feature","properties":{"id":"topoexport/overture-2026/166","kind":"building","source":"TopoExport / Overture Buildings 2026","license":"ODbL-1.0","area_m2":653,"coordinateAccuracy":"external-footprint","heightNote":"Stylized height; only footprint geometry imported"},"geometry":{"type":"Polygon","coordinates":[[[119.28948239999998,26.082151799999995],[119.28891,26.081935599999998],[119.28886940000001,26.082023199999995],[119.28944179999999,26.082239399999995],[119.28948239999998,26.082151799999995]]]}},{"type":"Feature","properties":{"id":"topoexport/overture-2026/167","kind":"building","source":"TopoExport / Overture Buildings 2026","license":"ODbL-1.0","area_m2":518,"coordinateAccuracy":"external-footprint","heightNote":"Stylized height; only footprint geometry imported"},"geometry":{"type":"Polygon","coordinates":[[[119.28939350000002,26.0824303],[119.28913639999999,26.082346299999998],[119.289072,26.082507099999997],[119.2893291,26.08259109999999],[119.28939350000002,26.0824303]]]}},{"type":"Feature","properties":{"id":"topoexport/overture-2026/168","kind":"building","source":"TopoExport / Overture Buildings 2026","license":"ODbL-1.0","area_m2":343,"coordinateAccuracy":"external-footprint","heightNote":"Stylized height; only footprint geometry imported"},"geometry":{"type":"Polygon","coordinates":[[[119.2889445,26.0826963],[119.28925550000001,26.082784499999992],[119.28928700000002,26.0826939],[119.288976,26.082605699999988],[119.2889445,26.0826963]]]}},{"type":"Feature","properties":{"id":"topoexport/overture-2026/169","kind":"building","source":"TopoExport / Overture Buildings 2026","license":"ODbL-1.0","area_m2":412,"coordinateAccuracy":"external-footprint","heightNote":"Stylized height; only footprint geometry imported"},"geometry":{"type":"Polygon","coordinates":[[[119.28915950000001,26.083021199999997],[119.2892013,26.0829136],[119.2888938,26.082816],[119.2888519,26.0829236],[119.28915950000001,26.083021199999997]]]}},{"type":"Feature","properties":{"id":"topoexport/overture-2026/170","kind":"building","source":"TopoExport / Overture Buildings 2026","license":"ODbL-1.0","area_m2":355,"coordinateAccuracy":"external-footprint","heightNote":"Stylized height; only footprint geometry imported"},"geometry":{"type":"Polygon","coordinates":[[[119.2888102,26.083018599999996],[119.2887768,26.083108700000004],[119.289096,26.083205],[119.2891293,26.083114900000005],[119.2888102,26.083018599999996]]]}},{"type":"Feature","properties":{"id":"topoexport/overture-2026/171","kind":"building","source":"TopoExport / Overture Buildings 2026","license":"ODbL-1.0","area_m2":16,"coordinateAccuracy":"external-footprint","heightNote":"Stylized height; only footprint geometry imported"},"geometry":{"type":"Polygon","coordinates":[[[119.28956870000002,26.083471700000004],[119.2896085,26.083478099999997],[119.2896155,26.0834422],[119.2895777,26.083436699999996],[119.28956870000002,26.083471700000004]]]}},{"type":"Feature","properties":{"id":"topoexport/overture-2026/172","kind":"building","source":"TopoExport / Overture Buildings 2026","license":"ODbL-1.0","area_m2":140,"coordinateAccuracy":"external-footprint","heightNote":"Stylized height; only footprint geometry imported"},"geometry":{"type":"Polygon","coordinates":[[[119.2902467,26.082731599999995],[119.2902751,26.08265009999999],[119.29013459999999,26.082610200000005],[119.29010630000002,26.082691799999996],[119.2902467,26.082731599999995]]]}},{"type":"Feature","properties":{"id":"topoexport/overture-2026/173","kind":"building","source":"TopoExport / Overture Buildings 2026","license":"ODbL-1.0","area_m2":70,"coordinateAccuracy":"external-footprint","heightNote":"Stylized height; only footprint geometry imported"},"geometry":{"type":"Polygon","coordinates":[[[119.29046510000002,26.0841116],[119.2905119,26.084125199999995],[119.2905526,26.084011599999997],[119.2905058,26.083986999999993],[119.29046510000002,26.0841116]]]}},{"type":"Feature","properties":{"id":"topoexport/overture-2026/174","kind":"building","source":"TopoExport / Overture Buildings 2026","license":"ODbL-1.0","area_m2":40,"coordinateAccuracy":"external-footprint","heightNote":"Stylized height; only footprint geometry imported"},"geometry":{"type":"Polygon","coordinates":[[[119.29049669999999,26.084361100000006],[119.290551,26.084390099999993],[119.2905832,26.084341099999993],[119.2905289,26.084312099999995],[119.29049669999999,26.084361100000006]]]}},{"type":"Feature","properties":{"id":"topoexport/overture-2026/175","kind":"building","source":"TopoExport / Overture Buildings 2026","license":"ODbL-1.0","area_m2":27,"coordinateAccuracy":"external-footprint","heightNote":"Stylized height; only footprint geometry imported"},"geometry":{"type":"Polygon","coordinates":[[[119.2903876,26.084578199999992],[119.29032509999999,26.0845703],[119.2903193,26.0846079],[119.29038179999999,26.084615799999995],[119.2903876,26.084578199999992]]]}},{"type":"Feature","properties":{"id":"topoexport/overture-2026/176","kind":"building","source":"TopoExport / Overture Buildings 2026","license":"ODbL-1.0","area_m2":27,"coordinateAccuracy":"external-footprint","heightNote":"Stylized height; only footprint geometry imported"},"geometry":{"type":"Polygon","coordinates":[[[119.2897697,26.0841187],[119.28973580000002,26.0841667],[119.28977129999998,26.084187099999994],[119.2898052,26.084139099999994],[119.2897697,26.0841187]]]}},{"type":"Feature","properties":{"id":"topoexport/overture-2026/177","kind":"building","source":"TopoExport / Overture Buildings 2026","license":"ODbL-1.0","area_m2":67,"coordinateAccuracy":"external-footprint","heightNote":"Stylized height; only footprint geometry imported"},"geometry":{"type":"Polygon","coordinates":[[[119.28940790000001,26.084432599999996],[119.2894686,26.084442299999992],[119.2895304,26.084455],[119.28954029999998,26.0844061],[119.2894795,26.0843954],[119.2894188,26.0843837],[119.28940790000001,26.084432599999996]]]}},{"type":"Feature","properties":{"id":"topoexport/overture-2026/178","kind":"building","source":"TopoExport / Overture Buildings 2026","license":"ODbL-1.0","area_m2":70,"coordinateAccuracy":"external-footprint","heightNote":"Stylized height; only footprint geometry imported"},"geometry":{"type":"Polygon","coordinates":[[[119.2896702,26.085320299999996],[119.28976680000001,26.085332399999995],[119.2897767,26.0852675],[119.28968009999998,26.08525729999999],[119.2896702,26.085320299999996]]]}},{"type":"Feature","properties":{"id":"topoexport/overture-2026/179","kind":"building","source":"TopoExport / Overture Buildings 2026","license":"ODbL-1.0","area_m2":13,"coordinateAccuracy":"external-footprint","heightNote":"Stylized height; only footprint geometry imported"},"geometry":{"type":"Polygon","coordinates":[[[119.28933260000001,26.0857937],[119.2892994,26.0857668],[119.28927949999999,26.085786800000005],[119.28931279999999,26.0858137],[119.28933260000001,26.0857937]]]}},{"type":"Feature","properties":{"id":"topoexport/overture-2026/180","kind":"building","source":"TopoExport / Overture Buildings 2026","license":"ODbL-1.0","area_m2":130,"coordinateAccuracy":"external-footprint","heightNote":"Stylized height; only footprint geometry imported"},"geometry":{"type":"Polygon","coordinates":[[[119.2908341,26.0853891],[119.29103319999999,26.0854436],[119.29105209999999,26.085388699999996],[119.290852,26.0853362],[119.2908341,26.0853891]]]}},{"type":"Feature","properties":{"id":"topoexport/overture-2026/181","kind":"building","source":"TopoExport / Overture Buildings 2026","license":"ODbL-1.0","area_m2":87,"coordinateAccuracy":"external-footprint","heightNote":"Stylized height; only footprint geometry imported"},"geometry":{"type":"Polygon","coordinates":[[[119.2909666,26.085583799999995],[119.2911059,26.085584600000004],[119.2911059,26.0855285],[119.2909665,26.0855268],[119.2909666,26.085583799999995]]]}},{"type":"Feature","properties":{"id":"topoexport/overture-2026/182","kind":"building","source":"TopoExport / Overture Buildings 2026","license":"ODbL-1.0","area_m2":194,"coordinateAccuracy":"external-footprint","heightNote":"Stylized height; only footprint geometry imported"},"geometry":{"type":"Polygon","coordinates":[[[119.2908778,26.085661599999995],[119.2908564,26.085661699999992],[119.2908564,26.0856906],[119.2910814,26.0856902],[119.2910921,26.0856131],[119.2908886,26.085603699999997],[119.2908778,26.085661599999995]]]}},{"type":"Feature","properties":{"id":"topoexport/overture-2026/183","kind":"building","source":"TopoExport / Overture Buildings 2026","license":"ODbL-1.0","area_m2":229,"coordinateAccuracy":"external-footprint","heightNote":"Stylized height; only footprint geometry imported"},"geometry":{"type":"Polygon","coordinates":[[[119.2908564,26.085873799999998],[119.2910492,26.085892800000003],[119.29105990000001,26.0857867],[119.2908671,26.0857677],[119.2908564,26.085873799999998]]]}},{"type":"Feature","properties":{"id":"topoexport/overture-2026/184","kind":"building","source":"TopoExport / Overture Buildings 2026","license":"ODbL-1.0","area_m2":18,"coordinateAccuracy":"external-footprint","heightNote":"Stylized height; only footprint geometry imported"},"geometry":{"type":"Polygon","coordinates":[[[119.2914046,26.085792600000005],[119.2913912,26.0857402],[119.2913622,26.0857462],[119.2913756,26.085798599999997],[119.2914046,26.085792600000005]]]}},{"type":"Feature","properties":{"id":"topoexport/overture-2026/185","kind":"building","source":"TopoExport / Overture Buildings 2026","license":"ODbL-1.0","area_m2":60,"coordinateAccuracy":"external-footprint","heightNote":"Stylized height; only footprint geometry imported"},"geometry":{"type":"Polygon","coordinates":[[[119.2912044,26.085475200000005],[119.29119780000002,26.0855318],[119.291292,26.0855408],[119.2912985,26.08548409999999],[119.2912044,26.085475200000005]]]}},{"type":"Feature","properties":{"id":"topoexport/overture-2026/186","kind":"building","source":"TopoExport / Overture Buildings 2026","license":"ODbL-1.0","area_m2":40,"coordinateAccuracy":"external-footprint","heightNote":"Stylized height; only footprint geometry imported"},"geometry":{"type":"Polygon","coordinates":[[[119.2912128,26.0850194],[119.2911839,26.0850701],[119.29124,26.0850962],[119.29126890000002,26.085045499999993],[119.2912128,26.0850194]]]}},{"type":"Feature","properties":{"id":"topoexport/overture-2026/187","kind":"building","source":"TopoExport / Overture Buildings 2026","license":"ODbL-1.0","area_m2":53,"coordinateAccuracy":"external-footprint","heightNote":"Stylized height; only footprint geometry imported"},"geometry":{"type":"Polygon","coordinates":[[[119.2912009,26.0849298],[119.2911941,26.0849864],[119.29127770000001,26.084994599999995],[119.29128450000002,26.084938],[119.2912009,26.0849298]]]}},{"type":"Feature","properties":{"id":"topoexport/overture-2026/188","kind":"building","source":"TopoExport / Overture Buildings 2026","license":"ODbL-1.0","area_m2":37,"coordinateAccuracy":"external-footprint","heightNote":"Stylized height; only footprint geometry imported"},"geometry":{"type":"Polygon","coordinates":[[[119.29088049999999,26.08475809999999],[119.29088550000002,26.084805199999998],[119.29095519999998,26.08479910000001],[119.2909502,26.084752000000005],[119.29088049999999,26.08475809999999]]]}},{"type":"Feature","properties":{"id":"topoexport/overture-2026/189","kind":"building","source":"TopoExport / Overture Buildings 2026","license":"ODbL-1.0","area_m2":217,"coordinateAccuracy":"external-footprint","heightNote":"Stylized height; only footprint geometry imported"},"geometry":{"type":"Polygon","coordinates":[[[119.29092069999999,26.0849576],[119.29112430000002,26.085005500000005],[119.291135,26.084889799999996],[119.29094220000002,26.0848805],[119.29092069999999,26.0849576]]]}},{"type":"Feature","properties":{"id":"topoexport/overture-2026/190","kind":"building","source":"TopoExport / Overture Buildings 2026","license":"ODbL-1.0","area_m2":133,"coordinateAccuracy":"external-footprint","heightNote":"Stylized height; only footprint geometry imported"},"geometry":{"type":"Polygon","coordinates":[[[119.2907189,26.085271699999993],[119.29068770000002,26.085140399999997],[119.2906004,26.085157299999995],[119.2906316,26.0852886],[119.2907189,26.085271699999993]]]}},{"type":"Feature","properties":{"id":"topoexport/overture-2026/191","kind":"building","source":"TopoExport / Overture Buildings 2026","license":"ODbL-1.0","area_m2":53,"coordinateAccuracy":"external-footprint","heightNote":"Stylized height; only footprint geometry imported"},"geometry":{"type":"Polygon","coordinates":[[[119.2907462,26.084800300000005],[119.290738,26.084914100000002],[119.29077999999998,26.0849165],[119.2907882,26.084802800000002],[119.2907462,26.084800300000005]]]}},{"type":"Feature","properties":{"id":"topoexport/overture-2026/192","kind":"building","source":"TopoExport / Overture Buildings 2026","license":"ODbL-1.0","area_m2":75,"coordinateAccuracy":"external-footprint","heightNote":"Stylized height; only footprint geometry imported"},"geometry":{"type":"Polygon","coordinates":[[[119.2906958,26.0847555],[119.2908029,26.084784300000003],[119.2908136,26.084716699999994],[119.29071720000002,26.084697600000002],[119.2906958,26.0847555]]]}},{"type":"Feature","properties":{"id":"topoexport/overture-2026/193","kind":"building","source":"TopoExport / Overture Buildings 2026","license":"ODbL-1.0","area_m2":15,"coordinateAccuracy":"external-footprint","heightNote":"Stylized height; only footprint geometry imported"},"geometry":{"type":"Polygon","coordinates":[[[119.2908492,26.083897099999998],[119.29090000000001,26.0839057],[119.290905,26.0838818],[119.2908552,26.083871100000003],[119.2908492,26.083897099999998]]]}},{"type":"Feature","properties":{"id":"topoexport/overture-2026/194","kind":"building","source":"TopoExport / Overture Buildings 2026","license":"ODbL-1.0","area_m2":164,"coordinateAccuracy":"external-footprint","heightNote":"Stylized height; only footprint geometry imported"},"geometry":{"type":"Polygon","coordinates":[[[119.2911856,26.083810200000002],[119.2912772,26.08384029999999],[119.2913359,26.083698899999998],[119.29124430000002,26.083667800000004],[119.2911856,26.083810200000002]]]}},{"type":"Feature","properties":{"id":"topoexport/overture-2026/195","kind":"building","source":"TopoExport / Overture Buildings 2026","license":"ODbL-1.0","area_m2":11,"coordinateAccuracy":"external-footprint","heightNote":"Stylized height; only footprint geometry imported"},"geometry":{"type":"Polygon","coordinates":[[[119.29174480000002,26.0846248],[119.2917717,26.084624799999997],[119.29177699999998,26.084619899999996],[119.29177699999998,26.084615099999997],[119.2917824,26.0846103],[119.2917824,26.08460549999999],[119.29177699999998,26.084600699999996],[119.29174480000002,26.084600699999996],[119.2917395,26.0846055],[119.2917395,26.0846103],[119.2917341,26.0846151],[119.2917341,26.084619899999996],[119.2917395,26.0846199],[119.29174480000002,26.0846248]]]}},{"type":"Feature","properties":{"id":"topoexport/overture-2026/196","kind":"building","source":"TopoExport / Overture Buildings 2026","license":"ODbL-1.0","area_m2":13,"coordinateAccuracy":"external-footprint","heightNote":"Stylized height; only footprint geometry imported"},"geometry":{"type":"Polygon","coordinates":[[[119.2915209,26.083888399999992],[119.29148079999999,26.0838768],[119.29147119999999,26.083904],[119.2915112,26.083915600000005],[119.2915209,26.083888399999992]]]}},{"type":"Feature","properties":{"id":"topoexport/overture-2026/197","kind":"building","source":"TopoExport / Overture Buildings 2026","license":"ODbL-1.0","area_m2":133,"coordinateAccuracy":"external-footprint","heightNote":"Stylized height; only footprint geometry imported"},"geometry":{"type":"Polygon","coordinates":[[[119.29209920000001,26.084119699999995],[119.2922015,26.084142],[119.292231,26.084031199999995],[119.29212880000001,26.084009],[119.29209920000001,26.084119699999995]]]}},{"type":"Feature","properties":{"id":"topoexport/overture-2026/198","kind":"building","source":"TopoExport / Overture Buildings 2026","license":"ODbL-1.0","area_m2":44,"coordinateAccuracy":"external-footprint","heightNote":"Stylized height; only footprint geometry imported"},"geometry":{"type":"Polygon","coordinates":[[[119.29178860000002,26.0870393],[119.2917777,26.0871072],[119.2918335,26.087117999999993],[119.2918454,26.0870501],[119.29178860000002,26.0870393]]]}},{"type":"Feature","properties":{"id":"topoexport/overture-2026/199","kind":"building","source":"TopoExport / Overture Buildings 2026","license":"ODbL-1.0","area_m2":13,"coordinateAccuracy":"external-footprint","heightNote":"Stylized height; only footprint geometry imported"},"geometry":{"type":"Polygon","coordinates":[[[119.2913901,26.087635499999998],[119.29142590000001,26.087611400000004],[119.2914081,26.0875899],[119.2913723,26.087614],[119.2913901,26.087635499999998]]]}},{"type":"Feature","properties":{"id":"topoexport/overture-2026/200","kind":"building","source":"TopoExport / Overture Buildings 2026","license":"ODbL-1.0","area_m2":11,"coordinateAccuracy":"external-footprint","heightNote":"Stylized height; only footprint geometry imported"},"geometry":{"type":"Polygon","coordinates":[[[119.291375,26.0862377],[119.2914237,26.086255500000004],[119.29143160000001,26.086237900000004],[119.29138290000002,26.086220099999995],[119.291375,26.0862377]]]}},{"type":"Feature","properties":{"id":"topoexport/overture-2026/201","kind":"building","source":"TopoExport / Overture Buildings 2026","license":"ODbL-1.0","area_m2":349,"coordinateAccuracy":"external-footprint","heightNote":"Stylized height; only footprint geometry imported"},"geometry":{"type":"Polygon","coordinates":[[[119.29067429999999,26.0860283],[119.29099560000002,26.0860761],[119.29100640000001,26.085979599999998],[119.290685,26.08593189999999],[119.29067429999999,26.0860283]]]}},{"type":"Feature","properties":{"id":"topoexport/overture-2026/202","kind":"building","source":"TopoExport / Overture Buildings 2026","license":"ODbL-1.0","area_m2":31,"coordinateAccuracy":"external-footprint","heightNote":"Stylized height; only footprint geometry imported"},"geometry":{"type":"Polygon","coordinates":[[[119.28926539999999,26.085979399999996],[119.2892986,26.085919999999998],[119.28926099999998,26.085902899999997],[119.28922790000001,26.08596229999999],[119.28926539999999,26.085979399999996]]]}},{"type":"Feature","properties":{"id":"topoexport/overture-2026/203","kind":"building","source":"TopoExport / Overture Buildings 2026","license":"ODbL-1.0","area_m2":411,"coordinateAccuracy":"external-footprint","heightNote":"Stylized height; only footprint geometry imported"},"geometry":{"type":"Polygon","coordinates":[[[119.28888350000001,26.086947799999997],[119.2890339,26.0869545],[119.28908750000001,26.0867219],[119.28894109999999,26.086694199999997],[119.28888350000001,26.086947799999997]]]}},{"type":"Feature","properties":{"id":"topoexport/overture-2026/204","kind":"building","source":"TopoExport / Overture Buildings 2026","license":"ODbL-1.0","area_m2":709,"coordinateAccuracy":"external-footprint","heightNote":"Stylized height; only footprint geometry imported"},"geometry":{"type":"Polygon","coordinates":[[[119.28925889999998,26.0868969],[119.2892629,26.0868609],[119.28934150000002,26.086870800000003],[119.2893376,26.0868978],[119.2893824,26.0869033],[119.2893883,26.086875299999996],[119.28941520000001,26.0868796],[119.289438,26.0867128],[119.28912830000002,26.086676299999997],[119.28909259999999,26.0869241],[119.2891882,26.0869351],[119.28919520000001,26.086890199999996],[119.28925889999998,26.0868969]]]}},{"type":"Feature","properties":{"id":"topoexport/overture-2026/205","kind":"building","source":"TopoExport / Overture Buildings 2026","license":"ODbL-1.0","area_m2":186,"coordinateAccuracy":"external-footprint","heightNote":"Stylized height; only footprint geometry imported"},"geometry":{"type":"Polygon","coordinates":[[[119.2894891,26.0864867],[119.28950990000001,26.0863551],[119.2893849,26.08633899999999],[119.28936419999998,26.086470600000002],[119.2894891,26.0864867]]]}},{"type":"Feature","properties":{"id":"topoexport/overture-2026/206","kind":"building","source":"TopoExport / Overture Buildings 2026","license":"ODbL-1.0","area_m2":39,"coordinateAccuracy":"external-footprint","heightNote":"Stylized height; only footprint geometry imported"},"geometry":{"type":"Polygon","coordinates":[[[119.2891302,26.087222099999995],[119.2891385,26.0871752],[119.28906569999998,26.0871648],[119.28905750000001,26.0872117],[119.2891302,26.087222099999995]]]}},{"type":"Feature","properties":{"id":"topoexport/overture-2026/207","kind":"building","source":"TopoExport / Overture Buildings 2026","license":"ODbL-1.0","area_m2":44,"coordinateAccuracy":"external-footprint","heightNote":"Stylized height; only footprint geometry imported"},"geometry":{"type":"Polygon","coordinates":[[[119.2900596,26.0872097],[119.28995480000002,26.087216899999994],[119.289958,26.0872548],[119.29006280000002,26.0872476],[119.2900596,26.0872097]]]}},{"type":"Feature","properties":{"id":"topoexport/overture-2026/208","kind":"building","source":"TopoExport / Overture Buildings 2026","license":"ODbL-1.0","area_m2":140,"coordinateAccuracy":"external-footprint","heightNote":"Stylized height; only footprint geometry imported"},"geometry":{"type":"Polygon","coordinates":[[[119.28908450000002,26.0889156],[119.2891779,26.088929499999992],[119.28920180000001,26.088798299999997],[119.28910840000002,26.088784399999998],[119.28908450000002,26.0889156]]]}},{"type":"Feature","properties":{"id":"topoexport/overture-2026/209","kind":"building","source":"TopoExport / Overture Buildings 2026","license":"ODbL-1.0","area_m2":87,"coordinateAccuracy":"external-footprint","heightNote":"Stylized height; only footprint geometry imported"},"geometry":{"type":"Polygon","coordinates":[[[119.2889943,26.088845599999996],[119.289057,26.0888593],[119.28908680000002,26.0887395],[119.28902410000002,26.088727799999997],[119.2889943,26.088845599999996]]]}},{"type":"Feature","properties":{"id":"topoexport/overture-2026/210","kind":"building","source":"TopoExport / Overture Buildings 2026","license":"ODbL-1.0","area_m2":807,"coordinateAccuracy":"external-footprint","heightNote":"Stylized height; only footprint geometry imported"},"geometry":{"type":"Polygon","coordinates":[[[119.2899579,26.088804900000003],[119.289421,26.088711299999993],[119.2893931,26.088841899999995],[119.28993000000001,26.088935499999998],[119.2899579,26.088804900000003]]]}},{"type":"Feature","properties":{"id":"topoexport/overture-2026/211","kind":"building","source":"TopoExport / Overture Buildings 2026","license":"ODbL-1.0","area_m2":469,"coordinateAccuracy":"external-footprint","heightNote":"Stylized height; only footprint geometry imported"},"geometry":{"type":"Polygon","coordinates":[[[119.28990509999998,26.089036900000004],[119.28944099999998,26.088953300000004],[119.28942049999999,26.0890464],[119.28971830991772,26.089100045758425],[119.28989119523337,26.089100048002372],[119.28990509999998,26.089036900000004]]]}},{"type":"Feature","properties":{"id":"topoexport/overture-2026/212","kind":"building","source":"TopoExport / Overture Buildings 2026","license":"ODbL-1.0","area_m2":33,"coordinateAccuracy":"external-footprint","heightNote":"Stylized height; only footprint geometry imported"},"geometry":{"type":"Polygon","coordinates":[[[119.2913406,26.0881908],[119.2913487,26.088134299999997],[119.29129660000001,26.088128199999993],[119.29128850000001,26.088184700000003],[119.2913406,26.0881908]]]}},{"type":"Feature","properties":{"id":"topoexport/overture-2026/213","kind":"building","source":"TopoExport / Overture Buildings 2026","license":"ODbL-1.0","area_m2":46,"coordinateAccuracy":"external-footprint","heightNote":"Stylized height; only footprint geometry imported"},"geometry":{"type":"Polygon","coordinates":[[[119.29292420000002,26.087088299999998],[119.292972,26.087090899999996],[119.29297790000001,26.087005999999995],[119.2929271,26.0870053],[119.29292420000002,26.087088299999998]]]}},{"type":"Feature","properties":{"id":"topoexport/overture-2026/214","kind":"building","source":"TopoExport / Overture Buildings 2026","license":"ODbL-1.0","area_m2":111,"coordinateAccuracy":"external-footprint","heightNote":"Stylized height; only footprint geometry imported"},"geometry":{"type":"Polygon","coordinates":[[[119.29400820000001,26.086142499999998],[119.2941197,26.0861581],[119.2941266,26.086072099999996],[119.2940281,26.0860437],[119.29400820000001,26.086142499999998]]]}},{"type":"Feature","properties":{"id":"topoexport/overture-2026/215","kind":"building","source":"TopoExport / Overture Buildings 2026","license":"ODbL-1.0","area_m2":133,"coordinateAccuracy":"external-footprint","heightNote":"Stylized height; only footprint geometry imported"},"geometry":{"type":"Polygon","coordinates":[[[119.29560940000002,26.0867096],[119.2954847,26.0866918],[119.2954683,26.086785599999992],[119.29559290000002,26.086803399999997],[119.29560940000002,26.0867096]]]}},{"type":"Feature","properties":{"id":"topoexport/overture-2026/216","kind":"building","source":"TopoExport / Overture Buildings 2026","license":"ODbL-1.0","area_m2":66,"coordinateAccuracy":"external-footprint","heightNote":"Stylized height; only footprint geometry imported"},"geometry":{"type":"Polygon","coordinates":[[[119.2948538,26.088850099999995],[119.2948443,26.0887699],[119.2947704,26.088777099999998],[119.29477990000001,26.088857200000003],[119.2948538,26.088850099999995]]]}}],"metadata":{"source":"TopoExport / Overture Maps Foundation - Buildings 2026","downloadedAt":"2026-09-23","license":"ODbL-1.0","sourceUrl":"https://app.topoexport.com/","originalCrs":"EPSG:32650","coordinateSystem":"WGS84 / EPSG:4326","note":"216 disjoint footprints clipped to the common export and display extent. Not a survey; export omits per-feature source IDs."}}