{"crs":{"type":"name","properties":{"name":"urn:ogc:def:crs:EPSG::32650"}},"type":"FeatureCollection","features":[{"type":"Feature","geometry":{"type":"MultiPolygon","coordinates":[[[[728781.5426610665,2887652.5012274226],[728740.5422959747,2887643.2136010304],[728744.0330654657,2887627.946607615],[728785.0336728919,2887637.223161517],[728781.5426610665,2887652.5012274226]]]]},"properties":{"height":27.0,"min_height":0.0},"id":""},{"type":"Feature","geometry":{"type":"MultiPolygon","coordinates":[[[[728770.8807772553,2887582.0342602236],[728768.0719866701,2887581.264503542],[728769.6127588715,2887575.5947136097],[728786.5255360134,2887580.214319152],[728784.9847566072,2887585.8841076163],[728782.1659623231,2887585.1141720167],[728782.9353781157,2887582.3346774257],[728771.6605850569,2887579.232780974],[728770.8807772553,2887582.0342602236]]]]},"properties":{"height":6.0,"min_height":0.0},"id":""},{"type":"Feature","geometry":{"type":"MultiPolygon","coordinates":[[[[728763.5139888083,2887598.031169506],[728768.0719866701,2887581.264503542],[728770.8807772553,2887582.0342602236],[728782.1659623231,2887585.1141720167],[728784.9847566072,2887585.8841076163],[728784.3533869634,2887588.211608741],[728780.4377156971,2887602.5955452113],[728763.5139888083,2887598.031169506]]]]},"properties":{"height":6.0,"min_height":0.0},"id":""},{"type":"Feature","geometry":{"type":"MultiPolygon","coordinates":[[[[728786.5255360134,2887580.214319152],[728769.6127588715,2887575.5947136097],[728774.1705748336,2887558.8391290447],[728777.2683510862,2887559.6804631106],[728788.1156651801,2887562.6196862785],[728791.0939623234,2887563.42567482],[728788.6112231934,2887572.5812622905],[728787.5843602195,2887576.3426545486],[728786.5255360134,2887580.214319152]]]]},"properties":{"height":3.0,"min_height":0.0},"id":""},{"type":"Feature","geometry":{"type":"MultiPolygon","coordinates":[[[[728791.2624633455,2887573.2041717595],[728790.3650821908,2887577.0010885997],[728787.5843602195,2887576.3426545486],[728788.6112231934,2887572.5812622905],[728791.2624633455,2887573.2041717595]]]]},"properties":{"height":6.0,"min_height":0.0},"id":""},{"type":"Feature","geometry":{"type":"MultiPolygon","coordinates":[[[[728788.6112231934,2887572.5812622905],[728791.0939623234,2887563.42567482],[728803.2348518886,2887566.2213846697],[728801.0006750703,2887575.4700042736],[728798.2996047351,2887574.835133972],[728791.2624633455,2887573.2041717595],[728788.6112231934,2887572.5812622905]]]]},"properties":{"height":3.0,"min_height":0.0},"id":""},{"type":"Feature","geometry":{"type":"MultiPolygon","coordinates":[[[[728800.0825022773,2887579.3108889433],[728797.3716222686,2887578.664763053],[728798.2996047351,2887574.835133972],[728801.0006750703,2887575.4700042736],[728800.0825022773,2887579.3108889433]]]]},"properties":{"height":6.0,"min_height":0.0},"id":""},{"type":"Feature","geometry":{"type":"MultiPolygon","coordinates":[[[[728797.318565284,2887590.800127575],[728784.3533869634,2887588.211608741],[728784.9847566072,2887585.8841076163],[728786.5255360134,2887580.214319152],[728787.5843602195,2887576.3426545486],[728790.3650821908,2887577.0010885997],[728797.3716222686,2887578.664763053],[728800.0825022773,2887579.3108889433],[728797.318565284,2887590.800127575]]]]},"properties":{"height":3.0,"min_height":0.0},"id":""},{"type":"Feature","geometry":{"type":"MultiPolygon","coordinates":[[[[728843.2305410979,2887583.7154033263],[728807.6562190498,2887575.4650116055],[728811.108303265,2887560.6961010667],[728846.6928650991,2887568.9355951063],[728843.2305410979,2887583.7154033263]]]]},"properties":{"height":24.0,"min_height":0.0},"id":""},{"type":"Feature","geometry":{"type":"MultiPolygon","coordinates":[[[[728836.7421654367,2887612.9391021356],[728801.1679226229,2887604.6887222766],[728804.6199952082,2887589.919810598],[728840.2044777849,2887598.159292772],[728836.7421654367,2887612.9391021356]]]]},"properties":{"height":27.0,"min_height":0.0},"id":""},{"type":"Feature","geometry":{"type":"MultiPolygon","coordinates":[[[[728836.430434145,2887644.920258276],[728794.0956173135,2887635.2543469695],[728797.6058781277,2887620.0209546923],[728839.9407440718,2887629.6868737806],[728836.430434145,2887644.920258276]]]]},"properties":{"height":27.0,"min_height":0.0},"id":""},{"type":"Feature","geometry":{"type":"MultiPolygon","coordinates":[[[[728880.159526405,2887629.91703841],[728878.0304237907,2887643.4345986624],[728849.9650941723,2887639.017888897],[728852.094167503,2887625.5003262158],[728880.159526405,2887629.91703841]]]]},"properties":{"height":6.0,"min_height":0.0},"id":""},{"type":"Feature","geometry":{"type":"MultiPolygon","coordinates":[[[[728919.6147401289,2887634.3012587996],[728917.0354177251,2887646.669314007],[728885.0960898441,2887640.02317403],[728887.6753820108,2887627.6551147313],[728919.6147401289,2887634.3012587996]]]]},"properties":{"height":6.0,"min_height":0.0},"id":""},{"type":"Feature","geometry":{"type":"MultiPolygon","coordinates":[[[[728899.1850483161,2887601.4456946207],[728898.776418305,2887598.5014160248],[728900.2512581436,2887598.294585925],[728901.6913686809,2887608.605277246],[728894.3171756513,2887609.639428156],[728893.2858855748,2887602.2619364136],[728899.1850483161,2887601.4456946207]]]]},"properties":{"height":6.0,"min_height":0.0},"id":""},{"type":"Feature","geometry":{"type":"MultiPolygon","coordinates":[[[[728902.7872811236,2887610.5973811285],[728906.1138601967,2887598.4197921753],[728924.381231156,2887603.4069768917],[728921.0546353634,2887615.5845624167],[728902.7872811236,2887610.5973811285]]]]},"properties":{"height":6.0,"min_height":0.0},"id":""},{"type":"Feature","geometry":{"type":"MultiPolygon","coordinates":[[[[728928.1615002506,2887585.917341017],[728903.4643190186,2887580.617642802],[728907.432760776,2887562.1005559363],[728932.129976965,2887567.400259094],[728928.1615002506,2887585.917341017]]]]},"properties":{"height":6.0,"min_height":0.0},"id":""},{"type":"Feature","geometry":{"type":"MultiPolygon","coordinates":[[[[728885.172831174,2887584.9733588505],[728854.1168617763,2887579.3070888757],[728856.7635268026,2887564.8122009416],[728887.8195308254,2887570.478474672],[728885.172831174,2887584.9733588505]]]]},"properties":{"height":6.0,"min_height":0.0},"id":""},{"type":"Feature","geometry":{"type":"MultiPolygon","coordinates":[[[[728880.0038637064,2887614.286732947],[728852.9662694281,2887610.0432513673],[728855.2637254761,2887595.4868100546],[728882.2911503101,2887599.741198294],[728880.0038637064,2887614.286732947]]]]},"properties":{"height":6.0,"min_height":0.0},"id":""},{"type":"Feature","geometry":{"type":"MultiPolygon","coordinates":[[[[728893.019660143,2887542.240738025],[728888.8369270312,2887554.1594488015],[728861.0351408964,2887544.4162586224],[728865.2078447889,2887532.4973648894],[728893.019660143,2887542.240738025]]]]},"properties":{"height":6.0,"min_height":0.0},"id":""},{"type":"Feature","geometry":{"type":"MultiPolygon","coordinates":[[[[728920.8608946967,2887549.169511642],[728921.3773908664,2887539.7133792904],[728927.6765462945,2887540.056850335],[728927.1600455218,2887549.512982775],[728920.8608946967,2887549.169511642]]]]},"properties":{"height":6.0,"min_height":0.0},"id":""},{"type":"Feature","geometry":{"type":"MultiPolygon","coordinates":[[[[728895.7879277773,2887519.6903720894],[728873.0895775824,2887515.1130427686],[728875.3808170706,2887503.7595910993],[728896.0047315137,2887507.923630179],[728895.1815164185,2887512.054347565],[728925.0904295136,2887518.0773751503],[728921.5595047482,2887535.615727886],[728893.705073603,2887530.005646103],[728895.7879277773,2887519.6903720894]]]]},"properties":{"height":6.0,"min_height":0.0},"id":""},{"type":"Feature","geometry":{"type":"MultiPolygon","coordinates":[[[[728892.348029982,2887453.4621286853],[728898.5302337217,2887454.767780682],[728897.6571849571,2887458.8865388106],[728891.4849883772,2887457.581062914],[728892.348029982,2887453.4621286853]]]]},"properties":{"height":6.0,"min_height":0.0},"id":""},{"type":"Feature","geometry":{"type":"MultiPolygon","coordinates":[[[[728887.707571288,2887457.8250143975],[728869.0607884935,2887454.482658296],[728870.9242922775,2887444.119194114],[728889.5710899428,2887447.4615517864],[728887.707571288,2887457.8250143975]]]]},"properties":{"height":6.0,"min_height":0.0},"id":""},{"type":"Feature","geometry":{"type":"MultiPolygon","coordinates":[[[[728858.8029231001,2887508.555550655],[728838.0355032957,2887505.153802996],[728840.7593602053,2887488.543344651],[728861.526806617,2887491.94509469],[728858.8029231001,2887508.555550655]]]]},"properties":{"height":6.0,"min_height":0.0},"id":""},{"type":"Feature","geometry":{"type":"MultiPolygon","coordinates":[[[[728818.4706852599,2887494.8239404014],[728795.1471788381,2887499.6233882043],[728793.6538278628,2887492.337544836],[728816.9773462268,2887487.5380934873],[728818.4706852599,2887494.8239404014]]]]},"properties":{"height":6.0,"min_height":0.0},"id":""},{"type":"Feature","geometry":{"type":"MultiPolygon","coordinates":[[[[728835.6278679485,2887488.3866842203],[728834.4392243206,2887495.658662371],[728818.8612384552,2887493.101795159],[728820.0496786872,2887485.8408961874],[728835.6278679485,2887488.3866842203]]]]},"properties":{"height":6.0,"min_height":0.0},"id":""},{"type":"Feature","geometry":{"type":"MultiPolygon","coordinates":[[[[728849.6375683008,2887556.2747009657],[728814.0631719764,2887548.0242972337],[728817.5152674704,2887533.255387823],[728853.0999036077,2887541.4948938764],[728849.6375683008,2887556.2747009657]]]]},"properties":{"height":24.0,"min_height":0.0},"id":""},{"type":"Feature","geometry":{"type":"MultiPolygon","coordinates":[[[[728806.392845781,2887515.781003442],[728808.7027125503,2887503.36386854],[728835.6072379083,2887508.3585680737],[728833.2973454574,2887520.7757001],[728806.392845781,2887515.781003442]]]]},"properties":{"height":6.0,"min_height":0.0},"id":""},{"type":"Feature","geometry":{"type":"MultiPolygon","coordinates":[[[[728801.8605833384,2887513.41820742],[728789.635630398,2887510.2774422597],[728791.7204688832,2887502.123451949],[728803.955434527,2887505.264394275],[728801.8605833384,2887513.41820742]]]]},"properties":{"height":6.0,"min_height":0.0},"id":""},{"type":"Feature","geometry":{"type":"MultiPolygon","coordinates":[[[[728798.7006435974,2887535.4851126703],[728781.767020778,2887530.909463846],[728782.8585862287,2887526.8832067815],[728791.335601248,2887529.160124653],[728799.8026086165,2887531.436872498],[728798.7006435974,2887535.4851126703]]]]},"properties":{"height":3.0,"min_height":0.0},"id":""},{"type":"Feature","geometry":{"type":"MultiPolygon","coordinates":[[[[728797.106520949,2887541.3423806],[728794.0785824249,2887540.5133523387],[728794.8093443207,2887537.655595491],[728784.1607503714,2887534.797442979],[728783.4409690748,2887537.599976229],[728780.1838838775,2887536.71150927],[728781.767020778,2887530.909463846],[728798.7006435974,2887535.4851126703],[728797.106520949,2887541.3423806]]]]},"properties":{"height":6.0,"min_height":0.0},"id":""},{"type":"Feature","geometry":{"type":"MultiPolygon","coordinates":[[[[728791.0939623234,2887563.42567482],[728788.1156651801,2887562.6196862785],[728789.3066198542,2887558.0631735804],[728792.3347490258,2887558.881121072],[728791.0939623234,2887563.42567482]]]]},"properties":{"height":6.0,"min_height":0.0},"id":""},{"type":"Feature","geometry":{"type":"MultiPolygon","coordinates":[[[[728775.4009613732,2887554.316558276],[728780.1838838775,2887536.71150927],[728783.4409690748,2887537.599976229],[728794.0785824249,2887540.5133523387],[728797.106520949,2887541.3423806],[728792.3347490258,2887558.881121072],[728789.3066198542,2887558.0631735804],[728778.5485697023,2887555.169851256],[728775.4009613732,2887554.316558276]]]]},"properties":{"height":3.0,"min_height":0.0},"id":""},{"type":"Feature","geometry":{"type":"MultiPolygon","coordinates":[[[[728790.6941772414,2887421.5292982394],[728783.3833853925,2887420.6582940174],[728784.1340716358,2887414.387207952],[728791.4448670334,2887415.258212333],[728790.6941772414,2887421.5292982394]]]]},"properties":{"height":6.0,"min_height":0.0},"id":""},{"type":"Feature","geometry":{"type":"MultiPolygon","coordinates":[[[[728795.627733384,2887385.0962472865],[728798.820737998,2887386.2163397428],[728795.4214249165,2887396.8409984405],[728795.627733384,2887385.0962472865]]]]},"properties":{"height":6.0,"min_height":0.0},"id":""},{"type":"Feature","geometry":{"type":"MultiPolygon","coordinates":[[[[728800.7927690546,2887321.8122524745],[728797.803192169,2887331.9010234885],[728775.5999574193,2887325.3265047506],[728778.5895176226,2887315.2377298763],[728800.7927690546,2887321.8122524745]]]]},"properties":{"height":6.0,"min_height":0.0},"id":""},{"type":"Feature","geometry":{"type":"MultiPolygon","coordinates":[[[[728808.2374356139,2887353.8077244405],[728805.8635876412,2887361.890136392],[728797.7884253734,2887359.520527844],[728800.1520685593,2887351.4490189804],[728808.2374356139,2887353.8077244405]]]]},"properties":{"height":6.0,"min_height":0.0},"id":""},{"type":"Feature","geometry":{"type":"MultiPolygon","coordinates":[[[[728790.7333145305,2887350.9289037837],[728796.9269414505,2887352.1571191875],[728795.6973574683,2887358.3422090304],[728789.5037334887,2887357.1139939935],[728790.7333145305,2887350.9289037837]]]]},"properties":{"height":6.0,"min_height":0.0},"id":""},{"type":"Feature","geometry":{"type":"MultiPolygon","coordinates":[[[[728777.8686151775,2887371.0963395843],[728781.640663201,2887366.030993395],[728785.0192622376,2887368.550846667],[728781.2372081643,2887373.6160161975],[728777.8686151775,2887371.0963395843]]]]},"properties":{"height":6.0,"min_height":0.0},"id":""},{"type":"Feature","geometry":{"type":"MultiPolygon","coordinates":[[[[728791.3332463742,2887366.345328882],[728799.4401726059,2887368.615741354],[728797.1659953557,2887376.7220718935],[728789.0590740492,2887374.451660472],[728791.3332463742,2887366.345328882]]]]},"properties":{"height":6.0,"min_height":0.0},"id":""},{"type":"Feature","geometry":{"type":"MultiPolygon","coordinates":[[[[728809.0371697929,2887336.199209872],[728816.094875494,2887333.8183497353],[728817.0461607422,2887336.6391547066],[728808.578955732,2887339.494005742],[728806.2006406594,2887332.4475353137],[728807.6101418412,2887331.9735435075],[728809.0371697929,2887336.199209872]]]]},"properties":{"height":6.0,"min_height":0.0},"id":""},{"type":"Feature","geometry":{"type":"MultiPolygon","coordinates":[[[[728849.3853435311,2887347.9138479633],[728843.136240049,2887346.994967251],[728843.75992112,2887342.8274922543],[728849.9988266431,2887343.757277281],[728849.3853435311,2887347.9138479633]]]]},"properties":{"height":6.0,"min_height":0.0},"id":""},{"type":"Feature","geometry":{"type":"MultiPolygon","coordinates":[[[[728842.6983545618,2887398.691223744],[728839.2427586,2887403.9726978582],[728828.6753093492,2887397.059428847],[728832.1309023026,2887391.7779521556],[728842.6983545618,2887398.691223744]]]]},"properties":{"height":6.0,"min_height":0.0},"id":""},{"type":"Feature","geometry":{"type":"MultiPolygon","coordinates":[[[[728818.5584080662,2887435.1415033643],[728863.1175366386,2887442.995594099],[728861.2940599513,2887453.3597621648],[728816.7249617181,2887445.5054992735],[728818.5584080662,2887435.1415033643]]]]},"properties":{"height":6.0,"min_height":0.0},"id":""},{"type":"Feature","geometry":{"type":"MultiPolygon","coordinates":[[[[728858.9135373615,2887394.609278683],[728838.2794280573,2887390.4451371063],[728840.3622478279,2887380.129857583],[728860.9963734498,2887384.2940012557],[728858.9135373615,2887394.609278683]]]]},"properties":{"height":6.0,"min_height":0.0},"id":""},{"type":"Feature","geometry":{"type":"MultiPolygon","coordinates":[[[[728859.413631971,2887399.1844174736],[728871.8447460445,2887401.4200251284],[728870.3580203159,2887409.7064346625],[728857.9269141689,2887407.470827842],[728859.413631971,2887399.1844174736]]]]},"properties":{"height":6.0,"min_height":0.0},"id":""},{"type":"Feature","geometry":{"type":"MultiPolygon","coordinates":[[[[728888.5078711835,2887413.9932245812],[728882.194366428,2887413.8933603265],[728882.2583494661,2887409.6828003554],[728888.5718562654,2887409.782664491],[728888.5078711835,2887413.9932245812]]]]},"properties":{"height":6.0,"min_height":0.0},"id":""},{"type":"Feature","geometry":{"type":"MultiPolygon","coordinates":[[[[728871.6775840512,2887439.410911456],[728872.5723354457,2887428.9306739247],[728889.3510675685,2887430.367112024],[728888.4563025606,2887440.847349405],[728871.6775840512,2887439.410911456]]]]},"properties":{"height":6.0,"min_height":0.0},"id":""},{"type":"Feature","geometry":{"type":"MultiPolygon","coordinates":[[[[728941.4911664091,2887433.4004263333],[728938.3652334982,2887456.36567055],[728912.8344758498,2887452.924417127],[728915.9705633865,2887429.948266012],[728941.4911664091,2887433.4004263333]]]]},"properties":{"height":6.0,"min_height":0.0},"id":""},{"type":"Feature","geometry":{"type":"MultiPolygon","coordinates":[[[[728898.376525296,2887363.282852333],[728897.5287555748,2887371.6580728125],[728891.2445866261,2887371.02671935],[728892.0923522719,2887362.651498762],[728898.376525296,2887363.282852333]]]]},"properties":{"height":6.0,"min_height":0.0},"id":""},{"type":"Feature","geometry":{"type":"MultiPolygon","coordinates":[[[[728916.3017795001,2887359.851694888],[728921.5736669854,2887360.5650190995],[728919.8316712211,2887374.8319656784],[728914.4577894707,2887374.2276829067],[728916.3017795001,2887359.851694888]]]]},"properties":{"height":6.0,"min_height":0.0},"id":""},{"type":"Feature","geometry":{"type":"MultiPolygon","coordinates":[[[[728918.232783578,2887322.3018857716],[728941.2586735993,2887328.1928595467],[728936.2557071033,2887346.913425331],[728913.4299556648,2887341.0259747994],[728918.232783578,2887322.3018857716]]]]},"properties":{"height":6.0,"min_height":0.0},"id":""},{"type":"Feature","geometry":{"type":"MultiPolygon","coordinates":[[[[728886.8083818033,2887330.161926089],[728890.305034921,2887319.1289093117],[728902.3383777234,2887322.9313893043],[728898.851525395,2887333.9756593644],[728886.8083818033,2887330.161926089]]]]},"properties":{"height":6.0,"min_height":0.0},"id":""},{"type":"Feature","geometry":{"type":"MultiPolygon","coordinates":[[[[728879.3990436862,2887349.704723785],[728871.1958369265,2887347.7872378314],[728873.349654186,2887338.5593797592],[728881.5528667041,2887340.476866644],[728879.3990436862,2887349.704723785]]]]},"properties":{"height":6.0,"min_height":0.0},"id":""},{"type":"Feature","geometry":{"type":"MultiPolygon","coordinates":[[[[728878.1019562506,2887364.8550766283],[728875.4607565373,2887375.0497071804],[728845.9208759594,2887367.37080374],[728848.5618582668,2887357.1872488363],[728878.1019562506,2887364.8550766283]]]]},"properties":{"height":6.0,"min_height":0.0},"id":""},{"type":"Feature","geometry":{"type":"MultiPolygon","coordinates":[[[[728850.1254298888,2887318.3231535056],[728856.8412105772,2887321.7329122615],[728847.54928475,2887340.7660613596],[728840.8315657589,2887337.467106323],[728850.1254298888,2887318.3231535056]]]]},"properties":{"height":6.0,"min_height":0.0},"id":""},{"type":"Feature","geometry":{"type":"MultiPolygon","coordinates":[[[[728857.1953066268,2887312.9721830445],[728864.4423093384,2887314.629022363],[728863.3679925486,2887318.81074569],[728856.2227974074,2887317.0559451454],[728857.1953066268,2887312.9721830445]]]]},"properties":{"height":6.0,"min_height":0.0},"id":""},{"type":"Feature","geometry":{"type":"MultiPolygon","coordinates":[[[[728890.4007941182,2887276.659084803],[728890.6361458714,2887292.312951015],[728874.4911090637,2887292.395001892],[728874.253596399,2887276.8630169095],[728890.4007941182,2887276.659084803]]]]},"properties":{"height":6.0,"min_height":0.0},"id":""},{"type":"Feature","geometry":{"type":"MultiPolygon","coordinates":[[[[728862.843124514,2887300.8353696447],[728890.3508285703,2887307.979834803],[728887.699801778,2887318.1632079356],[728860.2021241862,2887311.0189226093],[728862.843124514,2887300.8353696447]]]]},"properties":{"height":6.0,"min_height":0.0},"id":""},{"type":"Feature","geometry":{"type":"MultiPolygon","coordinates":[[[[728911.2064036832,2887296.132455235],[728937.5938928707,2887303.235167696],[728933.3380366082,2887319.308854127],[728906.7404675346,2887312.202455415],[728911.2064036832,2887296.132455235]]]]},"properties":{"height":6.0,"min_height":0.0},"id":""},{"type":"Feature","geometry":{"type":"MultiPolygon","coordinates":[[[[728915.1114477409,2887282.934277473],[728941.3439158809,2887288.0392618794],[728939.3739879271,2887298.1902660904],[728913.151545565,2887293.0854599797],[728915.1114477409,2887282.934277473]]]]},"properties":{"height":6.0,"min_height":0.0},"id":""},{"type":"Feature","geometry":{"type":"MultiPolygon","coordinates":[[[[728895.183765044,2887288.679933434],[728905.5198979739,2887290.535164158],[728903.5521404269,2887300.564292201],[728893.4159274477,2887298.723658857],[728895.183765044,2887288.679933434]]]]},"properties":{"height":6.0,"min_height":0.0},"id":""},{"type":"Feature","geometry":{"type":"MultiPolygon","coordinates":[[[[728902.7928961683,2887256.0622646725],[728893.712305651,2887255.65885759],[728894.1248226175,2887246.4225690914],[728905.4854768766,2887246.932544511],[728902.7928961683,2887256.0622646725]]]]},"properties":{"height":6.0,"min_height":0.0},"id":""},{"type":"Feature","geometry":{"type":"MultiPolygon","coordinates":[[[[728894.1248226175,2887246.4225690914],[728894.5850735672,2887236.178532068],[728905.94573681,2887236.6885072277],[728905.4854768766,2887246.932544511],[728894.1248226175,2887246.4225690914]]]]},"properties":{"height":6.0,"min_height":0.0},"id":""},{"type":"Feature","geometry":{"type":"MultiPolygon","coordinates":[[[[728909.3806824991,2887254.2273606746],[728906.4255186253,2887253.809676063],[728907.5674186512,2887245.783209977],[728910.5225843585,2887246.200894714],[728909.3806824991,2887254.2273606746]]]]},"properties":{"height":6.0,"min_height":0.0},"id":""},{"type":"Feature","geometry":{"type":"MultiPolygon","coordinates":[[[[728927.2724344602,2887258.9751512585],[728916.9707722977,2887256.8655934483],[728918.1622246068,2887251.145341608],[728928.4636965479,2887253.2659799852],[728927.2724344602,2887258.9751512585]]]]},"properties":{"height":6.0,"min_height":0.0},"id":""},{"type":"Feature","geometry":{"type":"MultiPolygon","coordinates":[[[[728937.1615706834,2887246.403069627],[728934.6214109352,2887257.109304362],[728928.7308269974,2887255.7201020787],[728931.2707872177,2887245.0249465075],[728937.1615706834,2887246.403069627]]]]},"properties":{"height":6.0,"min_height":0.0},"id":""},{"type":"Feature","geometry":{"type":"MultiPolygon","coordinates":[[[[728932.7440220874,2887235.2309636194],[728929.9576522394,2887247.418044751],[728920.7863938941,2887245.339435378],[728923.562749838,2887233.152177072],[728932.7440220874,2887235.2309636194]]]]},"properties":{"height":6.0,"min_height":0.0},"id":""},{"type":"Feature","geometry":{"type":"MultiPolygon","coordinates":[[[[728908.3270933008,2887244.699305661],[728910.8613912403,2887226.921768743],[728921.6838681784,2887228.441969957],[728919.1595607436,2887246.2196817044],[728908.3270933008,2887244.699305661]],[[728914.5133136502,2887228.127535183],[728914.226961154,2887230.184011417],[728917.9209713391,2887230.7033490273],[728918.2073244224,2887228.6468728315],[728914.5133136502,2887228.127535183]]]]},"properties":{"height":6.0,"min_height":0.0},"id":""},{"type":"Feature","geometry":{"type":"MultiPolygon","coordinates":[[[[728912.1077966286,2887224.339078637],[728914.7614601033,2887214.5769230532],[728924.7826902845,2887217.268966559],[728922.129019452,2887227.031120646],[728912.1077966286,2887224.339078637]],[[728917.1685362741,2887218.2767403065],[728920.924019773,2887219.2848275183],[728921.5128720478,2887217.100667052],[728917.7573879343,2887216.092579717],[728917.1685362741,2887218.2767403065]]]]},"properties":{"height":6.0,"min_height":0.0},"id":""},{"type":"Feature","geometry":{"type":"MultiPolygon","coordinates":[[[[728928.1873254764,2887229.697855145],[728931.3530944802,2887215.854934658],[728937.135000477,2887217.16464268],[728933.9694201114,2887230.9964822545],[728928.1873254764,2887229.697855145]],[[728931.258380352,2887220.6745406296],[728930.6513423375,2887223.323883172],[728934.7783863919,2887224.2609211965],[728935.3754198431,2887221.6114029344],[728931.258380352,2887220.6745406296]]]]},"properties":{"height":6.0,"min_height":0.0},"id":""},{"type":"Feature","geometry":{"type":"MultiPolygon","coordinates":[[[[728927.5741221985,2887228.7117405855],[728923.9255854987,2887227.8828647984],[728926.5054919737,2887216.6231582216],[728930.1542265344,2887217.4409545413],[728927.5741221985,2887228.7117405855]]]]},"properties":{"height":6.0,"min_height":0.0},"id":""},{"type":"Feature","geometry":{"type":"MultiPolygon","coordinates":[[[[728936.0431899173,2887213.7982723727],[728929.7029270658,2887212.367918016],[728933.4978918778,2887195.7541274433],[728939.8379680195,2887197.1955630127],[728936.0431899173,2887213.7982723727]]]]},"properties":{"height":6.0,"min_height":0.0},"id":""},{"type":"Feature","geometry":{"type":"MultiPolygon","coordinates":[[[[728928.8463570015,2887212.1311961687],[728923.8221327611,2887210.989975353],[728926.0663638822,2887201.176292105],[728931.0907866071,2887202.306433552],[728928.8463570015,2887212.1311961687]]]]},"properties":{"height":6.0,"min_height":0.0},"id":""},{"type":"Feature","geometry":{"type":"MultiPolygon","coordinates":[[[[728922.3619216682,2887198.972095891],[728925.4923272509,2887199.669947304],[728922.9008567075,2887211.01811785],[728918.2054470156,2887209.9602617007],[728919.6044095143,2887203.8224883075],[728922.3619216682,2887198.972095891]]]]},"properties":{"height":6.0,"min_height":0.0},"id":""},{"type":"Feature","geometry":{"type":"MultiPolygon","coordinates":[[[[728912.9410315254,2887212.8048405712],[728904.299254142,2887210.779883834],[728906.9050724094,2887199.7533811796],[728915.5468570373,2887201.7783391103],[728912.9410315254,2887212.8048405712]]]]},"properties":{"height":6.0,"min_height":0.0},"id":""},{"type":"Feature","geometry":{"type":"MultiPolygon","coordinates":[[[[728911.1199438064,2887217.9044418237],[728908.1435174826,2887216.987631879],[728909.4267989405,2887212.876083264],[728912.4032261681,2887213.792893435],[728911.1199438064,2887217.9044418237]]]]},"properties":{"height":6.0,"min_height":0.0},"id":""},{"type":"Feature","geometry":{"type":"MultiPolygon","coordinates":[[[[728905.471050009,2887235.7934950585],[728882.7097004735,2887234.7728524064],[728886.1465669192,2887212.333988288],[728906.4878172656,2887213.2456037765],[728905.471050009,2887235.7934950585]],[[728904.8525954684,2887217.450718285],[728900.6922970782,2887217.266775469],[728900.5944916088,2887219.4152321373],[728904.7547893116,2887219.5991749726],[728904.8525954684,2887217.450718285]]]]},"properties":{"height":6.0,"min_height":0.0},"id":""},{"type":"Feature","geometry":{"type":"MultiPolygon","coordinates":[[[[728893.9566639471,2887210.9971382],[728889.5222909227,2887209.323210466],[728893.4924887015,2887199.2516847537],[728904.6755607387,2887203.6044674776],[728903.467814022,2887206.265421263],[728901.4868503661,2887208.502702468],[728898.4365967289,2887210.0783576956],[728896.2119681928,2887210.804018355],[728893.9566639471,2887210.9971382]]]]},"properties":{"height":6.0,"min_height":0.0},"id":""},{"type":"Feature","geometry":{"type":"MultiPolygon","coordinates":[[[[728889.0395718358,2887243.628864994],[728879.2289699606,2887243.1904742117],[728879.5741979276,2887235.504676722],[728889.3848056233,2887235.943067335],[728889.0395718358,2887243.628864994]]]]},"properties":{"height":6.0,"min_height":0.0},"id":""},{"type":"Feature","geometry":{"type":"MultiPolygon","coordinates":[[[[728889.0395718358,2887243.628864994],[728888.7242783534,2887250.7499365504],[728877.8835180309,2887250.271277448],[728878.1990002414,2887243.1391261113],[728879.2289699606,2887243.1904742117],[728889.0395718358,2887243.628864994]]]]},"properties":{"height":6.0,"min_height":0.0},"id":""},{"type":"Feature","geometry":{"type":"MultiPolygon","coordinates":[[[[728894.1248226175,2887246.4225690914],[728893.712305651,2887255.65885759],[728888.5120455299,2887255.4233926297],[728888.7242783534,2887250.7499365504],[728889.0395718358,2887243.628864994],[728889.3848056233,2887235.943067335],[728894.5850735672,2887236.178532068],[728894.1248226175,2887246.4225690914]]]]},"properties":{"height":6.0,"min_height":0.0},"id":""},{"type":"Feature","geometry":{"type":"MultiPolygon","coordinates":[[[[728888.7242783534,2887250.7499365504],[728888.5120455299,2887255.4233926297],[728876.5514667161,2887254.8807231504],[728876.7534951675,2887250.2181713427],[728888.7242783534,2887250.7499365504]]]]},"properties":{"height":6.0,"min_height":0.0},"id":""},{"type":"Feature","geometry":{"type":"MultiPolygon","coordinates":[[[[728854.0090041615,2887237.416245131],[728853.1416735841,2887253.1726493435],[728844.7426156105,2887252.7147505735],[728845.6001252464,2887236.947090817],[728854.0090041615,2887237.416245131]]]]},"properties":{"height":6.0,"min_height":0.0},"id":""},{"type":"Feature","geometry":{"type":"MultiPolygon","coordinates":[[[[728826.3074805001,2887223.0642754543],[728821.2907854017,2887232.31942999],[728794.4631927699,2887217.7833837494],[728799.4698669593,2887208.528044297],[728826.3074805001,2887223.0642754543]]]]},"properties":{"height":6.0,"min_height":0.0},"id":""},{"type":"Feature","geometry":{"type":"MultiPolygon","coordinates":[[[[728840.3100341067,2887289.67751348],[728837.2009411848,2887299.7309286017],[728824.1309010605,2887295.6886326983],[728827.2399842488,2887285.635215177],[728840.3100341067,2887289.67751348]]]]},"properties":{"height":6.0,"min_height":0.0},"id":""},{"type":"Feature","geometry":{"type":"MultiPolygon","coordinates":[[[[728840.4898252381,2887270.3291001488],[728848.1175985096,2887275.949382491],[728840.0073444083,2887286.9678521845],[728832.379575039,2887281.3475742945],[728840.4898252381,2887270.3291001488]]]]},"properties":{"height":6.0,"min_height":0.0},"id":""},{"type":"Feature","geometry":{"type":"MultiPolygon","coordinates":[[[[728791.0166226523,2887302.322212904],[728793.8181672071,2887294.3913951623],[728809.6928640101,2887300.0124327196],[728806.8913103245,2887307.9432477257],[728791.0166226523,2887302.322212904]]]]},"properties":{"height":6.0,"min_height":0.0},"id":""},{"type":"Feature","geometry":{"type":"MultiPolygon","coordinates":[[[[728791.82655888,2887248.803758721],[728797.3780420308,2887243.8583365483],[728800.3520610569,2887247.1912537147],[728794.7905725788,2887252.136498875],[728791.82655888,2887248.803758721]]]]},"properties":{"height":6.0,"min_height":0.0},"id":""},{"type":"Feature","geometry":{"type":"MultiPolygon","coordinates":[[[[728798.6709620638,2887199.8800661354],[728802.4639366845,2887185.649142259],[728812.6350916326,2887188.354812278],[728808.8419114862,2887202.5968139526],[728798.6709620638,2887199.8800661354]]]]},"properties":{"height":6.0,"min_height":0.0},"id":""},{"type":"Feature","geometry":{"type":"MultiPolygon","coordinates":[[[[728799.2379410653,2887162.4725683085],[728782.808439105,2887155.3788112756],[728787.81616359,2887143.7848944208],[728804.2456786946,2887150.878656792],[728799.2379410653,2887162.4725683085]]]]},"properties":{"height":6.0,"min_height":0.0},"id":""},{"type":"Feature","geometry":{"type":"MultiPolygon","coordinates":[[[[728776.8372362186,2887144.899905917],[728781.77364875,2887150.4728715494],[728771.7392956336,2887159.3517504414],[728764.8403231759,2887151.549815365],[728772.6380622665,2887144.6488232184],[728771.6467767146,2887143.5341604156],[728766.3980033677,2887143.209229446],[728768.3910565521,2887110.648050257],[728785.1974122828,2887111.6747161155],[728784.4256564464,2887124.274034132],[728775.5095912185,2887132.1639663167],[728782.4085693248,2887139.9659065697],[728776.8372362186,2887144.899905917]]]]},"properties":{"height":6.0,"min_height":0.0},"id":""},{"type":"Feature","geometry":{"type":"MultiPolygon","coordinates":[[[[728849.3124899442,2887118.4977978896],[728834.652715537,2887112.6431571343],[728836.212629638,2887108.7359633963],[728850.8724080898,2887114.590605607],[728849.3124899442,2887118.4977978896]]]]},"properties":{"height":6.0,"min_height":0.0},"id":""},{"type":"Feature","geometry":{"type":"MultiPolygon","coordinates":[[[[728826.1563373338,2887163.3000775934],[728820.1239905815,2887161.431854115],[728823.2330913008,2887151.3784351703],[728839.3193579498,2887156.360373892],[728834.0249417245,2887173.446591212],[728823.9810444736,2887170.3330559814],[728826.1563373338,2887163.3000775934]]]]},"properties":{"height":6.0,"min_height":0.0},"id":""},{"type":"Feature","geometry":{"type":"MultiPolygon","coordinates":[[[[728823.4114804282,2887134.956012734],[728840.205076236,2887136.137695735],[728839.3232059265,2887148.7350811693],[728822.5196210394,2887147.5532223424],[728823.4114804282,2887134.956012734]]]]},"properties":{"height":6.0,"min_height":0.0},"id":""},{"type":"Feature","geometry":{"type":"MultiPolygon","coordinates":[[[[728816.1244757366,2887150.95431287],[728815.7427053504,2887163.571566082],[728805.2193242782,2887163.25371646],[728805.6010844342,2887150.6364636905],[728816.1244757366,2887150.95431287]]]]},"properties":{"height":6.0,"min_height":0.0},"id":""},{"type":"Feature","geometry":{"type":"MultiPolygon","coordinates":[[[[728855.4299655064,2887192.996877892],[728856.5312270764,2887187.851373747],[728866.8211928792,2887190.060422695],[728865.71992726,2887195.2059262693],[728855.4299655064,2887192.996877892]]]]},"properties":{"height":6.0,"min_height":0.0},"id":""},{"type":"Feature","geometry":{"type":"MultiPolygon","coordinates":[[[[728875.9823629898,2887142.0197878852],[728883.8150690682,2887145.0945089655],[728874.5944350873,2887168.606585621],[728866.7617420655,2887165.531869116],[728875.9823629898,2887142.0197878852]]]]},"properties":{"height":6.0,"min_height":0.0},"id":""},{"type":"Feature","geometry":{"type":"MultiPolygon","coordinates":[[[[728911.2252179905,2887178.881715055],[728909.8206114788,2887185.340807812],[728910.3789680321,2887185.4614538006],[728908.4522393169,2887194.294297576],[728899.0200209985,2887192.255454944],[728900.9467433505,2887183.4226102433],[728906.370807176,2887184.593014227],[728907.7754119858,2887178.1339212228],[728902.7003672612,2887177.036150383],[728907.7564086652,2887162.1291892678],[728914.5565587714,2887163.589779031],[728912.7605999857,2887171.8153347373],[728911.2252179905,2887178.881715055]]]]},"properties":{"height":6.0,"min_height":0.0},"id":""},{"type":"Feature","geometry":{"type":"MultiPolygon","coordinates":[[[[728932.8962503774,2887194.6795489457],[728931.4431645633,2887201.049121262],[728926.5684330928,2887199.9437772655],[728928.0215165413,2887193.5742045804],[728932.8962503774,2887194.6795489457]]]]},"properties":{"height":6.0,"min_height":0.0},"id":""},{"type":"Feature","geometry":{"type":"MultiPolygon","coordinates":[[[[728912.9130342039,2887176.2402815903],[728923.5816524014,2887178.5446965685],[728919.94522675,2887195.2499421677],[728909.2766221658,2887192.945529162],[728912.9130342039,2887176.2402815903]]]]},"properties":{"height":6.0,"min_height":0.0},"id":""},{"type":"Feature","geometry":{"type":"MultiPolygon","coordinates":[[[[728926.0457366382,2887168.1807080503],[728915.0896783168,2887165.716073159],[728918.4530638198,2887150.879119349],[728929.4191399736,2887153.3439319953],[728926.0457366382,2887168.1807080503]]]]},"properties":{"height":6.0,"min_height":0.0},"id":""},{"type":"Feature","geometry":{"type":"MultiPolygon","coordinates":[[[[728928.9215023716,2887186.78482632],[728923.1293819383,2887185.486027158],[728930.4306639074,2887153.3062922875],[728936.2227985475,2887154.6050936463],[728928.9215023716,2887186.78482632]]]]},"properties":{"height":6.0,"min_height":0.0},"id":""},{"type":"Feature","geometry":{"type":"MultiPolygon","coordinates":[[[[728915.625656868,2887156.8587893713],[728910.4317069668,2887155.692426394],[728911.8316423153,2887149.4992526346],[728917.0255946708,2887150.665615988],[728915.625656868,2887156.8587893713]]]]},"properties":{"height":6.0,"min_height":0.0},"id":""},{"type":"Feature","geometry":{"type":"MultiPolygon","coordinates":[[[[728916.2775350292,2887140.267344305],[728918.8279365844,2887128.4086156543],[728934.5426133348,2887131.7548852707],[728931.9920028087,2887143.6246918547],[728916.2775350292,2887140.267344305]]]]},"properties":{"height":6.0,"min_height":0.0},"id":""},{"type":"Feature","geometry":{"type":"MultiPolygon","coordinates":[[[[728922.8220060411,2887117.5505953142],[728926.1220638021,2887102.900947058],[728940.4283342734,2887106.089469144],[728937.1282605322,2887120.739114957],[728922.8220060411,2887117.5505953142]]]]},"properties":{"height":6.0,"min_height":0.0},"id":""},{"type":"Feature","geometry":{"type":"MultiPolygon","coordinates":[[[[728885.0127628824,2887114.5254367096],[728893.1953291121,2887116.486888382],[728889.5126485303,2887131.8391543995],[728881.3202810563,2887129.8664485766],[728885.0127628824,2887114.5254367096]]]]},"properties":{"height":6.0,"min_height":0.0},"id":""},{"type":"Feature","geometry":{"type":"MultiPolygon","coordinates":[[[[728859.7682948012,2887036.642365131],[728862.4539045301,2887046.70891633],[728852.3879576313,2887049.4026675764],[728849.7023411058,2887039.3361189472],[728859.7682948012,2887036.642365131]]]]},"properties":{"height":6.0,"min_height":0.0},"id":""},{"type":"Feature","geometry":{"type":"MultiPolygon","coordinates":[[[[728856.2504283476,2887024.9541048557],[728851.5696938963,2887015.650508953],[728852.8926838975,2887014.975498487],[728857.5834232867,2887024.279270689],[728856.2504283476,2887024.9541048557]]]]},"properties":{"height":6.0,"min_height":0.0},"id":""},{"type":"Feature","geometry":{"type":"MultiPolygon","coordinates":[[[[728894.0294577155,2887098.635143085],[728885.645365969,2887097.8893222488],[728889.2763268239,2887057.0000502462],[728897.6604451118,2887057.7458714657],[728894.0294577155,2887098.635143085]]]]},"properties":{"height":6.0,"min_height":0.0},"id":""},{"type":"Feature","geometry":{"type":"MultiPolygon","coordinates":[[[[728908.151650402,2887022.308251052],[728898.7163424917,2887021.577204422],[728899.3541892418,2887013.1872138996],[728908.7997035295,2887013.9073564042],[728908.151650402,2887022.308251052]]]]},"properties":{"height":6.0,"min_height":0.0},"id":""},{"type":"Feature","geometry":{"type":"MultiPolygon","coordinates":[[[[728821.2562964372,2887024.0401201514],[728820.8321731305,2887036.789628289],[728827.8007739424,2887037.2112879385],[728827.036073661,2887052.8254068918],[728808.9056830308,2887052.5291066384],[728774.054697172,2887038.3398839473],[728774.3503837222,2887020.9331093007],[728770.959088936,2887020.8403024036],[728771.1071648379,2887012.408461912],[728780.9765269746,2887012.3601190615],[728781.9818285098,2887005.838588546],[728824.9119292386,2887007.944780847],[728824.5047980541,2887014.5987342843],[728804.9700747352,2887014.4772771024],[728804.6024049778,2887024.0135990363],[728821.2562964372,2887024.0401201514]]]]},"properties":{"height":6.0,"min_height":0.0},"id":""},{"type":"Feature","geometry":{"type":"MultiPolygon","coordinates":[[[[728768.728985149,2887076.0184655646],[728778.8041689923,2887050.5706639616],[728830.6582684867,2887071.110096231],[728820.5931914444,2887096.546960469],[728768.728985149,2887076.0184655646]]]]},"properties":{"height":6.0,"min_height":0.0},"id":""},{"type":"Feature","geometry":{"type":"MultiPolygon","coordinates":[[[[728739.0439167513,2886997.3373013283],[728741.3758514802,2886971.1217622105],[728763.3905115162,2886973.0821722257],[728762.0819255654,2886987.7557333335],[728767.3282323494,2886988.224697222],[728768.5384895611,2886974.591245596],[728817.8042943716,2886978.9699248555],[728815.5707376231,2887004.134272442],[728772.5907411613,2887000.309314304],[728773.426896522,2886990.8809714415],[728771.328452092,2886990.6889526304],[728770.4921036864,2887000.128375462],[728739.0439167513,2886997.3373013283]]]]},"properties":{"height":6.0,"min_height":0.0},"id":""},{"type":"Feature","geometry":{"type":"MultiPolygon","coordinates":[[[[728796.5605156429,2886906.3332519033],[728804.0462518152,2886907.517643589],[728803.8022225115,2886921.411898844],[728794.1752917531,2886920.189901397],[728796.5605156429,2886906.3332519033]]]]},"properties":{"height":6.0,"min_height":0.0},"id":""},{"type":"Feature","geometry":{"type":"MultiPolygon","coordinates":[[[[728804.6082806357,2886929.084662157],[728804.3123627121,2886923.138780416],[728813.2278720647,2886922.6968684327],[728813.5237859755,2886928.64275067],[728804.6082806357,2886929.084662157]]]]},"properties":{"height":6.0,"min_height":0.0},"id":""},{"type":"Feature","geometry":{"type":"MultiPolygon","coordinates":[[[[728771.2145160704,2886898.0078609004],[728784.4985185388,2886901.289069291],[728782.98973668,2886907.4138398007],[728769.7057403792,2886904.132632493],[728771.2145160704,2886898.0078609004]]]]},"properties":{"height":6.0,"min_height":0.0},"id":""},{"type":"Feature","geometry":{"type":"MultiPolygon","coordinates":[[[[728763.4686089088,2886885.990474802],[728766.7155095384,2886873.789291593],[728814.5138292986,2886886.521178963],[728811.2566845065,2886898.733257721],[728763.4686089088,2886885.990474802]]]]},"properties":{"height":6.0,"min_height":0.0},"id":""},{"type":"Feature","geometry":{"type":"MultiPolygon","coordinates":[[[[728814.9556255632,2886876.7534093503],[728768.1408253751,2886864.4377955957],[728771.894189927,2886850.1840012637],[728818.7088458058,2886862.5107047334],[728814.9556255632,2886876.7534093503]]]]},"properties":{"height":6.0,"min_height":0.0},"id":""},{"type":"Feature","geometry":{"type":"MultiPolygon","coordinates":[[[[728817.9431290395,2886923.2008564696],[728838.9756044791,2886924.1022992507],[728838.7045746997,2886930.4150587027],[728817.6721095032,2886929.513615606],[728817.9431290395,2886923.2008564696]]]]},"properties":{"height":6.0,"min_height":0.0},"id":""},{"type":"Feature","geometry":{"type":"MultiPolygon","coordinates":[[[[728791.1015142458,2886959.005281327],[728792.1403704078,2886944.3048165767],[728849.8691986882,2886948.3667413834],[728848.8404771154,2886963.0563021787],[728791.1015142458,2886959.005281327]]]]},"properties":{"height":6.0,"min_height":0.0},"id":""},{"type":"Feature","geometry":{"type":"MultiPolygon","coordinates":[[[[728869.2051574881,2886937.589810372],[728846.0724965554,2886936.5960063473],[728846.3818373181,2886929.2420829255],[728842.1814249865,2886929.057462595],[728842.3552475648,2886924.8599190367],[728869.6987377411,2886926.016358569],[728869.2051574881,2886937.589810372]]]]},"properties":{"height":6.0,"min_height":0.0},"id":""},{"type":"Feature","geometry":{"type":"MultiPolygon","coordinates":[[[[728897.5551073072,2886936.148316709],[728893.3423546774,2886936.0964633077],[728893.4502876308,2886927.674995949],[728897.6530373663,2886927.7266733795],[728897.5551073072,2886936.148316709]]]]},"properties":{"height":6.0,"min_height":0.0},"id":""},{"type":"Feature","geometry":{"type":"MultiPolygon","coordinates":[[[[728884.4125160349,2886940.771916666],[728872.5218425306,2886941.361009533],[728871.7921315299,2886926.4964712854],[728883.6828184149,2886925.907376771],[728884.4125160349,2886940.771916666]]]]},"properties":{"height":6.0,"min_height":0.0},"id":""},{"type":"Feature","geometry":{"type":"MultiPolygon","coordinates":[[[[728914.6600008507,2886935.0080333967],[728913.3903198625,2886941.1924126907],[728898.9597045656,2886938.234504026],[728900.2293787197,2886932.050123831],[728914.6600008507,2886935.0080333967]]]]},"properties":{"height":6.0,"min_height":0.0},"id":""},{"type":"Feature","geometry":{"type":"MultiPolygon","coordinates":[[[[728915.0629479921,2886947.960496218],[728919.7224958497,2886933.9775714227],[728941.6829979172,2886941.301681526],[728937.0236222823,2886955.2735201814],[728915.0629479921,2886947.960496218]]]]},"properties":{"height":6.0,"min_height":0.0},"id":""},{"type":"Feature","geometry":{"type":"MultiPolygon","coordinates":[[[[728925.744072436,2886917.668906461],[728928.6950643291,2886909.785066557],[728950.3712379329,2886917.9132778645],[728947.4202337982,2886925.7971137688],[728925.744072436,2886917.668906461]]]]},"properties":{"height":6.0,"min_height":0.0},"id":""},{"type":"Feature","geometry":{"type":"MultiPolygon","coordinates":[[[[728924.786494912,2886906.092118627],[728922.6416776249,2886914.2339599123],[728895.1647055668,2886907.00137754],[728897.3095059905,2886898.85953298],[728924.786494912,2886906.092118627]]]]},"properties":{"height":6.0,"min_height":0.0},"id":""},{"type":"Feature","geometry":{"type":"MultiPolygon","coordinates":[[[[728896.9488160795,2886885.2095632963],[728900.574307735,2886873.114804274],[728930.8115822171,2886882.180320921],[728927.1860633651,2886894.275073544],[728896.9488160795,2886885.2095632963]]]]},"properties":{"height":6.0,"min_height":0.0},"id":""},{"type":"Feature","geometry":{"type":"MultiPolygon","coordinates":[[[[728934.9602464197,2886869.3632593555],[728903.293187121,2886857.9340217845],[728910.4370853083,2886838.1316405316],[728942.10418989,2886849.5608921046],[728934.9602464197,2886869.3632593555]]]]},"properties":{"height":6.0,"min_height":0.0},"id":""},{"type":"Feature","geometry":{"type":"MultiPolygon","coordinates":[[[[728917.348764331,2886820.153937977],[728924.3732144297,2886800.3162125787],[728963.0568501438,2886814.00789417],[728956.0323444266,2886833.8456028407],[728917.348764331,2886820.153937977]]]]},"properties":{"height":6.0,"min_height":0.0},"id":""},{"type":"Feature","geometry":{"type":"MultiPolygon","coordinates":[[[[728932.6725625276,2886760.329151709],[728928.5391060903,2886771.140391629],[728900.0350517838,2886760.254434108],[728904.1584804818,2886749.4430109775],[728932.6725625276,2886760.329151709]]]]},"properties":{"height":6.0,"min_height":0.0},"id":""},{"type":"Feature","geometry":{"type":"MultiPolygon","coordinates":[[[[728909.834369455,2886735.721772158],[728941.3094385171,2886748.411128072],[728936.8352682772,2886759.8148811054],[728905.3502188086,2886747.1253583124],[728909.834369455,2886735.721772158]]]]},"properties":{"height":6.0,"min_height":0.0},"id":""},{"type":"Feature","geometry":{"type":"MultiPolygon","coordinates":[[[[728834.030112341,2886847.8172716135],[728809.098591536,2886843.810525469],[728816.5955541199,2886797.059561335],[728841.5373651711,2886801.0554109984],[728834.030112341,2886847.8172716135]]]]},"properties":{"height":6.0,"min_height":0.0},"id":""},{"type":"Feature","geometry":{"type":"MultiPolygon","coordinates":[[[[728806.0452306772,2886794.269674608],[728813.5310318951,2886795.4540669187],[728809.9338123652,2886816.7706997553],[728805.6700537362,2886815.631812604],[728801.3962887777,2886814.49275118],[728801.4712061828,2886810.2269715946],[728803.6126216314,2886810.253496814],[728806.0452306772,2886794.269674608]]]]},"properties":{"height":6.0,"min_height":0.0},"id":""},{"type":"Feature","geometry":{"type":"MultiPolygon","coordinates":[[[[728764.8360321271,2886833.767516724],[728766.638313569,2886822.327884801],[728786.3911319725,2886825.434513216],[728787.3713700062,2886819.200710534],[728810.2481900431,2886822.8055719025],[728807.4656219332,2886840.479002475],[728764.8360321271,2886833.767516724]]]]},"properties":{"height":6.0,"min_height":0.0},"id":""},{"type":"Feature","geometry":{"type":"MultiPolygon","coordinates":[[[[728793.5346030877,2886818.7547787204],[728753.5534777889,2886818.5292818216],[728753.6012788806,2886810.1067669494],[728793.5922411379,2886810.3435177626],[728793.5346030877,2886818.7547787204]]]]},"properties":{"height":6.0,"min_height":0.0},"id":""},{"type":"Feature","geometry":{"type":"MultiPolygon","coordinates":[[[[728825.7663588714,2886766.1317944815],[728798.9363421132,2886760.7949841823],[728795.6535296368,2886777.3180438597],[728825.5857577685,2886783.2524225],[728823.9493377188,2886791.5140380445],[728784.721369812,2886783.7317449725],[728791.6933753905,2886748.6312541566],[728827.8193917297,2886755.804907086],[728825.7663588714,2886766.1317944815]]]]},"properties":{"height":6.0,"min_height":0.0},"id":""},{"type":"Feature","geometry":{"type":"MultiPolygon","coordinates":[[[[728741.200987299,2886918.949307691],[728741.6503467849,2886911.5978458263],[728784.7116869581,2886914.2270994093],[728784.262303004,2886921.57856159],[728741.200987299,2886918.949307691]]]]},"properties":{"height":6.0,"min_height":0.0},"id":""},{"type":"Feature","geometry":{"type":"MultiPolygon","coordinates":[[[[729675.6880696706,2887663.0299741956],[729666.7875948893,2887662.0750054223],[729669.3599609873,2887638.224462534],[729678.2504470907,2887639.179255406],[729675.6880696706,2887663.0299741956]]]]},"properties":{"height":6.0,"min_height":0.0},"id":""},{"type":"Feature","geometry":{"type":"MultiPolygon","coordinates":[[[[729624.8085040076,2887652.6896981583],[729626.4297209567,2887636.802461397],[729666.491428552,2887640.844986916],[729664.869966921,2887656.7433023304],[729624.8085040076,2887652.6896981583]]]]},"properties":{"height":6.0,"min_height":0.0},"id":""},{"type":"Feature","geometry":{"type":"MultiPolygon","coordinates":[[[[729678.4593271798,2887624.4973746743],[729615.0760716435,2887618.3146089227],[729615.3432628263,2887615.6482106587],[729616.4414149304,2887604.4511306672],[729679.8245431165,2887610.6449780352],[729678.4593271798,2887624.4973746743]]]]},"properties":{"height":6.0,"min_height":0.0},"id":""},{"type":"Feature","geometry":{"type":"MultiPolygon","coordinates":[[[[729658.8922586177,2887567.2277544443],[729669.3383250809,2887568.509220033],[729669.0812830208,2887570.599458042],[729658.6352182451,2887569.317992534],[729658.8922586177,2887567.2277544443]]]]},"properties":{"height":6.0,"min_height":0.0},"id":""},{"type":"Feature","geometry":{"type":"MultiPolygon","coordinates":[[[[729685.4775087265,2887552.855840191],[729670.2185049745,2887550.9464006284],[729671.0925742653,2887543.9459947837],[729668.8557101258,2887543.6627138047],[729669.5423416098,2887538.210684648],[729661.8327895364,2887537.2545612403],[729667.4758239365,2887492.510461661],[729671.1407094381,2887492.974091276],[729673.8859689443,2887491.6703212266],[729677.2461229484,2887491.2529869233],[729681.0757818107,2887491.4535223697],[729684.3510897503,2887492.4422909226],[729686.942133675,2887493.6406621183],[729689.3858741797,2887495.2465235456],[729695.7570951344,2887496.046057132],[729695.1529947465,2887500.790200873],[729703.6214018005,2887501.8483932093],[729697.8611898916,2887547.5546818357],[729688.9735718551,2887546.4336802172],[729688.6955391736,2887548.578965142],[729686.0590546371,2887548.25538322],[729685.4775087265,2887552.855840191]]]]},"properties":{"height":6.0,"min_height":0.0},"id":""},{"type":"Feature","geometry":{"type":"MultiPolygon","coordinates":[[[[729649.5265343848,2887504.108661788],[729657.3746166428,2887505.155886236],[729654.9772244339,2887523.057704777],[729647.137204598,2887522.1214573444],[729649.5265343848,2887504.108661788]]]]},"properties":{"height":6.0,"min_height":0.0},"id":""},{"type":"Feature","geometry":{"type":"MultiPolygon","coordinates":[[[[729652.8885783401,2887489.3937162515],[729623.3060659645,2887486.433780537],[729628.1900707181,2887438.185012608],[729657.7624929869,2887441.1558548287],[729652.8885783401,2887489.3937162515]]]]},"properties":{"height":6.0,"min_height":0.0},"id":""},{"type":"Feature","geometry":{"type":"MultiPolygon","coordinates":[[[[729627.0849045914,2887341.9169597975],[729629.2713035002,2887330.8720684703],[729668.8677121084,2887338.6525134337],[729666.6814750165,2887349.6863206057],[729627.0849045914,2887341.9169597975]]]]},"properties":{"height":6.0,"min_height":0.0},"id":""},{"type":"Feature","geometry":{"type":"MultiPolygon","coordinates":[[[[729671.8283738367,2887428.436252835],[729678.184111451,2887428.9805825087],[729676.9734472771,2887447.6902503553],[729670.4078036862,2887447.1311356043],[729671.8283738367,2887428.436252835]]]]},"properties":{"height":6.0,"min_height":0.0},"id":""},{"type":"Feature","geometry":{"type":"MultiPolygon","coordinates":[[[[729676.203870763,2887291.544250676],[729673.8524996138,2887303.428570262],[729641.2176643175,2887297.0232806164],[729643.5690057115,2887285.138957344],[729676.203870763,2887291.544250676]]]]},"properties":{"height":6.0,"min_height":0.0},"id":""},{"type":"Feature","geometry":{"type":"MultiPolygon","coordinates":[[[[729671.4473992335,2887326.306714742],[729632.4393161137,2887318.6474717264],[729634.272928131,2887309.4472952187],[729673.2710334153,2887317.1063652635],[729671.4473992335,2887326.306714742]]]]},"properties":{"height":6.0,"min_height":0.0},"id":""},{"type":"Feature","geometry":{"type":"MultiPolygon","coordinates":[[[[729642.7643446159,2887255.2770762225],[729638.4038643881,2887277.2340725823],[729624.2905722805,2887274.46932489],[729628.6412186549,2887252.5010691895],[729642.7643446159,2887255.2770762225]]]]},"properties":{"height":6.0,"min_height":0.0},"id":""},{"type":"Feature","geometry":{"type":"MultiPolygon","coordinates":[[[[729673.6613811827,2887276.2375237704],[729640.1487359726,2887269.661597175],[729643.7626313097,2887251.448723678],[729677.265122565,2887258.0355596747],[729673.6613811827,2887276.2375237704]]]]},"properties":{"height":6.0,"min_height":0.0},"id":""},{"type":"Feature","geometry":{"type":"MultiPolygon","coordinates":[[[[729648.1268506697,2887237.2280328274],[729651.3313385232,2887221.8009684584],[729690.3632803343,2887229.8264156794],[729687.158746378,2887245.253473862],[729648.1268506697,2887237.2280328274]]]]},"properties":{"height":6.0,"min_height":0.0},"id":""},{"type":"Feature","geometry":{"type":"MultiPolygon","coordinates":[[[[729645.4321799682,2887236.227349632],[729632.7372699628,2887233.6206044042],[729635.96389922,2887218.0720104654],[729648.668829777,2887220.678934116],[729645.4321799682,2887236.227349632]]]]},"properties":{"height":6.0,"min_height":0.0},"id":""},{"type":"Feature","geometry":{"type":"MultiPolygon","coordinates":[[[[729653.3173830105,2887204.523655657],[729640.6126322127,2887201.905648626],[729643.8492802052,2887186.3572323644],[729656.5540461241,2887188.975241431],[729653.3173830105,2887204.523655657]]]]},"properties":{"height":6.0,"min_height":0.0},"id":""},{"type":"Feature","geometry":{"type":"MultiPolygon","coordinates":[[[[729622.7044010195,2887175.9539652052],[729638.7083805231,2887180.481048065],[729635.2516824782,2887194.318736805],[729622.4407216228,2887190.91195255],[729622.7044010195,2887175.9539652052]]]]},"properties":{"height":6.0,"min_height":0.0},"id":""},{"type":"Feature","geometry":{"type":"MultiPolygon","coordinates":[[[[729656.0122554197,2887205.5132600125],[729659.2167564585,2887190.086196921],[729698.2485972256,2887198.1227407963],[729695.044050086,2887213.5497977026],[729656.0122554197,2887205.5132600125]]]]},"properties":{"height":6.0,"min_height":0.0},"id":""},{"type":"Feature","geometry":{"type":"MultiPolygon","coordinates":[[[[729671.6013464946,2887171.6954622557],[729675.3846407129,2887159.2046339246],[729726.9264810272,2887174.6660742844],[729723.1431389535,2887187.1568912026],[729671.6013464946,2887171.6954622557]]]]},"properties":{"height":6.0,"min_height":0.0},"id":""},{"type":"Feature","geometry":{"type":"MultiPolygon","coordinates":[[[[729609.7548046367,2887158.8345456575],[729642.0153638262,2887049.6661574375],[729646.7460206413,2887047.0230282797],[729692.4502438132,2887060.3863577866],[729687.72429974,2887076.38509554],[729645.0271601129,2887063.906046281],[729642.0890516643,2887073.873674895],[729683.9992382072,2887086.1393399723],[729679.2417311805,2887102.226190535],[729637.331399575,2887089.9716170207],[729634.4576311059,2887099.6965453215],[729676.9054955201,2887112.115758086],[729673.1484958542,2887124.8176354584],[729630.7006716367,2887112.3984319502],[729627.5607575125,2887123.0275110207],[729670.0385646047,2887135.447236026],[729666.4410353746,2887147.6199212433],[729623.9632668379,2887135.2002051063],[729620.833953239,2887145.79622169],[729663.7199596441,2887158.3339626994],[729659.2920040654,2887173.3293675897],[729609.7548046367,2887158.8345456575]]]]},"properties":{"height":6.0,"min_height":0.0},"id":""},{"type":"Feature","geometry":{"type":"MultiPolygon","coordinates":[[[[729679.9868268908,2886976.5199138825],[729671.3057863987,2886972.742578773],[729672.985258578,2886968.8819029448],[729681.6663013801,2886972.659239001],[729679.9868268908,2886976.5199138825]]]]},"properties":{"height":6.0,"min_height":0.0},"id":""},{"type":"Feature","geometry":{"type":"MultiPolygon","coordinates":[[[[729669.4920965913,2886976.268385443],[729679.7388106999,2886978.665727512],[729677.8226703886,2886986.8669364364],[729667.5759626722,2886984.469595399],[729669.4920965913,2886976.268385443]]]]},"properties":{"height":6.0,"min_height":0.0},"id":""},{"type":"Feature","geometry":{"type":"MultiPolygon","coordinates":[[[[729667.2690003994,2886985.417358978],[729676.3915618941,2886987.994382074],[729675.2392625213,2886992.0416868026],[729666.1267094088,2886989.464840706],[729667.2690003994,2886985.417358978]]]]},"properties":{"height":6.0,"min_height":0.0},"id":""},{"type":"Feature","geometry":{"type":"MultiPolygon","coordinates":[[[[729696.7786864738,2887022.6570751504],[729693.520911126,2887034.857913781],[729655.8948854441,2887024.8290294316],[729659.15262622,2887012.6281839586],[729696.7786864738,2887022.6570751504]]]]},"properties":{"height":6.0,"min_height":0.0},"id":""},{"type":"Feature","geometry":{"type":"MultiPolygon","coordinates":[[[[729682.8085625644,2886944.771289123],[729680.7250324698,2886955.0864826525],[729668.3480738737,2886952.5961682443],[729670.421588531,2886942.280797061],[729682.8085625644,2886944.771289123]]]]},"properties":{"height":6.0,"min_height":0.0},"id":""},{"type":"Feature","geometry":{"type":"MultiPolygon","coordinates":[[[[729657.0003071522,2886846.870756827],[729645.2559550134,2886884.00380717],[729635.2231414159,2886880.823346692],[729646.9672707322,2886843.7013693373],[729657.0003071522,2886846.870756827]]]]},"properties":{"height":6.0,"min_height":0.0},"id":""},{"type":"Feature","geometry":{"type":"MultiPolygon","coordinates":[[[[729615.7595506767,2886823.267623611],[729617.2489214813,2886817.1314879484],[729668.3748701604,2886829.5816200487],[729665.1379744018,2886842.8690089076],[729604.8133001537,2886828.1841609087],[729606.5609638653,2886821.0218179836],[729615.7595506767,2886823.267623611]]]]},"properties":{"height":6.0,"min_height":0.0},"id":""},{"type":"Feature","geometry":{"type":"MultiPolygon","coordinates":[[[[729664.703190627,2886807.3500296166],[729625.194047722,2886792.821480901],[729632.4583907571,2886773.065849809],[729671.9675898177,2886787.594416371],[729664.703190627,2886807.3500296166]]]]},"properties":{"height":6.0,"min_height":0.0},"id":""},{"type":"Feature","geometry":{"type":"MultiPolygon","coordinates":[[[[729674.689761224,2886780.227590058],[729684.4878270387,2886783.6699380158],[729671.0762404923,2886822.25876057],[729661.2762489328,2886818.9272205327],[729674.689761224,2886780.227590058]]]]},"properties":{"height":6.0,"min_height":0.0},"id":""},{"type":"Feature","geometry":{"type":"MultiPolygon","coordinates":[[[[729678.9913716024,2886741.1789108897],[729665.7501011388,2886737.742372998],[729664.9555677365,2886740.798477015],[729690.4218022919,2886747.409812646],[729687.2436481765,2886759.6342245694],[729648.536371388,2886749.575292408],[729655.1507211318,2886724.111329748],[729681.6330929508,2886730.9954754007],[729678.9913716024,2886741.1789108897]]]]},"properties":{"height":6.0,"min_height":0.0},"id":""},{"type":"Feature","geometry":{"type":"MultiPolygon","coordinates":[[[[729620.8381388194,2886767.9510795986],[729626.4097981374,2886768.13794842],[729626.2533714842,2886777.0130169503],[729620.6819112587,2886776.8150679283],[729620.8381388194,2886767.9510795986]]]]},"properties":{"height":6.0,"min_height":0.0},"id":""},{"type":"Feature","geometry":{"type":"MultiPolygon","coordinates":[[[[729608.5124217949,2886796.6172547503],[729615.4656349451,2886799.0562377586],[729611.2820565285,2886810.974771962],[729604.3388551476,2886808.53596708],[729608.5124217949,2886796.6172547503]]]]},"properties":{"height":6.0,"min_height":0.0},"id":""},{"type":"Feature","geometry":{"type":"MultiPolygon","coordinates":[[[[729584.3489739331,2886808.6602686723],[729571.731681559,2886801.056366985],[729578.257841446,2886790.2431123788],[729592.67763996,2886798.931710514],[729595.3892129678,2886794.4352923287],[729601.6978584821,2886798.237253189],[729597.3571434566,2886805.442565317],[729589.2460026492,2886800.5559158404],[729584.3489739331,2886808.6602686723]]]]},"properties":{"height":6.0,"min_height":0.0},"id":""},{"type":"Feature","geometry":{"type":"MultiPolygon","coordinates":[[[[729590.3462505933,2886854.5515888175],[729584.130458548,2886853.4334563045],[729588.5920965044,2886828.5743751735],[729594.8079004386,2886829.6925089364],[729590.3462505933,2886854.5515888175]]]]},"properties":{"height":6.0,"min_height":0.0},"id":""},{"type":"Feature","geometry":{"type":"MultiPolygon","coordinates":[[[[729516.9198262488,2886818.289595243],[729584.4250720182,2886829.3321976797],[729581.3631329238,2886848.031394272],[729513.8581796933,2886836.977720517],[729516.9198262488,2886818.289595243]]]]},"properties":{"height":6.0,"min_height":0.0},"id":""},{"type":"Feature","geometry":{"type":"MultiPolygon","coordinates":[[[[729540.4809682646,2886764.8725234647],[729544.1135788057,2886748.4333120445],[729593.4457399447,2886759.3220013916],[729589.812872261,2886775.7722836286],[729540.4809682646,2886764.8725234647]]]]},"properties":{"height":6.0,"min_height":0.0},"id":""},{"type":"Feature","geometry":{"type":"MultiPolygon","coordinates":[[[[729523.8754047245,2886792.1887634504],[729513.5410595001,2886790.2111864174],[729516.3182183792,2886775.74083222],[729526.6525750881,2886777.718410605],[729523.8754047245,2886792.1887634504]]]]},"properties":{"height":6.0,"min_height":0.0},"id":""},{"type":"Feature","geometry":{"type":"MultiPolygon","coordinates":[[[[729504.0465806358,2886749.0796131506],[729503.1498618985,2886758.5068887547],[729512.582439891,2886759.404560747],[729513.4791655099,2886749.977285284],[729530.2360393784,2886751.569255161],[729529.1423151026,2886763.087826277],[729492.471061586,2886759.604453307],[729493.5647531621,2886748.085881527],[729504.0465806358,2886749.0796131506]]]]},"properties":{"height":6.0,"min_height":0.0},"id":""},{"type":"Feature","geometry":{"type":"MultiPolygon","coordinates":[[[[729475.8394856115,2886833.2933025793],[729476.085021538,2886830.1499370993],[729456.1442812659,2886828.623868481],[729457.3523159971,2886812.8845287003],[729488.8277990171,2886815.2898665657],[729487.0698887566,2886838.3789102603],[729461.8816211852,2886836.45006092],[729462.2057277522,2886832.255154847],[729475.8394856115,2886833.2933025793]]]]},"properties":{"height":6.0,"min_height":0.0},"id":""},{"type":"Feature","geometry":{"type":"MultiPolygon","coordinates":[[[[729492.6864542074,2886825.787334383],[729495.8579388859,2886807.1122252485],[729502.0847388275,2886808.1750897965],[729498.9032394581,2886826.850021818],[729492.6864542074,2886825.787334383]]]]},"properties":{"height":6.0,"min_height":0.0},"id":""},{"type":"Feature","geometry":{"type":"MultiPolygon","coordinates":[[[[729513.9182221324,2886795.504621867],[729527.7112861729,2886798.2968074903],[729525.3078872795,2886810.8673969777],[729511.6148940064,2886808.076975611],[729513.9182221324,2886795.504621867]]]]},"properties":{"height":6.0,"min_height":0.0},"id":""},{"type":"Feature","geometry":{"type":"MultiPolygon","coordinates":[[[[729568.3537378599,2886801.9056840166],[729526.1979624844,2886792.728435655],[729529.7809123046,2886776.266180219],[729571.936545433,2886785.45451623],[729568.3537378599,2886801.9056840166]]]]},"properties":{"height":6.0,"min_height":0.0},"id":""},{"type":"Feature","geometry":{"type":"MultiPolygon","coordinates":[[[[729549.7847435507,2886916.225418631],[729523.03226955,2886910.4894276876],[729525.6818960635,2886898.1448445474],[729552.4343953035,2886903.8808390615],[729549.7847435507,2886916.225418631]]]]},"properties":{"height":6.0,"min_height":0.0},"id":""},{"type":"Feature","geometry":{"type":"MultiPolygon","coordinates":[[[[729513.6284850837,2886903.418779689],[729513.8561399501,2886908.676332013],[729509.6492691535,2886908.8571358486],[729509.4216126096,2886903.5995837217],[729513.6284850837,2886903.418779689]]]]},"properties":{"height":6.0,"min_height":0.0},"id":""},{"type":"Feature","geometry":{"type":"MultiPolygon","coordinates":[[[[729503.608416844,2886863.153523448],[729506.4475523081,2886850.84552676],[729545.4136650787,2886859.8335252623],[729542.5746883329,2886872.1304361825],[729503.608416844,2886863.153523448]]]]},"properties":{"height":6.0,"min_height":0.0},"id":""},{"type":"Feature","geometry":{"type":"MultiPolygon","coordinates":[[[[729460.871611688,2886861.4032078073],[729462.6655866005,2886851.0385613134],[729489.6272414331,2886855.7030078205],[729487.8332449959,2886866.0676521934],[729460.871611688,2886861.4032078073]]]]},"properties":{"height":6.0,"min_height":0.0},"id":""},{"type":"Feature","geometry":{"type":"MultiPolygon","coordinates":[[[[729465.3835535011,2886869.4738223525],[729481.7804698918,2886873.309337456],[729478.4249809858,2886887.6586741447],[729462.0280824902,2886883.8231619387],[729465.3835535011,2886869.4738223525]]]]},"properties":{"height":6.0,"min_height":0.0},"id":""},{"type":"Feature","geometry":{"type":"MultiPolygon","coordinates":[[[[729486.0847156319,2886871.5785603616],[729517.0871627678,2886877.533425331],[729513.9133047999,2886894.0693902867],[729482.911092204,2886888.1034499765],[729486.0847156319,2886871.5785603616]]]]},"properties":{"height":6.0,"min_height":0.0},"id":""},{"type":"Feature","geometry":{"type":"MultiPolygon","coordinates":[[[[729494.6644047298,2886924.863610105],[729486.470984727,2886922.9459272656],[729488.3870071665,2886914.7446990344],[729496.5804322803,2886916.662382699],[729494.6644047298,2886924.863610105]]]]},"properties":{"height":6.0,"min_height":0.0},"id":""},{"type":"Feature","geometry":{"type":"MultiPolygon","coordinates":[[[[729508.5562352896,2886972.0355468728],[729439.8078924128,2886948.646620261],[729444.5574850152,2886934.6986676147],[729513.2958922721,2886958.0874378053],[729508.5562352896,2886972.0355468728]]]]},"properties":{"height":6.0,"min_height":0.0},"id":""},{"type":"Feature","geometry":{"type":"MultiPolygon","coordinates":[[[[729502.0397595955,2886929.4712410606],[729503.1911251645,2886924.337734141],[729518.5938405019,2886927.790035288],[729517.4424689037,2886932.923541294],[729502.0397595955,2886929.4712410606]]]]},"properties":{"height":6.0,"min_height":0.0},"id":""},{"type":"Feature","geometry":{"type":"MultiPolygon","coordinates":[[[[729517.0897333524,2886910.90565158],[729519.9599841096,2886906.4896010766],[729521.7212773759,2886907.640057574],[729518.8512214089,2886912.0450277394],[729517.0897333524,2886910.90565158]]]]},"properties":{"height":6.0,"min_height":0.0},"id":""},{"type":"Feature","geometry":{"type":"MultiPolygon","coordinates":[[[[729538.291221365,2886934.598718961],[729525.7099195546,2886933.479287958],[729525.8969001899,2886931.387815507],[729538.4782040395,2886932.5072465404],[729538.291221365,2886934.598718961]]]]},"properties":{"height":6.0,"min_height":0.0},"id":""},{"type":"Feature","geometry":{"type":"MultiPolygon","coordinates":[[[[729577.5111568056,2886925.19282359],[729574.1829562756,2886936.284098685],[729552.0106805395,2886929.6312506846],[729555.3286618759,2886918.5508749583],[729577.5111568056,2886925.19282359]]]]},"properties":{"height":6.0,"min_height":0.0},"id":""},{"type":"Feature","geometry":{"type":"MultiPolygon","coordinates":[[[[729566.1982009318,2886905.48663492],[729564.2812507182,2886912.6016642153],[729556.1527440753,2886910.407995729],[729558.069689938,2886903.2929655593],[729566.1982009318,2886905.48663492]]]]},"properties":{"height":6.0,"min_height":0.0},"id":""},{"type":"Feature","geometry":{"type":"MultiPolygon","coordinates":[[[[729594.517856942,2886897.2630496556],[729593.8668310597,2886903.5358792953],[729591.7687629976,2886903.3215686325],[729592.4299888139,2886897.037835314],[729594.517856942,2886897.2630496556]]]]},"properties":{"height":6.0,"min_height":0.0},"id":""},{"type":"Feature","geometry":{"type":"MultiPolygon","coordinates":[[[[729598.8084605017,2886865.64006532],[729601.4236727792,2886849.0055981707],[729624.2905347759,2886852.6006519734],[729621.6752931406,2886869.235116705],[729598.8084605017,2886865.64006532]]]]},"properties":{"height":6.0,"min_height":0.0},"id":""},{"type":"Feature","geometry":{"type":"MultiPolygon","coordinates":[[[[729619.2621347535,2886883.490206368],[729651.403136907,2886893.5552524994],[729642.6001697137,2886921.6739078327],[729610.459234402,2886911.6088784495],[729619.2621347535,2886883.490206368]]]]},"properties":{"height":6.0,"min_height":0.0},"id":""},{"type":"Feature","geometry":{"type":"MultiPolygon","coordinates":[[[[729605.0367048815,2886920.568467511],[729637.0429361418,2886926.9181614676],[729634.9892632496,2886937.244968731],[729602.9930629928,2886930.895454289],[729605.0367048815,2886920.568467511]]]]},"properties":{"height":6.0,"min_height":0.0},"id":""},{"type":"Feature","geometry":{"type":"MultiPolygon","coordinates":[[[[729581.4443677741,2887029.136019347],[729584.9774512628,2887018.912864538],[729605.7904070872,2887026.018413298],[729602.2571128008,2887036.2526436034],[729581.4443677741,2887029.136019347]]]]},"properties":{"height":6.0,"min_height":0.0},"id":""},{"type":"Feature","geometry":{"type":"MultiPolygon","coordinates":[[[[729520.3970197085,2886963.4882567124],[729612.2522799519,2886997.2710568877],[729607.1644758737,2887011.0910851127],[729515.3093069567,2886977.308314011],[729520.3970197085,2886963.4882567124]]]]},"properties":{"height":6.0,"min_height":0.0},"id":""},{"type":"Feature","geometry":{"type":"MultiPolygon","coordinates":[[[[729542.1124864634,2887019.9197492283],[729546.9477340956,2887006.2282529115],[729571.4882202432,2887014.795938333],[729566.652948215,2887028.4874273553],[729542.1124864634,2887019.9197492283]]]]},"properties":{"height":6.0,"min_height":0.0},"id":""},{"type":"Feature","geometry":{"type":"MultiPolygon","coordinates":[[[[729567.7688811367,2887031.045197875],[729572.8195968783,2887015.3514056234],[729583.2299881019,2887018.682565727],[729578.1794555904,2887034.3652748507],[729567.7688811367,2887031.045197875]]]]},"properties":{"height":6.0,"min_height":0.0},"id":""},{"type":"Feature","geometry":{"type":"MultiPolygon","coordinates":[[[[729580.3896567359,2887036.1664917017],[729577.6374517824,2887046.946497078],[729553.3746456451,2887040.799873914],[729547.1942490626,2887064.941502122],[729530.1556253018,2887060.6179859475],[729539.0879668451,2887025.707420341],[729580.3896567359,2887036.1664917017]]]]},"properties":{"height":6.0,"min_height":0.0},"id":""},{"type":"Feature","geometry":{"type":"MultiPolygon","coordinates":[[[[729554.6087467433,2887092.8804758782],[729547.4644591461,2887091.069899302],[729550.2054562379,2887080.3561930954],[729557.3497496244,2887082.1667707474],[729554.6087467433,2887092.8804758782]]]]},"properties":{"height":6.0,"min_height":0.0},"id":""},{"type":"Feature","geometry":{"type":"MultiPolygon","coordinates":[[[[729564.4863597658,2887090.660524009],[729556.7642891554,2887088.695675595],[729559.6770984018,2887077.3199927486],[729567.3993709132,2887079.2737624105],[729564.4863597658,2887090.660524009]]]]},"properties":{"height":6.0,"min_height":0.0},"id":""},{"type":"Feature","geometry":{"type":"MultiPolygon","coordinates":[[[[729568.1908079376,2887103.083830025],[729573.5222156141,2887082.252274901],[729583.5261835539,2887084.789354351],[729584.4293329254,2887081.247490994],[729549.295647889,2887072.3490103153],[729553.4559829324,2887056.0631851978],[729592.7648533355,2887066.0106014074],[729582.3598838622,2887106.6696553486],[729568.1908079376,2887103.083830025]]]]},"properties":{"height":6.0,"min_height":0.0},"id":""},{"type":"Feature","geometry":{"type":"MultiPolygon","coordinates":[[[[729598.3732605858,2887051.612323835],[729580.7168231608,2887047.133768175],[729584.1564485084,2887033.694772052],[729601.8130991639,2887038.1622510543],[729598.3732605858,2887051.612323835]]]]},"properties":{"height":6.0,"min_height":0.0},"id":""},{"type":"Feature","geometry":{"type":"MultiPolygon","coordinates":[[[[729607.3965293213,2887167.1388013703],[729612.9443848536,2887168.6663558744],[729608.6860880706,2887184.8285235344],[729603.1360909666,2887183.4228502293],[729607.3965293213,2887167.1388013703]]]]},"properties":{"height":6.0,"min_height":0.0},"id":""},{"type":"Feature","geometry":{"type":"MultiPolygon","coordinates":[[[[729612.662485719,2887173.8706001844],[729618.0182363344,2887174.940350148],[729615.8539502883,2887185.298459446],[729610.6883077237,2887184.232061034],[729610.7320404318,2887184.0222466914],[729610.6922138842,2887184.0104612326],[729612.662485719,2887173.8706001844]]]]},"properties":{"height":6.0,"min_height":0.0},"id":""},{"type":"Feature","geometry":{"type":"MultiPolygon","coordinates":[[[[729593.8456990119,2887200.028328363],[729596.6465733673,2887187.0546642244],[729630.7374634964,2887194.338907112],[729627.9465607817,2887207.3127428065],[729593.8456990119,2887200.028328363]]]]},"properties":{"height":6.0,"min_height":0.0},"id":""},{"type":"Feature","geometry":{"type":"MultiPolygon","coordinates":[[[[729543.6504847063,2887187.0960027487],[729541.2499082077,2887186.4441115703],[729545.6656683747,2887170.4287889367],[729543.1856307674,2887169.742247142],[729547.8467525579,2887152.8667412326],[729541.71090438,2887151.195853235],[729535.9701215829,2887171.975868684],[729531.0995095756,2887170.637616008],[729546.9327151204,2887113.293882874],[729551.8035433508,2887114.6210599258],[729550.0501743958,2887120.9742160123],[729556.1858412462,2887122.6561868903],[729556.6673302359,2887120.891323507],[729561.5579706447,2887122.229937129],[729563.0330425152,2887116.9026364675],[729576.9382504373,2887120.6943922318],[729575.4951422566,2887125.911420864],[729576.989133563,2887126.3256710554],[729549.26724838,2887226.740654817],[729533.8681707354,2887222.5346741527],[729543.6504847063,2887187.0960027487]],[[729547.6127185995,2887129.7980049946],[729543.4648524638,2887144.8094564313],[729549.6107090747,2887146.4805213534],[729553.74857664,2887131.4688950395],[729547.6127185995,2887129.7980049946]]]]},"properties":{"height":6.0,"min_height":0.0},"id":""},{"type":"Feature","geometry":{"type":"MultiPolygon","coordinates":[[[[729568.718935145,2887093.5613890914],[729567.3213650724,2887099.034139785],[729554.9360431711,2887095.8898522914],[729556.3334128668,2887090.4281806354],[729568.718935145,2887093.5613890914]]]]},"properties":{"height":6.0,"min_height":0.0},"id":""},{"type":"Feature","geometry":{"type":"MultiPolygon","coordinates":[[[[729566.0646943289,2887107.302397534],[729552.1349677695,2887103.7651417633],[729553.6829567988,2887097.707619103],[729567.6228905271,2887101.233972398],[729566.0646943289,2887107.302397534]]]]},"properties":{"height":6.0,"min_height":0.0},"id":""},{"type":"Feature","geometry":{"type":"MultiPolygon","coordinates":[[[[729553.6516304397,2887093.805700759],[729551.2762024421,2887103.08500298],[729544.6698756057,2887101.416908486],[729547.045298968,2887092.1376054035],[729553.6516304397,2887093.805700759]]]]},"properties":{"height":6.0,"min_height":0.0},"id":""},{"type":"Feature","geometry":{"type":"MultiPolygon","coordinates":[[[[729501.6543826581,2887103.0308368085],[729502.0507406874,2887099.2805394856],[729512.3003990869,2887100.3699644464],[729511.9042333016,2887104.1091816924],[729501.6543826581,2887103.0308368085]]]]},"properties":{"height":6.0,"min_height":0.0},"id":""},{"type":"Feature","geometry":{"type":"MultiPolygon","coordinates":[[[[729509.2904225243,2887121.8076909003],[729499.2967750201,2887120.3902744846],[729501.3409471464,2887106.0510891587],[729511.3348009419,2887107.457426339],[729509.2904225243,2887121.8076909003]]]]},"properties":{"height":6.0,"min_height":0.0},"id":""},{"type":"Feature","geometry":{"type":"MultiPolygon","coordinates":[[[[729509.2682197368,2887125.9081665915],[729512.8889679323,2887100.4800852444],[729517.1519552738,2887101.087199899],[729513.5311986972,2887126.5152806807],[729509.2682197368,2887125.9081665915]],[[729513.8364183775,2887101.239367821],[729513.4817372838,2887103.7601393424],[729515.807947628,2887104.0892942487],[729516.1726346962,2887101.5686990465],[729513.8364183775,2887101.239367821]],[[729514.7856825304,2887111.552594064],[729512.389434933,2887111.2222052263],[729511.9559307634,2887114.2403420685],[729514.3519825812,2887114.581810851],[729514.7856825304,2887111.552594064]]]]},"properties":{"height":6.0,"min_height":0.0},"id":""},{"type":"Feature","geometry":{"type":"MultiPolygon","coordinates":[[[[729524.1438128233,2887146.198016341],[729510.1467690167,2887144.2112956876],[729512.3948682004,2887128.5235261004],[729516.8675713008,2887129.1565033887],[729517.2681316359,2887126.3040375044],[729514.1632531144,2887125.8614115473],[729516.3770465094,2887110.4168732073],[729528.237827629,2887112.088869902],[729526.0238248409,2887127.544487257],[729522.4796807689,2887127.038702203],[729522.0691137847,2887129.8909917157],[729526.3821187114,2887130.49899163],[729524.1438128233,2887146.198016341]]]]},"properties":{"height":6.0,"min_height":0.0},"id":""},{"type":"Feature","geometry":{"type":"MultiPolygon","coordinates":[[[[729525.9135169991,2887140.620985635],[729529.3713290337,2887115.9215408834],[729541.3325500792,2887117.5731530306],[729537.8745199632,2887142.2836762825],[729525.9135169991,2887140.620985635]],[[729530.9215940842,2887122.798414256],[729530.3145748872,2887127.143504541],[729537.1537012162,2887128.0952723213],[729537.760917952,2887123.739102199],[729530.9215940842,2887122.798414256]]]]},"properties":{"height":6.0,"min_height":0.0},"id":""},{"type":"Feature","geometry":{"type":"MultiPolygon","coordinates":[[[[729531.526753705,2887183.878755724],[729516.1649088127,2887179.8286253577],[729524.7930954344,2887147.406466798],[729535.7815086438,2887150.3044460393],[729529.5750151206,2887173.658695378],[729533.9384711725,2887174.810676074],[729531.526753705,2887183.878755724]]]]},"properties":{"height":6.0,"min_height":0.0},"id":""},{"type":"Feature","geometry":{"type":"MultiPolygon","coordinates":[[[[729511.5151103328,2887200.04044911],[729514.421910358,2887187.8666477944],[729537.2861741853,2887193.279239242],[729534.3693475649,2887205.4528607125],[729511.5151103328,2887200.04044911]],[[729534.536720059,2887196.5225677826],[729531.117932048,2887195.7197350147],[729529.8859382375,2887200.885069731],[729533.2945242174,2887201.6988059534],[729534.536720059,2887196.5225677826]]]]},"properties":{"height":6.0,"min_height":0.0},"id":""},{"type":"Feature","geometry":{"type":"MultiPolygon","coordinates":[[[[729508.5544345952,2887219.816531307],[729513.6239169214,2887202.482708941],[729526.967369036,2887206.342104926],[729521.8878640155,2887223.6757470784],[729508.5544345952,2887219.816531307]],[[729512.1994859912,2887219.138166315],[729518.8612964364,2887221.0621461547],[729519.7768192241,2887217.9527517734],[729513.1150072329,2887216.0287715797],[729512.1994859912,2887219.138166315]]]]},"properties":{"height":6.0,"min_height":0.0},"id":""},{"type":"Feature","geometry":{"type":"MultiPolygon","coordinates":[[[[729505.6909266445,2887215.332707958],[729494.383757983,2887212.3515494657],[729501.6937484422,2887184.8715310837],[729513.0009405166,2887187.852694185],[729505.6909266445,2887215.332707958]]]]},"properties":{"height":6.0,"min_height":0.0},"id":""},{"type":"Feature","geometry":{"type":"MultiPolygon","coordinates":[[[[729513.0991394278,2887184.5515636904],[729502.379728711,2887181.724841263],[729506.2921425742,2887167.0084854346],[729517.0115651791,2887169.835210198],[729513.0991394278,2887184.5515636904]]]]},"properties":{"height":6.0,"min_height":0.0},"id":""},{"type":"Feature","geometry":{"type":"MultiPolygon","coordinates":[[[[729517.386696545,2887165.585784633],[729507.274871256,2887162.92493308],[729510.5444069804,2887150.613437628],[729520.6662471367,2887153.27446732],[729517.386696545,2887165.585784633]]]]},"properties":{"height":6.0,"min_height":0.0},"id":""},{"type":"Feature","geometry":{"type":"MultiPolygon","coordinates":[[[[729509.7602681527,2887148.5381048275],[729505.8582429335,2887163.232476295],[729496.0253962791,2887160.6430496797],[729498.1264349914,2887152.733251484],[729499.5807932776,2887153.1246277783],[729501.3919703386,2887146.3291488118],[729509.7602681527,2887148.5381048275]]]]},"properties":{"height":6.0,"min_height":0.0},"id":""},{"type":"Feature","geometry":{"type":"MultiPolygon","coordinates":[[[[729493.9057789061,2887151.4286316624],[729496.878628144,2887151.9797614357],[729493.192825506,2887162.355409688],[729493.1828200328,2887162.3552334122],[729493.9057789061,2887151.4286316624]]]]},"properties":{"height":6.0,"min_height":0.0},"id":""},{"type":"Feature","geometry":{"type":"MultiPolygon","coordinates":[[[[729497.5912697683,2887186.5171819585],[729488.6417031867,2887184.353408056],[729489.9901829814,2887178.824370169],[729498.9397533201,2887180.9881447195],[729497.5912697683,2887186.5171819585]]]]},"properties":{"height":6.0,"min_height":0.0},"id":""},{"type":"Feature","geometry":{"type":"MultiPolygon","coordinates":[[[[729490.0700668464,2887172.58581023],[729491.5639354057,2887162.7811324736],[729499.0704822332,2887163.910891665],[729497.5666025251,2887173.715392702],[729490.0700668464,2887172.58581023]]]]},"properties":{"height":6.0,"min_height":0.0},"id":""},{"type":"Feature","geometry":{"type":"MultiPolygon","coordinates":[[[[729493.452031554,2887211.836379912],[729482.1646736219,2887208.866665001],[729488.456384509,2887185.2146501807],[729496.9045065138,2887187.4360898994],[729493.6677386665,2887199.5929967477],[729496.5069921127,2887200.3412753884],[729493.452031554,2887211.836379912]]]]},"properties":{"height":6.0,"min_height":0.0},"id":""},{"type":"Feature","geometry":{"type":"MultiPolygon","coordinates":[[[[729480.385362043,2887207.6050583064],[729473.0961258592,2887205.5037947595],[729480.0099160068,2887181.762985416],[729487.3091705712,2887183.864428145],[729480.385362043,2887207.6050583064]]]]},"properties":{"height":6.0,"min_height":0.0},"id":""},{"type":"Feature","geometry":{"type":"MultiPolygon","coordinates":[[[[729473.1635685301,2887202.811711228],[729460.9252409489,2887199.282175329],[729467.7642877218,2887175.806046899],[729480.0028319554,2887179.324507646],[729473.1635685301,2887202.811711228]]]]},"properties":{"height":6.0,"min_height":0.0},"id":""},{"type":"Feature","geometry":{"type":"MultiPolygon","coordinates":[[[[729459.491493364,2887201.130017124],[729451.6048521814,2887198.851991286],[729458.8169088624,2887174.0856699636],[729466.7037598155,2887176.3526191027],[729459.491493364,2887201.130017124]]]]},"properties":{"height":6.0,"min_height":0.0},"id":""},{"type":"Feature","geometry":{"type":"MultiPolygon","coordinates":[[[[729460.8310271146,2887172.8133058874],[729455.9565067815,2887171.6966814785],[729459.3295984548,2887146.6854018457],[729463.6630000947,2887147.27157375],[729463.1803122497,2887150.809765602],[729477.1294711188,2887152.673674711],[729477.6121627783,2887149.135483094],[729482.2951696254,2887149.761070475],[729479.3262938614,2887171.7093612594],[729461.2534861745,2887169.285136433],[729460.8310271146,2887172.8133058874]]]]},"properties":{"height":6.0,"min_height":0.0},"id":""},{"type":"Feature","geometry":{"type":"MultiPolygon","coordinates":[[[[729494.1744964103,2887144.129390021],[729470.9851888035,2887142.3908537915],[729471.7137465174,2887132.8497789884],[729494.9030712446,2887134.588315253],[729494.1744964103,2887144.129390021]]]]},"properties":{"height":6.0,"min_height":0.0},"id":""},{"type":"Feature","geometry":{"type":"MultiPolygon","coordinates":[[[[729486.2995220999,2887119.0307849934],[729488.5268014271,2887103.3869809667],[729500.4376178766,2887105.0598329655],[729498.2101289363,2887120.714716005],[729486.2995220999,2887119.0307849934]],[[729491.0396536306,2887104.484175635],[729490.5145934972,2887108.1546216705],[729497.3535357201,2887109.1174475863],[729497.8785977915,2887105.447001684],[729491.0396536306,2887104.484175635]]]]},"properties":{"height":6.0,"min_height":0.0},"id":""},{"type":"Feature","geometry":{"type":"MultiPolygon","coordinates":[[[[729500.9589762869,2887103.872008621],[729483.0896983838,2887101.2518462273],[729483.8288701725,2887096.221911186],[729501.7081605399,2887098.8422503583],[729500.9589762869,2887103.872008621]]]]},"properties":{"height":6.0,"min_height":0.0},"id":""},{"type":"Feature","geometry":{"type":"MultiPolygon","coordinates":[[[[729471.4324584762,2887094.274519042],[729470.7957401166,2887099.7385125468],[729466.6106487575,2887099.254703059],[729467.2473653445,2887093.790709481],[729471.4324584762,2887094.274519042]]]]},"properties":{"height":6.0,"min_height":0.0},"id":""},{"type":"Feature","geometry":{"type":"MultiPolygon","coordinates":[[[[729472.0893098004,2887094.4855915797],[729483.3609528674,2887096.080666956],[729482.3318240043,2887103.36651193],[729487.1939707913,2887104.050672512],[729485.092369359,2887118.8100169282],[729463.4674811251,2887115.757964914],[729465.5690578871,2887100.998618833],[729471.0501817666,2887101.771260719],[729472.0893098004,2887094.4855915797]],[[729481.048853274,2887097.791116158],[729473.8703023843,2887096.7890666393],[729473.1272308035,2887102.0406016125],[729480.2955780727,2887103.0535546583],[729481.048853274,2887097.791116158]]]]},"properties":{"height":6.0,"min_height":0.0},"id":""},{"type":"Feature","geometry":{"type":"MultiPolygon","coordinates":[[[[729482.6903266521,2887064.835771589],[729476.9793033769,2887088.475852256],[729465.2186455894,2887085.664076168],[729470.9296477529,2887062.0239919093],[729482.6903266521,2887064.835771589]],[[729470.7325876404,2887078.3242316996],[729470.1279716548,2887080.8295174367],[729475.4502377001,2887082.0981159606],[729476.0546595129,2887079.6039103777],[729470.7325876404,2887078.3242316996]]]]},"properties":{"height":6.0,"min_height":0.0},"id":""},{"type":"Feature","geometry":{"type":"MultiPolygon","coordinates":[[[[729455.0036628238,2887082.037197399],[729459.413416442,2887063.5168957855],[729468.9021995622,2887065.7566403067],[729464.4926277674,2887084.2658597156],[729455.0036628238,2887082.037197399]],[[729464.1522625147,2887078.019898751],[729458.1917865662,2887076.618145623],[729457.5114743335,2887079.4435175234],[729463.4819545342,2887080.8454466816],[729464.1522625147,2887078.019898751]]]]},"properties":{"height":6.0,"min_height":0.0},"id":""},{"type":"Feature","geometry":{"type":"MultiPolygon","coordinates":[[[[729458.768950358,2887061.4661946376],[729460.9786579419,2887051.363789301],[729472.0159689562,2887053.763813244],[729469.7962473072,2887063.866041087],[729458.768950358,2887061.4661946376]]]]},"properties":{"height":6.0,"min_height":0.0},"id":""},{"type":"Feature","geometry":{"type":"MultiPolygon","coordinates":[[[[729461.3671206916,2887042.947233424],[729466.4232080821,2887044.554724075],[729465.2642393159,2887047.8482512385],[729460.214450489,2887046.4514568336],[729461.3671206916,2887042.947233424]]]]},"properties":{"height":6.0,"min_height":0.0},"id":""},{"type":"Feature","geometry":{"type":"MultiPolygon","coordinates":[[[[729456.0973890093,2887039.263382388],[729463.4841184575,2887018.7894200184],[729474.8822029135,2887022.8693950977],[729467.4954565988,2887043.3433522587],[729456.0973890093,2887039.263382388]],[[729461.9610037582,2887032.5281971823],[729466.7850154167,2887034.2424338544],[729467.8053252834,2887031.4341347096],[729462.9715022425,2887029.708641506],[729461.9610037582,2887032.5281971823]]]]},"properties":{"height":6.0,"min_height":0.0},"id":""},{"type":"Feature","geometry":{"type":"MultiPolygon","coordinates":[[[[729473.1177821278,2887049.7377739907],[729468.5433820685,2887048.6264359714],[729471.0767898152,2887038.330232114],[729475.6511934462,2887039.4415707584],[729473.1177821278,2887049.7377739907]]]]},"properties":{"height":6.0,"min_height":0.0},"id":""},{"type":"Feature","geometry":{"type":"MultiPolygon","coordinates":[[[[729474.0906121116,2887027.466153442],[729478.5577419491,2887028.985689626],[729476.0783925862,2887036.2127375123],[729471.6210754965,2887034.7044582367],[729474.0906121116,2887027.466153442]]]]},"properties":{"height":6.0,"min_height":0.0},"id":""},{"type":"Feature","geometry":{"type":"MultiPolygon","coordinates":[[[[729471.4446047749,2887059.4949599495],[729476.6370089418,2887039.1596843],[729489.062420524,2887042.3045969005],[729483.8699972518,2887062.639869013],[729471.4446047749,2887059.4949599495]],[[729476.0508989389,2887055.386570197],[729475.3627236107,2887058.089885399],[729481.2614171093,2887059.590308133],[729481.9597943855,2887056.876089432],[729476.0508989389,2887055.386570197]]]]},"properties":{"height":6.0,"min_height":0.0},"id":""},{"type":"Feature","geometry":{"type":"MultiPolygon","coordinates":[[[[729485.0244885103,2887061.873284271],[729490.8189971907,2887039.176767152],[729502.61678877,2887042.1554683438],[729496.8222598382,2887064.8519817167],[729485.0244885103,2887061.873284271]],[[729494.6750087918,2887060.6135357376],[729488.8359596836,2887059.13632435],[729488.148172143,2887061.817479104],[729493.9972256173,2887063.2948665423],[729494.6750087918,2887060.6135357376]]]]},"properties":{"height":6.0,"min_height":0.0},"id":""},{"type":"Feature","geometry":{"type":"MultiPolygon","coordinates":[[[[729477.9665835507,2887089.246917016],[729484.0663996157,2887062.8539139405],[729496.01854782,2887065.591495029],[729489.9187077344,2887091.9844942875],[729477.9665835507,2887089.246917016]],[[729482.75973513,2887079.644444985],[729481.8933178384,2887083.375378109],[729488.8512191959,2887084.972048986],[729489.7176384659,2887081.241116178],[729482.75973513,2887079.644444985]]]]},"properties":{"height":6.0,"min_height":0.0},"id":""},{"type":"Feature","geometry":{"type":"MultiPolygon","coordinates":[[[[729490.5411976187,2887091.8735431773],[729492.3733557034,2887082.750914175],[729502.3370660738,2887084.7330496497],[729500.5049010201,2887093.8556777663],[729490.5411976187,2887091.8735431773]],[[729497.8148758849,2887092.5891086697],[729498.2861066428,2887090.269891967],[729493.9575663243,2887089.4067102917],[729493.4963418634,2887091.726103366],[729497.8148758849,2887092.5891086697]]]]},"properties":{"height":6.0,"min_height":0.0},"id":""},{"type":"Feature","geometry":{"type":"MultiPolygon","coordinates":[[[[729501.3708920476,2887094.1258535595],[729506.812096246,2887067.0562481065],[729517.1546619136,2887069.122652715],[729511.7134362499,2887096.1922554374],[729501.3708920476,2887094.1258535595]],[[729513.3181522894,2887074.9846889754],[729513.9103792772,2887072.0469326763],[729508.4247040038,2887070.963857703],[729507.8326734661,2887073.890534176],[729513.3181522894,2887074.9846889754]],[[729510.821082858,2887090.601571099],[729511.7098124971,2887086.1727765747],[729505.2269084207,2887084.8837142633],[729504.3381809802,2887089.312509067],[729510.821082858,2887090.601571099]]]]},"properties":{"height":6.0,"min_height":0.0},"id":""},{"type":"Feature","geometry":{"type":"MultiPolygon","coordinates":[[[[729524.7372135796,2887093.207533195],[729513.9042019187,2887091.1435628985],[729515.8987092043,2887080.760285809],[729526.7317295057,2887082.8242571247],[729524.7372135796,2887093.207533195]]]]},"properties":{"height":6.0,"min_height":0.0},"id":""},{"type":"Feature","geometry":{"type":"MultiPolygon","coordinates":[[[[729528.8755987696,2887082.141609535],[729537.9131353832,2887084.428872703],[729535.7093253168,2887093.05727872],[729526.6617890667,2887090.7698403476],[729528.8755987696,2887082.141609535]]]]},"properties":{"height":6.0,"min_height":0.0},"id":""},{"type":"Feature","geometry":{"type":"MultiPolygon","coordinates":[[[[729551.0182594997,2887073.421207688],[729545.5900031825,2887094.638982103],[729537.7480620549,2887092.6609492498],[729543.1763057925,2887071.4431725005],[729551.0182594997,2887073.421207688]]]]},"properties":{"height":6.0,"min_height":0.0},"id":""},{"type":"Feature","geometry":{"type":"MultiPolygon","coordinates":[[[[729538.7597513512,2887082.9586117496],[729527.7891437643,2887080.182866796],[729530.3041954548,2887070.3629341084],[729541.2648056422,2887073.138504269],[729538.7597513512,2887082.9586117496]]]]},"properties":{"height":6.0,"min_height":0.0},"id":""},{"type":"Feature","geometry":{"type":"MultiPolygon","coordinates":[[[[729525.328410129,2887062.494697176],[729521.270011277,2887061.6362669696],[729524.0739502568,2887048.4853128195],[729528.1323531899,2887049.3437435976],[729525.328410129,2887062.494697176]]]]},"properties":{"height":6.0,"min_height":0.0},"id":""},{"type":"Feature","geometry":{"type":"MultiPolygon","coordinates":[[[[729507.6277665175,2887066.206111864],[729511.9913267641,2887045.767575071],[729522.780450343,2887048.052435382],[729518.4270740057,2887068.480066115],[729507.6277665175,2887066.206111864]],[[729511.7361191879,2887050.59545113],[729511.2125149836,2887053.046745903],[729512.9574360723,2887053.4210751057],[729513.4812358185,2887050.958700395],[729511.7361191879,2887050.59545113]],[[729518.6018410665,2887054.584531962],[729520.3469570443,2887054.947782201],[729520.8705629613,2887052.4964876682],[729519.1256418762,2887052.122157399],[729518.6018410665,2887054.584531962]]]]},"properties":{"height":6.0,"min_height":0.0},"id":""},{"type":"Feature","geometry":{"type":"MultiPolygon","coordinates":[[[[729498.2743806209,2887064.2347260774],[729502.5843847296,2887043.9947455493],[729511.2097214864,2887045.8203048795],[729506.8997040283,2887066.0602835426],[729498.2743806209,2887064.2347260774]],[[729507.850448,2887050.7264933675],[729503.3533617422,2887049.7716729],[729502.8295639217,2887052.2340478767],[729507.3266493328,2887053.188868226],[729507.850448,2887050.7264933675]]]]},"properties":{"height":6.0,"min_height":0.0},"id":""},{"type":"Feature","geometry":{"type":"MultiPolygon","coordinates":[[[[729498.2094474812,2887037.810703985],[729502.1791882126,2887025.5226256717],[729522.731386205,2887032.091440677],[729518.7616268647,2887044.3795141107],[729498.2094474812,2887037.810703985]]]]},"properties":{"height":6.0,"min_height":0.0},"id":""},{"type":"Feature","geometry":{"type":"MultiPolygon","coordinates":[[[[729506.6866290574,2887025.8902059766],[729502.7074314918,2887024.512257268],[729507.7762275317,2887010.060108726],[729523.5933646054,2887015.5479933056],[729519.103946146,2887028.3589151804],[729507.2660218441,2887024.2489838055],[729506.6866290574,2887025.8902059766]]]]},"properties":{"height":6.0,"min_height":0.0},"id":""},{"type":"Feature","geometry":{"type":"MultiPolygon","coordinates":[[[[729506.7725951866,2887010.785016072],[729502.1269222526,2887009.1736576785],[729503.4233934253,2887005.4613852366],[729508.0690676135,2887007.072743999],[729506.7725951866,2887010.785016072]]]]},"properties":{"height":6.0,"min_height":0.0},"id":""},{"type":"Feature","geometry":{"type":"MultiPolygon","coordinates":[[[[729510.1329528331,2887006.9539377363],[729514.3345971176,2886994.570196646],[729536.6125875661,2887002.0339422696],[729532.4207334673,2887014.428933956],[729510.1329528331,2887006.9539377363]]]]},"properties":{"height":6.0,"min_height":0.0},"id":""},{"type":"Feature","geometry":{"type":"MultiPolygon","coordinates":[[[[729531.8523684253,2887018.8522890816],[729537.2771057684,2887002.378153915],[729545.288074881,2887004.990914913],[729539.8633278394,2887021.465047464],[729531.8523684253,2887018.8522890816]]]]},"properties":{"height":6.0,"min_height":0.0},"id":""},{"type":"Feature","geometry":{"type":"MultiPolygon","coordinates":[[[[729508.7534973234,2887006.2867958886],[729465.3400243395,2886990.703477824],[729469.8531685543,2886978.247629089],[729513.2766862056,2886993.8311355687],[729508.7534973234,2887006.2867958886]]]]},"properties":{"height":6.0,"min_height":0.0},"id":""},{"type":"Feature","geometry":{"type":"MultiPolygon","coordinates":[[[[729501.3525373426,2887008.8164288756],[729488.1938011437,2887004.1179933166],[729489.4355560094,2887000.6707580173],[729502.5942954884,2887005.369194586],[729501.3525373426,2887008.8164288756]]]]},"properties":{"height":6.0,"min_height":0.0},"id":""},{"type":"Feature","geometry":{"type":"MultiPolygon","coordinates":[[[[729491.1461974644,2887008.1046187305],[729497.8670340229,2887010.661372048],[729496.188696777,2887015.5971772596],[729489.2638470264,2887013.258498985],[729491.1461974644,2887008.1046187305]]]]},"properties":{"height":6.0,"min_height":0.0},"id":""},{"type":"Feature","geometry":{"type":"MultiPolygon","coordinates":[[[[729487.1009932733,2887003.6554051675],[729473.8527829959,2886998.9221585747],[729475.0101955717,2886995.717271743],[729488.2584089186,2887000.4505192833],[729487.1009932733,2887003.6554051675]]]]},"properties":{"height":6.0,"min_height":0.0},"id":""},{"type":"Feature","geometry":{"type":"MultiPolygon","coordinates":[[[[729469.702441481,2887014.07766764],[729467.7875464016,2887019.3750613527],[729463.2421240971,2887017.7543994267],[729465.1570174382,2887012.4570051753],[729469.702441481,2887014.07766764]]]]},"properties":{"height":6.0,"min_height":0.0},"id":""},{"type":"Feature","geometry":{"type":"MultiPolygon","coordinates":[[[[729460.3308768185,2887023.932000523],[729455.5867100393,2887022.230256496],[729459.1850481922,2887012.274228019],[729463.9192127963,2887013.975796858],[729460.3308768185,2887023.932000523]]]]},"properties":{"height":6.0,"min_height":0.0},"id":""},{"type":"Feature","geometry":{"type":"MultiPolygon","coordinates":[[[[729472.4738186877,2886999.36337139],[729464.4273019956,2886996.4951119428],[729466.005624424,2886992.1227962766],[729474.0521436576,2886994.9910565093],[729472.4738186877,2886999.36337139]]]]},"properties":{"height":6.0,"min_height":0.0},"id":""},{"type":"Feature","geometry":{"type":"MultiPolygon","coordinates":[[[[729467.3388051898,2886982.348537752],[729455.1534137991,2886978.642625119],[729456.5980961944,2886973.902201834],[729468.7934974872,2886977.608291746],[729467.3388051898,2886982.348537752]]]]},"properties":{"height":6.0,"min_height":0.0},"id":""},{"type":"Feature","geometry":{"type":"MultiPolygon","coordinates":[[[[729451.0135461658,2886988.090362803],[729440.1422622137,2886984.7844462637],[729444.2089802709,2886971.533805511],[729455.0804700707,2886974.8286446687],[729451.0135461658,2886988.090362803]]]]},"properties":{"height":6.0,"min_height":0.0},"id":""},{"type":"Feature","geometry":{"type":"MultiPolygon","coordinates":[[[[729433.7804026536,2887002.760534033],[729438.9828889682,2886985.8280347036],[729449.9040050905,2886989.145911464],[729444.711510648,2887006.0785836815],[729433.7804026536,2887002.760534033]],[[729439.6931091009,2886988.1237272997],[729438.4722118985,2886992.092254111],[729446.6058059812,2886994.5630274713],[729447.8267055759,2886990.594501244],[729439.6931091009,2886988.1237272997]]]]},"properties":{"height":6.0,"min_height":0.0},"id":""},{"type":"Feature","geometry":{"type":"MultiPolygon","coordinates":[[[[729460.285843609,2887001.4872848084],[729448.6450649726,2886997.547134476],[729454.4390744572,2886980.5585576193],[729466.0898731452,2886984.4988883003],[729460.285843609,2887001.4872848084]]]]},"properties":{"height":6.0,"min_height":0.0},"id":""},{"type":"Feature","geometry":{"type":"MultiPolygon","coordinates":[[[[729453.8895220074,2887022.555031615],[729441.2897868863,2887018.5093279188],[729446.2638699631,2887003.179903486],[729458.863619304,2887007.225610938],[729453.8895220074,2887022.555031615]]]]},"properties":{"height":6.0,"min_height":0.0},"id":""},{"type":"Feature","geometry":{"type":"MultiPolygon","coordinates":[[[[729450.2532620535,2887031.8232212025],[729438.0304826366,2887028.537831828],[729440.3962736017,2887019.801433769],[729452.6290666293,2887023.087001005],[729450.2532620535,2887031.8232212025]]]]},"properties":{"height":6.0,"min_height":0.0},"id":""},{"type":"Feature","geometry":{"type":"MultiPolygon","coordinates":[[[[729437.6227212211,2887025.5492108655],[729426.7345782177,2887022.0656711916],[729432.5563144406,2887004.068985088],[729443.4342711407,2887007.563432309],[729437.6227212211,2887025.5492108655]]]]},"properties":{"height":6.0,"min_height":0.0},"id":""},{"type":"Feature","geometry":{"type":"MultiPolygon","coordinates":[[[[729427.7507631805,2887017.217948458],[729408.4548314036,2887012.056839623],[729410.7566678292,2887003.5409799577],[729430.052611971,2887008.702091286],[729427.7507631805,2887017.217948458]]]]},"properties":{"height":6.0,"min_height":0.0},"id":""},{"type":"Feature","geometry":{"type":"MultiPolygon","coordinates":[[[[729432.8261636386,2887002.9543126803],[729413.5402170639,2886997.793374033],[729417.2231253271,2886984.1702156845],[729436.5092868139,2886989.3200783376],[729432.8261636386,2887002.9543126803]]]]},"properties":{"height":6.0,"min_height":0.0},"id":""},{"type":"Feature","geometry":{"type":"MultiPolygon","coordinates":[[[[729419.6833791223,2886978.594251731],[729421.2033560954,2886973.555899515],[729415.2792843528,2886971.789059393],[729413.5571052802,2886977.511022901],[729390.458224893,2886970.620463729],[729396.145839156,2886951.712563606],[729444.1574633638,2886968.2078731703],[729439.277628811,2886984.4367153463],[729419.6833791223,2886978.594251731]]]]},"properties":{"height":6.0,"min_height":0.0},"id":""},{"type":"Feature","geometry":{"type":"MultiPolygon","coordinates":[[[[729368.6820424553,2886995.4739583693],[729381.349659143,2886951.3301084656],[729393.3700686223,2886954.7448739936],[729380.702412246,2886998.888715152],[729368.6820424553,2886995.4739583693]],[[729388.7143837276,2886959.3844272955],[729389.6316421174,2886956.175305914],[729383.6961879531,2886954.485864725],[729382.7789309882,2886957.6949864198],[729388.7143837276,2886959.3844272955]],[[729375.8365971993,2886981.357748159],[729382.1803182706,2886983.165209802],[729383.2674186293,2886979.404908166],[729376.9136901663,2886977.5972699514],[729375.8365971993,2886981.357748159]]]]},"properties":{"height":6.0,"min_height":0.0},"id":""},{"type":"Feature","geometry":{"type":"MultiPolygon","coordinates":[[[[729397.3673300149,2887030.692309286],[729396.6946393927,2887033.0855642646],[729394.3755359352,2887041.445953583],[729373.3388036378,2887035.6779025244],[729375.615335366,2887027.46084543],[729374.2308041026,2887027.081797542],[729376.2082568726,2887019.934565315],[729378.5059738662,2887011.6513810414],[729388.4770262823,2886975.706114044],[729410.908199773,2886981.8644899908],[729398.6393558984,2887026.0929256584],[729397.3673300149,2887030.692309286]],[[729401.8398980157,2886990.981614346],[729395.3455133693,2886989.2047397126],[729394.0091605274,2886994.0468259957],[729400.5033476953,2886995.8347801156],[729401.8398980157,2886990.981614346]],[[729382.9877827306,2887002.6751498743],[729381.2566462444,2887008.9067954617],[729399.4146851395,2887013.8926568925],[729401.1458301187,2887007.661013088],[729382.9877827306,2887002.6751498743]],[[729385.3820308368,2887022.4457834717],[729384.0998088589,2887027.0560718477],[729391.33127046,2887029.034339886],[729392.6032942568,2887024.434955824],[729385.3820308368,2887022.4457834717]]]]},"properties":{"height":6.0,"min_height":0.0},"id":""},{"type":"Feature","geometry":{"type":"MultiPolygon","coordinates":[[[[729378.0812802983,2887010.1919760257],[729365.3251894799,2887006.4982649675],[729367.9871428215,2886997.4234869117],[729380.7432422759,2887001.1171999355],[729378.0812802983,2887010.1919760257]]]]},"properties":{"height":6.0,"min_height":0.0},"id":""},{"type":"Feature","geometry":{"type":"MultiPolygon","coordinates":[[[[729422.0301226489,2887035.726253473],[729403.6308164294,2887030.802608621],[729406.2436873617,2887021.1063005286],[729424.6530125819,2887026.030124291],[729422.0301226489,2887035.726253473]]]]},"properties":{"height":6.0,"min_height":0.0},"id":""},{"type":"Feature","geometry":{"type":"MultiPolygon","coordinates":[[[[729401.9751865102,2887067.4152213377],[729408.8381137737,2887042.010975999],[729422.2963057073,2887045.6173484433],[729415.4335478509,2887071.01050862],[729401.9751865102,2887067.4152213377]],[[729407.8978074986,2887054.485425355],[729416.7937385717,2887056.8587744907],[729419.1061668303,2887048.3098522862],[729410.2102300341,2887045.9365019966],[729407.8978074986,2887054.485425355]]]]},"properties":{"height":6.0,"min_height":0.0},"id":""},{"type":"Feature","geometry":{"type":"MultiPolygon","coordinates":[[[[729400.6566876841,2887066.128493014],[729393.4444788314,2887064.194890395],[729399.5048765626,2887041.7357811728],[729406.727298287,2887043.658482467],[729400.6566876841,2887066.128493014]]]]},"properties":{"height":6.0,"min_height":0.0},"id":""},{"type":"Feature","geometry":{"type":"MultiPolygon","coordinates":[[[[729385.729459156,2887058.4175769063],[729372.6073101456,2887054.4846564457],[729376.9751699662,2887040.042295635],[729390.1073386233,2887043.9753956404],[729385.729459156,2887058.4175769063]]]]},"properties":{"height":6.0,"min_height":0.0},"id":""},{"type":"Feature","geometry":{"type":"MultiPolygon","coordinates":[[[[729371.947501377,2887052.1676888466],[729368.7715329847,2887051.214010871],[729371.9381366186,2887040.762692826],[729375.1141074778,2887041.71637139],[729371.947501377,2887052.1676888466]]]]},"properties":{"height":6.0,"min_height":0.0},"id":""},{"type":"Feature","geometry":{"type":"MultiPolygon","coordinates":[[[[729396.0806571823,2887044.080582314],[729391.1472221371,2887061.0843312005],[729386.2078845005,2887059.6673437953],[729391.1413132759,2887042.6635935046],[729396.0806571823,2887044.080582314]]]]},"properties":{"height":6.0,"min_height":0.0},"id":""},{"type":"Feature","geometry":{"type":"MultiPolygon","coordinates":[[[[729384.9687234177,2887065.2426472455],[729370.4740659327,2887061.385310683],[729371.8347088406,2887056.299815595],[729386.3291767689,2887060.168233239],[729384.9687234177,2887065.2426472455]]]]},"properties":{"height":6.0,"min_height":0.0},"id":""},{"type":"Feature","geometry":{"type":"MultiPolygon","coordinates":[[[[729383.5178816719,2887074.8818360465],[729373.6996940989,2887072.5920204185],[729374.7055168897,2887068.331533795],[729390.1453687588,2887071.939518239],[729388.177442908,2887080.250675069],[729382.5557853448,2887078.932507362],[729383.5178816719,2887074.8818360465]]]]},"properties":{"height":6.0,"min_height":0.0},"id":""},{"type":"Feature","geometry":{"type":"MultiPolygon","coordinates":[[[[729400.9745069408,2887084.4549746336],[729404.7443037167,2887085.2196176248],[729401.766993617,2887099.69754305],[729381.7016462788,2887095.609087788],[729384.6889396575,2887081.1313356115],[729388.6980901991,2887081.944522241],[729390.9521956231,2887071.022719214],[729403.2188122191,2887073.521916791],[729400.9745069408,2887084.4549746336]],[[729390.8692353106,2887081.4175007497],[729399.0170219161,2887083.079409672],[729399.9582773666,2887078.5074515976],[729391.8104879081,2887076.8455422986],[729390.8692353106,2887081.4175007497]]]]},"properties":{"height":6.0,"min_height":0.0},"id":""},{"type":"Feature","geometry":{"type":"MultiPolygon","coordinates":[[[[729405.9105281931,2887082.0813822118],[729402.2704121799,2887081.341189521],[729403.6277818561,2887074.737211158],[729407.2677045818,2887075.4884840706],[729405.9105281931,2887082.0813822118]]]]},"properties":{"height":6.0,"min_height":0.0},"id":""},{"type":"Feature","geometry":{"type":"MultiPolygon","coordinates":[[[[729426.8783416011,2887086.074933698],[729418.9255423474,2887084.139355536],[729420.359115503,2887078.3236427773],[729428.3117231189,2887080.2703015343],[729426.8783416011,2887086.074933698]]]]},"properties":{"height":6.0,"min_height":0.0},"id":""},{"type":"Feature","geometry":{"type":"MultiPolygon","coordinates":[[[[729427.8275539221,2887086.7344897436],[729429.2513205905,2887080.9075214714],[729437.2739644792,2887082.85541947],[729435.8501942672,2887088.682387128],[729427.8275539221,2887086.7344897436]]]]},"properties":{"height":6.0,"min_height":0.0},"id":""},{"type":"Feature","geometry":{"type":"MultiPolygon","coordinates":[[[[729431.285727247,2887076.2107333485],[729425.408414862,2887074.633125642],[729428.0636610608,2887064.80456597],[729433.9409777947,2887066.382174551],[729431.285727247,2887076.2107333485]]]]},"properties":{"height":6.0,"min_height":0.0},"id":""},{"type":"Feature","geometry":{"type":"MultiPolygon","coordinates":[[[[729416.7306141013,2887071.809190859],[729423.8079256966,2887045.5996370194],[729431.986583262,2887047.7830290566],[729424.899054853,2887074.0034834105],[729416.7306141013,2887071.809190859]],[[729423.7701065108,2887052.2933543595],[729428.6613679103,2887053.598675179],[729429.8178786048,2887049.3075948344],[729424.9368163222,2887047.991369935],[729423.7701065108,2887052.2933543595]]]]},"properties":{"height":6.0,"min_height":0.0},"id":""},{"type":"Feature","geometry":{"type":"MultiPolygon","coordinates":[[[[729432.9639883324,2887045.705477775],[729421.6076054282,2887042.668114062],[729425.8367044586,2887027.0152283837],[729437.193100737,2887030.052594792],[729432.9639883324,2887045.705477775]]]]},"properties":{"height":6.0,"min_height":0.0},"id":""},{"type":"Feature","geometry":{"type":"MultiPolygon","coordinates":[[[[729434.9032134194,2887065.734117123],[729428.2089543326,2887063.942618401],[729431.3564632506,2887052.305048614],[729438.0507282019,2887054.096548518],[729434.9032134194,2887065.734117123]]]]},"properties":{"height":6.0,"min_height":0.0},"id":""},{"type":"Feature","geometry":{"type":"MultiPolygon","coordinates":[[[[729454.1268047646,2887059.655412697],[729438.7223929378,2887057.444487191],[729440.2036307533,2887047.218415098],[729455.6080547561,2887049.4293414564],[729454.1268047646,2887059.655412697]]]]},"properties":{"height":6.0,"min_height":0.0},"id":""},{"type":"Feature","geometry":{"type":"MultiPolygon","coordinates":[[[[729442.5464087812,2887042.0615559244],[729436.0714796961,2887040.318251012],[729438.5114051832,2887031.350406731],[729444.9863386325,2887033.093712531],[729442.5464087812,2887042.0615559244]]]]},"properties":{"height":6.0,"min_height":0.0},"id":""},{"type":"Feature","geometry":{"type":"MultiPolygon","coordinates":[[[[729457.1604645626,2887047.0959178815],[729446.2184129439,2887043.8330785353],[729448.0151287664,2887037.8575125514],[729458.9671908163,2887041.1205292894],[729457.1604645626,2887047.0959178815]]]]},"properties":{"height":6.0,"min_height":0.0},"id":""},{"type":"Feature","geometry":{"type":"MultiPolygon","coordinates":[[[[729456.1667769199,2887036.460499704],[729450.6764903137,2887034.501779589],[729454.5278368252,2887023.818701124],[729460.0179325052,2887025.7885025265],[729456.1667769199,2887036.460499704]]]]},"properties":{"height":6.0,"min_height":0.0},"id":""},{"type":"Feature","geometry":{"type":"MultiPolygon","coordinates":[[[[729460.9598055088,2887049.024855785],[729457.964902136,2887062.7931254003],[729454.5050772798,2887062.045010715],[729457.4997818468,2887048.2878205557],[729460.9598055088,2887049.024855785]]]]},"properties":{"height":6.0,"min_height":0.0},"id":""},{"type":"Feature","geometry":{"type":"MultiPolygon","coordinates":[[[[729443.1694445824,2887079.4236479593],[729446.1971168036,2887063.79393933],[729457.0898001547,2887065.8810682553],[729454.0621148602,2887081.5107753207],[729443.1694445824,2887079.4236479593]],[[729451.7826216717,2887075.119824709],[729447.4935112264,2887074.290603972],[729447.1081885081,2887076.2788322973],[729451.397493463,2887077.096972975],[729451.7826216717,2887075.119824709]]]]},"properties":{"height":6.0,"min_height":0.0},"id":""},{"type":"Feature","geometry":{"type":"MultiPolygon","coordinates":[[[[729440.5334478677,2887079.066883371],[729432.9426011048,2887077.0379213183],[729437.4180325744,2887060.4694533357],[729445.0188943491,2887062.498593526],[729440.5334478677,2887079.066883371]]]]},"properties":{"height":6.0,"min_height":0.0},"id":""},{"type":"Feature","geometry":{"type":"MultiPolygon","coordinates":[[[[729449.1317179258,2887087.5419776146],[729466.8650493654,2887092.199045722],[729453.7551026028,2887141.555334386],[729436.0320377788,2887136.887375482],[729449.1317179258,2887087.5419776146]],[[729449.9581321701,2887096.877689431],[729448.2864180673,2887103.1436256515],[729451.6238237793,2887104.0225843918],[729453.285533937,2887097.756472242],[729449.9581321701,2887096.877689431]],[[729458.8061829169,2887105.944612825],[729460.467701291,2887099.6895813216],[729457.1302948247,2887098.810620359],[729455.4687780266,2887105.0656521716],[729458.8061829169,2887105.944612825]],[[729447.5347849501,2887119.6779309562],[729443.8885786759,2887118.7159498017],[729442.6985375057,2887123.20594011],[729446.344742546,2887124.1679210234],[729447.5347849501,2887119.6779309562]],[[729455.6327862911,2887126.43737433],[729456.8228318503,2887121.947384879],[729453.1766266762,2887120.9854010274],[729451.9865823507,2887125.4753907206],[729455.6327862911,2887126.43737433]]]]},"properties":{"height":6.0,"min_height":0.0},"id":""},{"type":"Feature","geometry":{"type":"MultiPolygon","coordinates":[[[[729448.6735059335,2887086.2814803487],[729446.8943202801,2887092.966693628],[729438.0674810527,2887090.6499551404],[729436.9097988354,2887095.007514785],[729444.9195001865,2887097.121441734],[729442.5392203046,2887106.112502322],[729432.1881810136,2887103.3920842167],[729437.5155160397,2887083.347344323],[729448.6735059335,2887086.2814803487]]]]},"properties":{"height":6.0,"min_height":0.0},"id":""},{"type":"Feature","geometry":{"type":"MultiPolygon","coordinates":[[[[729423.8582880986,2887105.251472345],[729427.1633037056,2887089.216559575],[729433.9846412522,2887090.6112941755],[729430.6798124199,2887106.635125854],[729423.8582880986,2887105.251472345]],[[729427.3511191115,2887096.169170015],[729426.5737925164,2887099.957091538],[729430.1340534703,2887100.6848017443],[729430.9213866184,2887096.897056581],[729427.3511191115,2887096.169170015]]]]},"properties":{"height":6.0,"min_height":0.0},"id":""},{"type":"Feature","geometry":{"type":"MultiPolygon","coordinates":[[[[729422.9077643252,2887105.2347315564],[729415.3583730406,2887103.694178955],[729418.0937211959,2887090.453336542],[729425.6331146122,2887091.9937139424],[729422.9077643252,2887105.2347315564]]]]},"properties":{"height":6.0,"min_height":0.0},"id":""},{"type":"Feature","geometry":{"type":"MultiPolygon","coordinates":[[[[729427.6772338735,2887113.453961386],[729414.8334609198,2887110.7672375464],[729415.9355362573,2887105.5885245036],[729428.7693087901,2887108.2750728303],[729427.6772338735,2887113.453961386]]]]},"properties":{"height":6.0,"min_height":0.0},"id":""},{"type":"Feature","geometry":{"type":"MultiPolygon","coordinates":[[[[729416.8190988564,2887123.614637609],[729411.6037850325,2887122.525280124],[729413.7324304595,2887112.4768596934],[729418.9475531555,2887113.577297714],[729416.8190988564,2887123.614637609]]]]},"properties":{"height":6.0,"min_height":0.0},"id":""},{"type":"Feature","geometry":{"type":"MultiPolygon","coordinates":[[[[729425.2577607734,2887126.944201178],[729419.798574426,2887152.7721656496],[729408.8894634824,2887150.4852706953],[729407.6122800102,2887156.5143232425],[729404.7104438847,2887155.9090475747],[729411.4467850775,2887124.052026602],[729425.2577607734,2887126.944201178]],[[729421.0894070445,2887131.1933195703],[729413.6304707184,2887129.632192836],[729412.6370381683,2887134.3251490104],[729420.095971819,2887135.8862753725],[729421.0894070445,2887131.1933195703]]]]},"properties":{"height":6.0,"min_height":0.0},"id":""},{"type":"Feature","geometry":{"type":"MultiPolygon","coordinates":[[[[729422.3456793742,2887146.809813732],[729424.2999978522,2887137.567413481],[729435.438659067,2887139.891613931],[729433.484332713,2887149.134013094],[729422.3456793742,2887146.809813732]]]]},"properties":{"height":6.0,"min_height":0.0},"id":""},{"type":"Feature","geometry":{"type":"MultiPolygon","coordinates":[[[[729434.4405128459,2887148.8294354356],[729435.9460790765,2887142.9041577373],[729441.3566140976,2887144.2740499703],[729439.8512406023,2887150.188247241],[729434.4405128459,2887148.8294354356]]]]},"properties":{"height":6.0,"min_height":0.0},"id":""},{"type":"Feature","geometry":{"type":"MultiPolygon","coordinates":[[[[729449.8480022387,2887153.7004409158],[729440.5687600236,2887150.932391128],[729442.8006693922,2887143.545812885],[729452.0799167047,2887146.313863885],[729449.8480022387,2887153.7004409158]]]]},"properties":{"height":6.0,"min_height":0.0},"id":""},{"type":"Feature","geometry":{"type":"MultiPolygon","coordinates":[[[[729455.2009891581,2887165.155238289],[729449.133277508,2887164.1616831627],[729450.7814910323,2887154.1158870445],[729456.8492073859,2887155.1094425903],[729455.2009891581,2887165.155238289]]]]},"properties":{"height":6.0,"min_height":0.0},"id":""},{"type":"Feature","geometry":{"type":"MultiPolygon","coordinates":[[[[729444.4464759795,2887173.411367405],[729434.6589203668,2887170.5235328316],[729437.8610406164,2887159.7625167225],[729447.6586095449,2887162.650529361],[729444.4464759795,2887173.411367405]]]]},"properties":{"height":6.0,"min_height":0.0},"id":""},{"type":"Feature","geometry":{"type":"MultiPolygon","coordinates":[[[[729447.8384679821,2887181.4179274733],[729443.1281360565,2887180.0714479447],[729446.2496327751,2887169.3422634746],[729458.269042913,2887172.8014257206],[729455.147536562,2887183.5306080254],[729450.865683985,2887182.291424079],[729451.5366235537,2887179.997891135],[729448.5092118629,2887179.135474395],[729447.8384679821,2887181.4179274733]]]]},"properties":{"height":6.0,"min_height":0.0},"id":""},{"type":"Feature","geometry":{"type":"MultiPolygon","coordinates":[[[[729447.3718062524,2887169.27336255],[729447.8742534916,2887165.1813475345],[729456.0040670573,2887166.1558089824],[729455.5114275335,2887170.2590801036],[729447.3718062524,2887169.27336255]]]]},"properties":{"height":6.0,"min_height":0.0},"id":""},{"type":"Feature","geometry":{"type":"MultiPolygon","coordinates":[[[[729454.4836742791,2887185.990516814],[729450.5947444008,2887199.3772858926],[729438.4658837289,2887195.882950418],[729442.3646117719,2887182.507434839],[729447.1145743253,2887183.876779086],[729447.6899993236,2887181.8918993264],[729450.6773885684,2887182.7536109453],[729450.1021582986,2887184.727410624],[729454.4836742791,2887185.990516814]],[[729442.2737428234,2887192.7801643885],[729441.751664007,2887194.5775658125],[729448.6724650253,2887196.5725701293],[729449.194544771,2887194.775168915],[729442.2737428234,2887192.7801643885]]]]},"properties":{"height":6.0,"min_height":0.0},"id":""},{"type":"Feature","geometry":{"type":"MultiPolygon","coordinates":[[[[729439.5309229263,2887191.1025893167],[729429.5825124457,2887188.2562577454],[729432.8334295049,2887176.9973465377],[729442.7818483578,2887179.8436799706],[729439.5309229263,2887191.1025893167]]]]},"properties":{"height":6.0,"min_height":0.0},"id":""},{"type":"Feature","geometry":{"type":"MultiPolygon","coordinates":[[[[729413.1341920048,2887188.49856412],[729420.9562454483,2887160.916700011],[729435.2279268283,2887164.92534506],[729427.395838457,2887192.507026559],[729413.1341920048,2887188.49856412]],[[729431.3919073762,2887169.058395553],[729421.9604451249,2887166.409594804],[729421.6933307741,2887167.369147612],[729431.1147868832,2887170.0177719886],[729431.3919073762,2887169.058395553]],[[729419.6934584911,2887180.3347741533],[729418.7218817916,2887183.7867721673],[729424.8169222344,2887185.501217343],[729425.7985059647,2887182.0493958914],[729419.6934584911,2887180.3347741533]]]]},"properties":{"height":6.0,"min_height":0.0},"id":""},{"type":"Feature","geometry":{"type":"MultiPolygon","coordinates":[[[[729423.353212164,2887160.6374973943],[729425.9405380979,2887148.413723351],[729438.4252455634,2887151.027636872],[729435.837907955,2887163.2514093015],[729423.353212164,2887160.6374973943]],[[729433.2574050154,2887160.313185502],[729426.8055265648,2887158.969288711],[729426.4778463268,2887160.526279301],[729432.9295288563,2887161.8812559675],[729433.2574050154,2887160.313185502]]]]},"properties":{"height":6.0,"min_height":0.0},"id":""},{"type":"Feature","geometry":{"type":"MultiPolygon","coordinates":[[[[729405.5592804195,2887159.4263561494],[729404.0103365119,2887164.9740359634],[729400.5042177065,2887164.014533095],[729402.0531601545,2887158.466852973],[729405.5592804195,2887159.4263561494]]]]},"properties":{"height":6.0,"min_height":0.0},"id":""},{"type":"Feature","geometry":{"type":"MultiPolygon","coordinates":[[[[729394.99480442,2887162.5764156166],[729388.1220553719,2887160.693122575],[729389.8429824177,2887154.472381765],[729396.715539552,2887156.3667554557],[729394.99480442,2887162.5764156166]]]]},"properties":{"height":6.0,"min_height":0.0},"id":""},{"type":"Feature","geometry":{"type":"MultiPolygon","coordinates":[[[[729400.9295359056,2887176.2359480755],[729399.9036568527,2887175.951879421],[729397.9264001966,2887183.0880286554],[729386.7708294468,2887180.020970706],[729388.7480801272,2887172.8848202215],[729385.2321524173,2887171.914065202],[729387.9568087453,2887162.1199731636],[729395.0785229626,2887164.074151059],[729395.9651722987,2887160.8977416004],[729400.5071778634,2887162.141487894],[729399.6203323151,2887165.3289771043],[729403.6543988991,2887166.430778484],[729400.9295359056,2887176.2359480755]],[[729396.8546699577,2887175.1777624283],[729391.9840496625,2887173.8395626843],[729390.9050110459,2887177.710839474],[729395.7856353809,2887179.049215122],[729396.8546699577,2887175.1777624283]]]]},"properties":{"height":6.0,"min_height":0.0},"id":""},{"type":"Feature","geometry":{"type":"MultiPolygon","coordinates":[[[[729399.9538868901,2887182.1927274284],[729406.9647635373,2887157.478260296],[729420.728514457,2887161.34494242],[729413.717612334,2887186.0594040346],[729399.9538868901,2887182.1927274284]],[[729410.8020936243,2887158.953435099],[729410.2258932149,2887160.982636014],[729417.3069985487,2887162.969361344],[729417.8832000341,2887160.9401606624],[729410.8020936243,2887158.953435099]],[[729404.9054638211,2887176.6606378783],[729403.8813269824,2887180.2557954127],[729411.0122543132,2887182.2544790916],[729412.0261924771,2887178.6702257413],[729404.9054638211,2887176.6606378783]]]]},"properties":{"height":6.0,"min_height":0.0},"id":""},{"type":"Feature","geometry":{"type":"MultiPolygon","coordinates":[[[[729411.431316908,2887201.081502352],[729399.8055084114,2887198.0061497223],[729401.7554802431,2887190.714352389],[729413.381295128,2887193.7897062846],[729411.431316908,2887201.081502352]]]]},"properties":{"height":6.0,"min_height":0.0},"id":""},{"type":"Feature","geometry":{"type":"MultiPolygon","coordinates":[[[[729406.0304634143,2887216.7802536637],[729399.510471512,2887214.7590799457],[729403.0940739675,2887203.3619384114],[729409.6138762294,2887205.394193496],[729406.0304634143,2887216.7802536637]]]]},"properties":{"height":6.0,"min_height":0.0},"id":""},{"type":"Feature","geometry":{"type":"MultiPolygon","coordinates":[[[[729402.0682168063,2887205.34997023],[729397.9529482684,2887204.3132386543],[729399.3188618316,2887198.9285863866],[729403.4341320457,2887199.96531827],[729402.0682168063,2887205.34997023]]]]},"properties":{"height":6.0,"min_height":0.0},"id":""},{"type":"Feature","geometry":{"type":"MultiPolygon","coordinates":[[[[729387.9258557867,2887215.5969082634],[729382.7483991587,2887214.064889081],[729386.2458401173,2887202.444558657],[729390.2084917254,2887203.622683176],[729390.8784440458,2887201.3845478157],[729397.1410342435,2887203.246015559],[729396.5244252227,2887205.2966720313],[729393.2486373548,2887204.3301430205],[729392.7600942977,2887205.928634864],[729399.8190189793,2887208.036879788],[729397.7142314368,2887215.0266985404],[729388.8829294549,2887212.3995719315],[729387.9258557867,2887215.5969082634]]]]},"properties":{"height":6.0,"min_height":0.0},"id":""},{"type":"Feature","geometry":{"type":"MultiPolygon","coordinates":[[[[729400.7427837185,2887190.818435298],[729398.1452649612,2887200.7810156397],[729393.8610730285,2887199.6748101306],[729396.4485831171,2887189.712052971],[729400.7427837185,2887190.818435298]]]]},"properties":{"height":6.0,"min_height":0.0},"id":""},{"type":"Feature","geometry":{"type":"MultiPolygon","coordinates":[[[[729391.8568305848,2887201.523695163],[729382.6193927616,2887198.6566698467],[729387.3161878918,2887183.7213517567],[729396.5436304727,2887186.5882034427],[729391.8568305848,2887201.523695163]]]]},"properties":{"height":6.0,"min_height":0.0},"id":""},{"type":"Feature","geometry":{"type":"MultiPolygon","coordinates":[[[[729381.8674222527,2887212.9410337177],[729376.0841204068,2887211.1434300416],[729378.9353780941,2887202.1163219586],[729384.7086783631,2887203.9137504194],[729381.8674222527,2887212.9410337177]]]]},"properties":{"height":6.0,"min_height":0.0},"id":""},{"type":"Feature","geometry":{"type":"MultiPolygon","coordinates":[[[[729364.0625764483,2887219.7430590056],[729370.9832370305,2887196.168582456],[729379.2779662785,2887198.5756619233],[729372.3572911051,2887222.150135148],[729364.0625764483,2887219.7430590056]],[[729373.0568694898,2887197.7678582342],[729372.4606652828,2887199.7967079845],[729375.7764771418,2887200.7639363213],[729376.372876958,2887198.7240067064],[729373.0568694898,2887197.7678582342]],[[729373.2179703107,2887210.217369729],[729369.4240462946,2887209.1198052964],[729368.9872894441,2887210.6194589194],[729372.7812130356,2887211.7170232553],[729373.2179703107,2887210.217369729]]]]},"properties":{"height":6.0,"min_height":0.0},"id":""},{"type":"Feature","geometry":{"type":"MultiPolygon","coordinates":[[[[729382.417083133,2887198.2097706236],[729372.2740239125,2887195.0497200256],[729376.9708077044,2887180.1143990513],[729387.1138781297,2887183.2744524744],[729382.417083133,2887198.2097706236]]]]},"properties":{"height":6.0,"min_height":0.0},"id":""},{"type":"Feature","geometry":{"type":"MultiPolygon","coordinates":[[[[729374.1013387335,2887175.3977530557],[729381.0756817759,2887152.7552315868],[729389.3484761086,2887155.2727628537],[729382.3741191705,2887177.915280924],[729374.1013387335,2887175.3977530557]],[[729378.7006540764,2887168.8397773295],[729377.9263558438,2887171.319910854],[729381.2812211711,2887172.343244699],[729382.0455145594,2887169.8629351384],[729378.7006540764,2887168.8397773295]]]]},"properties":{"height":6.0,"min_height":0.0},"id":""},{"type":"Feature","geometry":{"type":"MultiPolygon","coordinates":[[[[729362.4955958071,2887171.181198401],[729369.4568478854,2887149.281030693],[729380.266409,2887152.6744804303],[729373.3049443269,2887174.5857236376],[729362.4955958071,2887171.181198401]],[[729367.9248298223,2887165.2363368194],[729366.8337862476,2887168.6529836184],[729371.2231726255,2887170.038116754],[729372.3042118442,2887166.621294056],[729367.9248298223,2887165.2363368194]]]]},"properties":{"height":6.0,"min_height":0.0},"id":""},{"type":"Feature","geometry":{"type":"MultiPolygon","coordinates":[[[[729372.4703758704,2887134.4490697267],[729379.5543835318,2887101.600653989],[729400.3440753662,2887106.045448621],[729393.270216116,2887138.8829531353],[729372.4703758704,2887134.4490697267]],[[729384.1156493167,2887117.098002117],[729380.1373065969,2887116.2410247326],[729379.5266610566,2887119.0897927033],[729383.5051980224,2887119.9356899867],[729384.1156493167,2887117.098002117]],[[729390.0280348002,2887118.3880414655],[729389.4175822241,2887121.225729152],[729393.4059285384,2887122.082885728],[729394.0163819793,2887119.245198163],[729390.0280348002,2887118.3880414655]]]]},"properties":{"height":6.0,"min_height":0.0},"id":""},{"type":"Feature","geometry":{"type":"MultiPolygon","coordinates":[[[[729372.7134794957,2887146.7891898244],[729374.4028523356,2887138.9497135654],[729392.2011808365,2887142.754406091],[729390.5119924508,2887150.582800853],[729372.7134794957,2887146.7891898244]]]]},"properties":{"height":6.0,"min_height":0.0},"id":""},{"type":"Feature","geometry":{"type":"MultiPolygon","coordinates":[[[[729392.2970328222,2887152.088329722],[729407.9691217485,2887076.0106736654],[729419.5076694337,2887078.3640644304],[729403.8355132788,2887154.4417115822],[729392.2970328222,2887152.088329722]],[[729408.0548546389,2887084.213910948],[729416.162811276,2887085.8640460772],[729417.3229163873,2887080.2319350126],[729409.2149562554,2887078.5817994215],[729408.0548546389,2887084.213910948]],[[729411.4413187732,2887101.6301792655],[729410.7406701051,2887105.042615558],[729413.1141768217,2887105.52775273],[729413.8148261127,2887102.1153165195],[729411.4413187732,2887101.6301792655]],[[729410.1827891539,2887120.239237568],[729407.7992796124,2887119.7539245244],[729407.098632367,2887123.166360946],[729409.4721357874,2887123.651497698],[729410.1827891539,2887120.239237568]],[[729406.1276966964,2887100.439342774],[729403.7541888872,2887099.954206965],[729403.0435367122,2887103.3664673185],[729405.4270494118,2887103.8517792486],[729406.1276966964,2887100.439342774]],[[729401.7850190399,2887121.9755255766],[729402.4856648966,2887118.563088972],[729400.1121603888,2887118.0779535817],[729399.4015096506,2887121.490214067],[729401.7850190399,2887121.9755255766]],[[729396.5467366064,2887143.218851789],[729403.3780525771,2887144.613748506],[729404.1767479407,2887140.748618638],[729397.3454299478,2887139.3537216512],[729396.5467366064,2887143.218851789]]]]},"properties":{"height":6.0,"min_height":0.0},"id":""},{"type":"Feature","geometry":{"type":"MultiPolygon","coordinates":[[[[729373.2308722846,2887099.2172064898],[729375.0274958423,2887088.6974327634],[729379.737421156,2887089.50078949],[729377.9409888841,2887100.0094828703],[729373.2308722846,2887099.2172064898]],[[729375.5941012485,2887092.896939925],[729375.1023517958,2887095.8143020747],[729377.2278691476,2887096.173148201],[729377.7296245979,2887093.255962279],[729375.5941012485,2887092.896939925]]]]},"properties":{"height":6.0,"min_height":0.0},"id":""},{"type":"Feature","geometry":{"type":"MultiPolygon","coordinates":[[[[729370.6979418378,2887105.5123183737],[729364.2746829379,2887104.246543463],[729367.6560450605,2887087.281959937],[729374.0893178405,2887088.547912077],[729370.6979418378,2887105.5123183737]],[[729368.1401559117,2887094.461451984],[729367.7013064765,2887096.648240485],[729370.4142228167,2887097.1836795327],[729370.8528776097,2887095.0079710665],[729368.1401559117,2887094.461451984]]]]},"properties":{"height":6.0,"min_height":0.0},"id":""},{"type":"Feature","geometry":{"type":"MultiPolygon","coordinates":[[[[729357.5007140996,2887127.446770758],[729362.9554053664,2887106.9830838586],[729369.9092055268,2887108.8123706933],[729364.4444980457,2887129.2758793007],[729357.5007140996,2887127.446770758]],[[729367.3785087003,2887109.8650680515],[729364.7983978791,2887109.1768000205],[729363.9521663906,2887112.331755837],[729366.5422821052,2887113.020199922],[729367.3785087003,2887109.8650680515]]]]},"properties":{"height":6.0,"min_height":0.0},"id":""},{"type":"Feature","geometry":{"type":"MultiPolygon","coordinates":[[[[729355.3848438214,2887125.403418629],[729338.1635119919,2887120.0905106943],[729342.6404038304,2887105.7054792126],[729359.8617540053,2887111.018391704],[729355.3848438214,2887125.403418629]]]]},"properties":{"height":6.0,"min_height":0.0},"id":""},{"type":"Feature","geometry":{"type":"MultiPolygon","coordinates":[[[[729324.3924837008,2887155.2928136205],[729332.977219824,2887124.7429028284],[729355.5959101003,2887131.037508268],[729347.0011167114,2887161.587231831],[729324.3924837008,2887155.2928136205]],[[729331.6188276361,2887142.2086094664],[729329.059318314,2887141.487460521],[729328.3970396423,2887143.858734202],[729330.9567435762,2887144.568803074],[729331.6188276361,2887142.2086094664]],[[729335.7839519865,2887143.257278939],[729334.4493869664,2887147.9996496635],[729342.4869362616,2887150.235923199],[729343.821504139,2887145.4935530853],[729335.7839519865,2887143.257278939]],[[729349.3959808365,2887150.0583155034],[729350.0580681479,2887147.6981225917],[729347.3688795856,2887146.9525197963],[729346.7067927502,2887149.3127128095],[729349.3959808365,2887150.0583155034]]]]},"properties":{"height":6.0,"min_height":0.0},"id":""},{"type":"Feature","geometry":{"type":"MultiPolygon","coordinates":[[[[729347.0632691691,2887163.1732540503],[729356.0477468892,2887133.2288960493],[729361.5538591444,2887134.855355408],[729352.569369148,2887164.799710523],[729347.0632691691,2887163.1732540503]],[[729351.5810493821,2887151.581965011],[729350.6349631689,2887154.7240797766],[729354.2990285561,2887155.8082672176],[729355.2351101532,2887152.6659764843],[729351.5810493821,2887151.581965011]]]]},"properties":{"height":6.0,"min_height":0.0},"id":""},{"type":"Feature","geometry":{"type":"MultiPolygon","coordinates":[[[[729352.579932863,2887166.4734918056],[729359.2534633145,2887145.5657613147],[729368.9380685092,2887148.6179744606],[729362.264328014,2887169.536781077],[729352.579932863,2887166.4734918056]],[[729362.5704862326,2887160.6754412916],[729357.5442576124,2887159.079596808],[729356.8133015395,2887161.3720763675],[729361.8395293098,2887162.967920633],[729362.5704862326,2887160.6754412916]]]]},"properties":{"height":6.0,"min_height":0.0},"id":""},{"type":"Feature","geometry":{"type":"MultiPolygon","coordinates":[[[[729345.4166527294,2887184.501997666],[729349.8362368933,2887169.9607918975],[729357.2930637151,2887172.209018145],[729352.8836720338,2887186.739318173],[729345.4166527294,2887184.501997666]],[[729351.370195754,2887173.789410863],[729353.9787495484,2887174.56684551],[729354.4882748325,2887172.9133049888],[729351.8797207178,2887172.1358702634],[729351.370195754,2887173.789410863]],[[729355.09108352,2887176.1935256557],[729349.7148645644,2887174.580437855],[729348.684639469,2887177.9538228917],[729354.0708625319,2887179.567086537],[729355.09108352,2887176.1935256557]]]]},"properties":{"height":6.0,"min_height":0.0},"id":""},{"type":"Feature","geometry":{"type":"MultiPolygon","coordinates":[[[[729371.8683480925,2887191.3739663674],[729355.9943347673,2887186.2842520303],[729359.7944558904,2887174.52516153],[729375.6784884203,2887179.615055664],[729371.8683480925,2887191.3739663674]]]]},"properties":{"height":6.0,"min_height":0.0},"id":""},{"type":"Feature","geometry":{"type":"MultiPolygon","coordinates":[[[[729364.2178474183,2887212.630241194],[729354.500152839,2887209.7547790343],[729360.6363598434,2887189.2365917326],[729370.3440638215,2887192.1118811863],[729364.2178474183,2887212.630241194]]]]},"properties":{"height":6.0,"min_height":0.0},"id":""},{"type":"Feature","geometry":{"type":"MultiPolygon","coordinates":[[[[729356.2250733005,2887188.527164224],[729354.3099651242,2887194.977240511],[729357.3866240765,2887195.884835985],[729353.5136564868,2887208.9394034636],[729338.7572038319,2887204.611974767],[729344.5352541765,2887185.1071502143],[729356.2250733005,2887188.527164224]],[[729352.6592055558,2887190.3928921563],[729347.0236312022,2887188.730904722],[729345.9275223844,2887192.4356322386],[729351.55328483,2887194.086363168],[729352.6592055558,2887190.3928921563]]]]},"properties":{"height":6.0,"min_height":0.0},"id":""},{"type":"Feature","geometry":{"type":"MultiPolygon","coordinates":[[[[729335.3227031844,2887211.522972121],[729328.0634695935,2887209.4223196856],[729333.0689691765,2887192.2979073515],[729340.3184016831,2887194.387305751],[729335.3227031844,2887211.522972121]]]]},"properties":{"height":6.0,"min_height":0.0},"id":""},{"type":"Feature","geometry":{"type":"MultiPolygon","coordinates":[[[[729333.2249845624,2887190.826560423],[729340.9689149893,2887166.535061681],[729349.070832544,2887169.093892712],[729341.3268875886,2887193.3853877154],[729333.2249845624,2887190.826560423]],[[729342.5540439402,2887168.0259803534],[729341.9821463916,2887169.8114239997],[729346.0531153114,2887171.091191584],[729346.6248183143,2887169.316828054],[729342.5540439402,2887168.0259803534]],[[729338.4830158422,2887183.8035833063],[729341.3197426087,2887184.695866931],[729341.9234116941,2887182.811231965],[729339.086684533,2887181.9189482373],[729338.4830158422,2887183.8035833063]]]]},"properties":{"height":6.0,"min_height":0.0},"id":""},{"type":"Feature","geometry":{"type":"MultiPolygon","coordinates":[[[[729313.3262323041,2887160.79487013],[729309.1415094972,2887179.0531612323],[729299.471915819,2887176.8546782304],[729303.6566251747,2887158.596385016],[729313.3262323041,2887160.79487013]]]]},"properties":{"height":6.0,"min_height":0.0},"id":""},{"type":"Feature","geometry":{"type":"MultiPolygon","coordinates":[[[[729308.182078698,2887195.4618842145],[729319.9793838791,2887158.096808606],[729340.8027491467,2887164.6036225064],[729329.0053864458,2887201.968683526],[729308.182078698,2887195.4618842145]],[[729318.680638326,2887171.6067881854],[729316.8149322164,2887177.5257343873],[729332.21358273,2887182.3299442753],[729334.0791005071,2887176.422079756],[729318.680638326,2887171.6067881854]]]]},"properties":{"height":6.0,"min_height":0.0},"id":""},{"type":"Feature","geometry":{"type":"MultiPolygon","coordinates":[[[[729306.0354963291,2887192.3207414146],[729295.9970763889,2887190.038183511],[729298.7292885213,2887178.1051142258],[729308.7777230381,2887180.387849694],[729306.0354963291,2887192.3207414146]]]]},"properties":{"height":6.0,"min_height":0.0},"id":""},{"type":"Feature","geometry":{"type":"MultiPolygon","coordinates":[[[[729305.8343330818,2887193.514208385],[729303.3956683818,2887204.122435131],[729293.3970841574,2887201.851663066],[729295.8359358188,2887191.2323550703],[729305.8343330818,2887193.514208385]]]]},"properties":{"height":6.0,"min_height":0.0},"id":""},{"type":"Feature","geometry":{"type":"MultiPolygon","coordinates":[[[[729291.035158339,2887212.6496599526],[729291.5789231271,2887210.187631646],[729287.6708389812,2887209.3208336285],[729265.5183506273,2887204.4088836587],[729267.2025836685,2887196.8574775667],[729305.9248174608,2887205.4304663436],[729304.2305566906,2887212.981692947],[729303.6867895252,2887215.4437209014],[729295.3919250278,2887213.6130245654],[729295.2176001986,2887214.4190447475],[729294.7505041601,2887216.5055866707],[729290.3837330119,2887215.542046077],[729291.035158339,2887212.6496599526]]]]},"properties":{"height":6.0,"min_height":0.0},"id":""},{"type":"Feature","geometry":{"type":"MultiPolygon","coordinates":[[[[729292.498935763,2887201.702852198],[729280.5366892794,2887198.9763550553],[729282.9976867442,2887188.235517934],[729294.970143492,2887190.951112761],[729292.498935763,2887201.702852198]]]]},"properties":{"height":6.0,"min_height":0.0},"id":""},{"type":"Feature","geometry":{"type":"MultiPolygon","coordinates":[[[[729297.8124928763,2887177.8783910316],[729295.0589054113,2887189.888668024],[729283.1562907441,2887187.185385973],[729285.9198727687,2887175.175283388],[729297.8124928763,2887177.8783910316]]]]},"properties":{"height":6.0,"min_height":0.0},"id":""},{"type":"Feature","geometry":{"type":"MultiPolygon","coordinates":[[[[729298.5194475235,2887176.9487458887],[729286.3376436664,2887174.1851303736],[729290.5431257692,2887155.8828666345],[729292.8059802604,2887156.399284893],[729302.7149411464,2887158.646308696],[729298.5194475235,2887176.9487458887]]]]},"properties":{"height":6.0,"min_height":0.0},"id":""},{"type":"Feature","geometry":{"type":"MultiPolygon","coordinates":[[[[729294.9414732398,2887147.0935623324],[729297.5433450603,2887147.682449328],[729304.19940116,2887152.210812958],[729302.7149411464,2887158.646308696],[729292.8059802604,2887156.399284893],[729294.2804299456,2887149.963612264],[729294.9414732398,2887147.0935623324]]]]},"properties":{"height":6.0,"min_height":0.0},"id":""},{"type":"Feature","geometry":{"type":"MultiPolygon","coordinates":[[[[729293.7335207437,2887142.9381882264],[729297.7079364639,2887122.9804306696],[729309.3973152097,2887125.2920476655],[729305.4228815958,2887145.2498029782],[729293.7335207437,2887142.9381882264]],[[729297.9697968677,2887137.6705553397],[729303.5351066176,2887138.777111609],[729304.0064964659,2887136.446810443],[729298.4309852003,2887135.3511578967],[729297.9697968677,2887137.6705553397]]]]},"properties":{"height":6.0,"min_height":0.0},"id":""},{"type":"Feature","geometry":{"type":"MultiPolygon","coordinates":[[[[729313.9256797023,2887148.347670806],[729306.215829136,2887146.826522192],[729309.509653691,2887130.2815590827],[729317.2195140404,2887131.802708923],[729313.9256797023,2887148.347670806]]]]},"properties":{"height":6.0,"min_height":0.0},"id":""},{"type":"Feature","geometry":{"type":"MultiPolygon","coordinates":[[[[729324.1068919505,2887153.8912761267],[729315.180278977,2887152.1270327037],[729317.9572385259,2887138.221906604],[729326.8738555397,2887139.9859750783],[729324.1068919505,2887153.8912761267]]]]},"properties":{"height":6.0,"min_height":0.0},"id":""},{"type":"Feature","geometry":{"type":"MultiPolygon","coordinates":[[[[729318.1411094724,2887132.894023624],[729321.1866974048,2887121.354393101],[729331.866748019,2887124.14701527],[729328.831156275,2887135.686820133],[729318.1411094724,2887132.894023624]],[[729327.2885684947,2887130.073624105],[729321.9684592952,2887128.6832058784],[729321.2067693925,2887131.58473339],[729326.5268774277,2887132.9751513912],[729327.2885684947,2887130.073624105]]]]},"properties":{"height":6.0,"min_height":0.0},"id":""},{"type":"Feature","geometry":{"type":"MultiPolygon","coordinates":[[[[729295.8440876688,2887125.951225535],[729273.1720102369,2887121.551049781],[729277.7677460087,2887098.135118671],[729300.4398641794,2887102.53529941],[729295.8440876688,2887125.951225535]]]]},"properties":{"height":6.0,"min_height":0.0},"id":""},{"type":"Feature","geometry":{"type":"MultiPolygon","coordinates":[[[[729303.4962063632,2887086.972578397],[729300.4398641794,2887102.53529941],[729277.7677460087,2887098.135118671],[729280.8140555948,2887082.5722182337],[729303.4962063632,2887086.972578397]]]]},"properties":{"height":6.0,"min_height":0.0},"id":""},{"type":"Feature","geometry":{"type":"MultiPolygon","coordinates":[[[[729304.9038840345,2887079.7820593],[729282.2317262782,2887075.3818737203],[729283.6393925713,2887068.1913531995],[729306.311562838,2887072.5915403045],[729304.9038840345,2887079.7820593]]]]},"properties":{"height":6.0,"min_height":0.0},"id":""},{"type":"Feature","geometry":{"type":"MultiPolygon","coordinates":[[[[729303.4962063632,2887086.972578397],[729280.8140555948,2887082.5722182337],[729282.2317262782,2887075.3818737203],[729304.9038840345,2887079.7820593],[729303.4962063632,2887086.972578397]]]]},"properties":{"height":6.0,"min_height":0.0},"id":""},{"type":"Feature","geometry":{"type":"MultiPolygon","coordinates":[[[[729306.311562838,2887072.5915403045],[729283.6393925713,2887068.1913531995],[729286.5531644087,2887053.3354586186],[729309.225360524,2887057.7356488835],[729306.311562838,2887072.5915403045]]]]},"properties":{"height":6.0,"min_height":0.0},"id":""},{"type":"Feature","geometry":{"type":"MultiPolygon","coordinates":[[[[729299.7277894098,2887042.91620224],[729289.2247049178,2887040.8693163935],[729290.9504265047,2887032.099467512],[729301.453518064,2887034.1463542273],[729299.7277894098,2887042.91620224]]]]},"properties":{"height":6.0,"min_height":0.0},"id":""},{"type":"Feature","geometry":{"type":"MultiPolygon","coordinates":[[[[729309.225360524,2887057.7356488835],[729286.5531644087,2887053.3354586186],[729288.3561381527,2887044.156883284],[729311.0283502312,2887048.5570755056],[729309.225360524,2887057.7356488835]]]]},"properties":{"height":6.0,"min_height":0.0},"id":""},{"type":"Feature","geometry":{"type":"MultiPolygon","coordinates":[[[[729301.8200430477,2887044.0281212307],[729302.5607825497,2887037.7679518578],[729313.8871915551,2887039.0978367],[729313.136245968,2887045.3689096775],[729301.8200430477,2887044.0281212307]]]]},"properties":{"height":6.0,"min_height":0.0},"id":""},{"type":"Feature","geometry":{"type":"MultiPolygon","coordinates":[[[[729314.1926446552,2887037.097116919],[729302.8697445224,2887035.5677924156],[729304.8571782261,2887021.028096439],[729316.1798960471,2887022.5685017025],[729314.1926446552,2887037.097116919]]]]},"properties":{"height":6.0,"min_height":0.0},"id":""},{"type":"Feature","geometry":{"type":"MultiPolygon","coordinates":[[[[729323.4469794714,2887044.6969942115],[729314.2786546994,2887043.5824244353],[729316.858909549,2887022.658038499],[729326.0270541108,2887023.7836889694],[729323.4469794714,2887044.6969942115]]]]},"properties":{"height":6.0,"min_height":0.0},"id":""},{"type":"Feature","geometry":{"type":"MultiPolygon","coordinates":[[[[729336.736049246,2887110.212227307],[729316.3580222421,2887104.555607251],[729327.2396570739,2887065.7668211353],[729365.19694104,2887076.3104164074],[729361.8652997613,2887088.1775061833],[729334.6148370955,2887080.6154278065],[729330.300297368,2887096.0119100055],[729339.9713717417,2887098.6981067313],[729336.736049246,2887110.212227307]]]]},"properties":{"height":6.0,"min_height":0.0},"id":""},{"type":"Feature","geometry":{"type":"MultiPolygon","coordinates":[[[[729341.9650766479,2887052.5375533984],[729348.3995510696,2887030.4285998973],[729364.7310363132,2887035.127338318],[729358.2965349243,2887057.236285753],[729341.9650766479,2887052.5375533984]],[[729349.261757805,2887045.6945524067],[729348.0577822742,2887049.840717475],[729354.3412432354,2887051.6581909196],[729355.5452207117,2887047.512026287],[729349.261757805,2887045.6945524067]]]]},"properties":{"height":6.0,"min_height":0.0},"id":""},{"type":"Feature","geometry":{"type":"MultiPolygon","coordinates":[[[[729369.6007965048,2887060.959848101],[729365.8672509508,2887059.8411852177],[729367.6525563672,2887053.942994581],[729371.3861035581,2887055.061657855],[729369.6007965048,2887060.959848101]]]]},"properties":{"height":6.0,"min_height":0.0},"id":""},{"type":"Feature","geometry":{"type":"MultiPolygon","coordinates":[[[[729366.201975512,2887056.1784695243],[729360.2581213326,2887054.4002196896],[729365.103919799,2887038.3924267306],[729371.0475859562,2887040.181758228],[729366.201975512,2887056.1784695243]]]]},"properties":{"height":6.0,"min_height":0.0},"id":""},{"type":"Feature","geometry":{"type":"MultiPolygon","coordinates":[[[[729325.3805510781,2887042.3148500514],[729327.4425352132,2887027.521549183],[729345.8938109078,2887030.0630654492],[729343.841616155,2887044.867621086],[729325.3805510781,2887042.3148500514]]]]},"properties":{"height":6.0,"min_height":0.0},"id":""},{"type":"Feature","geometry":{"type":"MultiPolygon","coordinates":[[[[729348.7443819639,2887023.9176258296],[729329.0949646527,2887021.210929427],[729331.1338217021,2887006.5945562804],[729350.7830661441,2887009.3123340947],[729348.7443819639,2887023.9176258296]]]]},"properties":{"height":6.0,"min_height":0.0},"id":""},{"type":"Feature","geometry":{"type":"MultiPolygon","coordinates":[[[[729352.9091538687,2886993.7221578974],[729350.9390834782,2887007.8409873988],[729339.8562929984,2887006.315860165],[729341.8263512915,2886992.1970298802],[729352.9091538687,2886993.7221578974]]]]},"properties":{"height":6.0,"min_height":0.0},"id":""},{"type":"Feature","geometry":{"type":"MultiPolygon","coordinates":[[[[729364.206405883,2887009.2161690765],[729357.9283621679,2887030.396865249],[729350.2911563837,2887028.1565541117],[729355.167959308,2887006.408097591],[729364.206405883,2887009.2161690765]]]]},"properties":{"height":6.0,"min_height":0.0},"id":""},{"type":"Feature","geometry":{"type":"MultiPolygon","coordinates":[[[[729359.5477597667,2887031.0792987263],[729364.4890456332,2887012.490751768],[729375.9060830853,2887015.4958798373],[729370.9647812255,2887034.084423651],[729359.5477597667,2887031.0792987263]]]]},"properties":{"height":6.0,"min_height":0.0},"id":""},{"type":"Feature","geometry":{"type":"MultiPolygon","coordinates":[[[[729369.5795455168,2887012.7133821556],[729364.5656613655,2887011.5500108],[729365.4532285987,2887007.752944807],[729370.4673092882,2887008.9052364207],[729369.5795455168,2887012.7133821556]]]]},"properties":{"height":6.0,"min_height":0.0},"id":""},{"type":"Feature","geometry":{"type":"MultiPolygon","coordinates":[[[[729353.9091034199,2886995.479858401],[729361.456548824,2886970.985403557],[729373.6517767312,2886974.7024822496],[729366.1043091723,2886999.1969316727],[729353.9091034199,2886995.479858401]],[[729369.7984756833,2886976.9732357515],[729363.8651754347,2886975.161923309],[729362.6758786343,2886979.042344238],[729368.5991715691,2886980.853480097],[729369.7984756833,2886976.9732357515]]]]},"properties":{"height":6.0,"min_height":0.0},"id":""},{"type":"Feature","geometry":{"type":"MultiPolygon","coordinates":[[[[729339.3767587157,2886990.3473090944],[729344.6752209029,2886963.4081546315],[729359.4074808424,2886966.283211224],[729354.0989826105,2886993.2221857887],[729339.3767587157,2886990.3473090944]],[[729354.2861818299,2886974.0622660005],[729354.7581688685,2886971.6987261106],[729347.4468781815,2886970.273246917],[729346.9748924708,2886972.636786975],[729354.2861818299,2886974.0622660005]],[[729343.2520690721,2886988.531354667],[729350.8525365301,2886990.0173406727],[729351.3470698103,2886987.5101133343],[729343.7466008903,2886986.0241271486],[729343.2520690721,2886988.531354667]]]]},"properties":{"height":6.0,"min_height":0.0},"id":""},{"type":"Feature","geometry":{"type":"MultiPolygon","coordinates":[[[[729340.06009906,2886982.8004544694],[729334.0841031466,2886981.70882556],[729336.8386323976,2886966.8057999695],[729342.8046295422,2886967.897253486],[729340.06009906,2886982.8004544694]]]]},"properties":{"height":6.0,"min_height":0.0},"id":""},{"type":"Feature","geometry":{"type":"MultiPolygon","coordinates":[[[[729332.8145618691,2886981.61997559],[729317.1697976127,2886978.2744652354],[729320.2535760247,2886963.9979044865],[729335.8983573489,2886967.3434172804],[729332.8145618691,2886981.61997559]]]]},"properties":{"height":6.0,"min_height":0.0},"id":""},{"type":"Feature","geometry":{"type":"MultiPolygon","coordinates":[[[[729299.9482565883,2886991.725829937],[729306.9344413176,2886961.0147663034],[729319.6053564535,2886963.8645762424],[729312.6191420711,2886994.5756352763],[729299.9482565883,2886991.725829937]],[[729313.895114853,2886965.8699060734],[729309.4688100297,2886964.872068774],[729308.0367046046,2886971.1754851313],[729312.4630073045,2886972.173322101],[729313.895114853,2886965.8699060734]],[[729314.8164701365,2886966.407044643],[729313.5904619138,2886971.805249202],[729316.8802205684,2886972.5503298524],[729318.1062301442,2886967.152125502],[729314.8164701365,2886966.407044643]]]]},"properties":{"height":6.0,"min_height":0.0},"id":""},{"type":"Feature","geometry":{"type":"MultiPolygon","coordinates":[[[[729328.4065072794,2886992.0937796775],[729316.2320003506,2886989.4743648865],[729318.399433549,2886979.4931186973],[729330.5739497611,2886982.1125348266],[729328.4065072794,2886992.0937796775]]]]},"properties":{"height":6.0,"min_height":0.0},"id":""},{"type":"Feature","geometry":{"type":"MultiPolygon","coordinates":[[[[729320.3731442671,2886995.2995511065],[729329.2886542747,2886994.8579943054],[729329.362572965,2886996.3444722695],[729320.447063963,2886996.7860289463],[729320.3731442671,2886995.2995511065]]]]},"properties":{"height":6.0,"min_height":0.0},"id":""},{"type":"Feature","geometry":{"type":"MultiPolygon","coordinates":[[[[729307.0464575575,2886996.727472552],[729329.4755171167,2886999.5938991476],[729326.4966150998,2887022.6946977717],[729304.0675956272,2887019.828273344],[729307.0464575575,2886996.727472552]],[[729309.8493104074,2886997.8408170734],[729309.4217626138,2887001.0918126255],[729314.4049935248,2887001.722618847],[729314.8223419407,2886998.4825272104],[729309.8493104074,2886997.8408170734]],[[729320.7087665085,2887002.3877566173],[729325.6918017147,2887003.029647205],[729326.1093480123,2886999.778475747],[729321.1263115526,2886999.136585092],[729320.7087665085,2887002.3877566173]]]]},"properties":{"height":6.0,"min_height":0.0},"id":""},{"type":"Feature","geometry":{"type":"MultiPolygon","coordinates":[[[[729301.9050158546,2887032.9462103304],[729291.0130715569,2887030.814895101],[729298.0783459233,2886995.040104579],[729306.1675258976,2886996.6233339477],[729301.6177906895,2887019.6964838253],[729304.4205799461,2887020.24457277],[729301.9050158546,2887032.9462103304]]]]},"properties":{"height":6.0,"min_height":0.0},"id":""},{"type":"Feature","geometry":{"type":"MultiPolygon","coordinates":[[[[729291.0127912245,2886979.653891406],[729283.1495731929,2886977.7421475085],[729288.1413881995,2886957.4143759604],[729295.9948077546,2886959.3148658876],[729291.0127912245,2886979.653891406]]]]},"properties":{"height":6.0,"min_height":0.0},"id":""},{"type":"Feature","geometry":{"type":"MultiPolygon","coordinates":[[[[729283.2143697627,2886915.4878089232],[729293.9579482125,2886918.0930834166],[729295.7101667274,2886918.6226774086],[729298.6327751015,2886920.3255460532],[729300.9415872479,2886922.78236661],[729302.4702125703,2886925.779625323],[729303.0924785396,2886929.093432938],[729302.7434169727,2886932.434477188],[729302.6855877212,2886932.8767954977],[729296.517906381,2886958.02731477],[729274.1141969347,2886952.5789653305],[729283.2143697627,2886915.4878089232]]]]},"properties":{"height":6.0,"min_height":0.0},"id":""},{"type":"Feature","geometry":{"type":"MultiPolygon","coordinates":[[[[729319.4580810149,2886962.5652251206],[729325.8811172339,2886934.2826036704],[729338.4523902517,2886937.108508934],[729332.0293269355,2886965.3911261926],[729319.4580810149,2886962.5652251206]],[[729331.3641710178,2886953.1433345764],[729325.3528195159,2886951.785086842],[729324.8533563147,2886954.0040593394],[729330.8647067999,2886955.36230692],[729331.3641710178,2886953.1433345764]]]]},"properties":{"height":6.0,"min_height":0.0},"id":""},{"type":"Feature","geometry":{"type":"MultiPolygon","coordinates":[[[[729318.5583752804,2886960.7982091843],[729310.1273632438,2886958.7323705573],[729315.9874129832,2886935.139200431],[729324.4084344591,2886937.2048656004],[729318.5583752804,2886960.7982091843]]]]},"properties":{"height":6.0,"min_height":0.0},"id":""},{"type":"Feature","geometry":{"type":"MultiPolygon","coordinates":[[[[729324.65924067,2886930.348651839],[729325.3965374647,2886930.5389652797],[729324.4280756852,2886935.520533517],[729317.1063668188,2886934.1170569495],[729317.1279384064,2886934.02876942],[729317.8384165447,2886932.899685015],[729318.895386466,2886931.9872846277],[729320.0402618574,2886931.1983491867],[729321.2705071581,2886930.6769183655],[729322.6086691581,2886930.2793048043],[729323.9401997428,2886930.2584104654],[729324.65924067,2886930.348651839]]]]},"properties":{"height":6.0,"min_height":0.0},"id":""},{"type":"Feature","geometry":{"type":"MultiPolygon","coordinates":[[[[729297.158993524,2886888.6232363945],[729293.2642502168,2886896.09140025],[729285.7962863371,2886892.191603729],[729289.7008367492,2886884.7346939826],[729297.158993524,2886888.6232363945]]]]},"properties":{"height":6.0,"min_height":0.0},"id":""},{"type":"Feature","geometry":{"type":"MultiPolygon","coordinates":[[[[729303.8585632514,2886889.5502455835],[729310.7917557193,2886891.98871362],[729307.8486367923,2886900.5487146787],[729299.7684699127,2886901.293163448],[729303.8585632514,2886889.5502455835]]]]},"properties":{"height":6.0,"min_height":0.0},"id":""},{"type":"Feature","geometry":{"type":"MultiPolygon","coordinates":[[[[729346.6296069203,2886872.2926125135],[729352.9489079161,2886853.3182347165],[729374.9193798408,2886860.643257837],[729368.5902376943,2886879.606371108],[729346.6296069203,2886872.2926125135]]]]},"properties":{"height":6.0,"min_height":0.0},"id":""},{"type":"Feature","geometry":{"type":"MultiPolygon","coordinates":[[[[729329.5009684135,2886911.1598387524],[729333.0572178917,2886899.041777761],[729383.5513124723,2886913.8293608585],[729379.9950173632,2886925.9474114524],[729329.5009684135,2886911.1598387524]]]]},"properties":{"height":6.0,"min_height":0.0},"id":""},{"type":"Feature","geometry":{"type":"MultiPolygon","coordinates":[[[[729347.2231569923,2886948.301991712],[729337.9460895081,2886945.4010683303],[729340.1717197198,2886938.3690352407],[729349.4487920253,2886941.2699598502],[729347.2231569923,2886948.301991712]]]]},"properties":{"height":6.0,"min_height":0.0},"id":""},{"type":"Feature","geometry":{"type":"MultiPolygon","coordinates":[[[[729343.2194834638,2886957.408568993],[729335.0146998517,2886955.5683650575],[729336.8696134385,2886947.421464614],[729345.0643965163,2886949.261493191],[729343.2194834638,2886957.408568993]]]]},"properties":{"height":6.0,"min_height":0.0},"id":""},{"type":"Feature","geometry":{"type":"MultiPolygon","coordinates":[[[[729340.8267990956,2886965.401917177],[729334.1376077427,2886963.8876472153],[729335.5048163135,2886957.86017529],[729342.2042114215,2886959.3635419006],[729340.8267990956,2886965.401917177]]]]},"properties":{"height":6.0,"min_height":0.0},"id":""},{"type":"Feature","geometry":{"type":"MultiPolygon","coordinates":[[[[729347.3634628288,2886960.230209771],[729343.4831179329,2886958.92055385],[729346.8077167218,2886949.159183679],[729350.688064385,2886950.468840385],[729347.3634628288,2886960.230209771]]]]},"properties":{"height":6.0,"min_height":0.0},"id":""},{"type":"Feature","geometry":{"type":"MultiPolygon","coordinates":[[[[729345.2600332362,2886963.1635319437],[729345.4661584785,2886960.5514763324],[729350.893358208,2886960.979526575],[729350.6872318687,2886963.5915821814],[729345.2600332362,2886963.1635319437]]]]},"properties":{"height":6.0,"min_height":0.0},"id":""},{"type":"Feature","geometry":{"type":"MultiPolygon","coordinates":[[[[729355.1515087374,2886944.240962438],[729354.5189839499,2886946.0585888745],[729365.9686921318,2886949.485447253],[729361.834409547,2886963.1671687705],[729348.8414493926,2886959.280890289],[729352.3379274467,2886947.715951468],[729348.8358423738,2886946.5237878617],[729350.2169995052,2886942.54699305],[729355.1515087374,2886944.240962438]]]]},"properties":{"height":6.0,"min_height":0.0},"id":""},{"type":"Feature","geometry":{"type":"MultiPolygon","coordinates":[[[[729373.4794232992,2886973.690857129],[729360.8774756333,2886969.7671164214],[729367.7052107081,2886948.064094932],[729380.2971729732,2886951.987664565],[729373.4794232992,2886973.690857129]]]]},"properties":{"height":6.0,"min_height":0.0},"id":""},{"type":"Feature","geometry":{"type":"MultiPolygon","coordinates":[[[[729396.463310875,2886927.9996513217],[729382.2814051638,2886923.9926554207],[729385.7182201557,2886911.8392512086],[729399.9001387698,2886915.8462498933],[729396.463310875,2886927.9996513217]]]]},"properties":{"height":6.0,"min_height":0.0},"id":""},{"type":"Feature","geometry":{"type":"MultiPolygon","coordinates":[[[[729434.4935275273,2886936.1285142736],[729433.0064178066,2886944.4148850925],[729415.396614853,2886941.256319606],[729416.8837133457,2886932.9699476087],[729434.4935275273,2886936.1285142736]]]]},"properties":{"height":6.0,"min_height":0.0},"id":""},{"type":"Feature","geometry":{"type":"MultiPolygon","coordinates":[[[[729401.1524478914,2886928.281723969],[729402.3825375137,2886922.0855904347],[729436.4433472091,2886928.847800138],[729435.2132414004,2886935.043931654],[729401.1524478914,2886928.281723969]]]]},"properties":{"height":6.0,"min_height":0.0},"id":""},{"type":"Feature","geometry":{"type":"MultiPolygon","coordinates":[[[[729454.398801656,2886881.1285160943],[729423.5165573445,2886874.599581078],[729425.6895472434,2886864.3081073174],[729456.5820167095,2886870.826141938],[729454.398801656,2886881.1285160943]]]]},"properties":{"height":6.0,"min_height":0.0},"id":""},{"type":"Feature","geometry":{"type":"MultiPolygon","coordinates":[[[[729428.9004230637,2886856.462179342],[729431.5399584278,2886844.1174074314],[729460.3565563795,2886850.2996364315],[729457.7069881279,2886862.644228285],[729428.9004230637,2886856.462179342]]]]},"properties":{"height":6.0,"min_height":0.0},"id":""},{"type":"Feature","geometry":{"type":"MultiPolygon","coordinates":[[[[729419.4648466434,2886870.516033215],[729387.1428321954,2886861.0579801016],[729391.2853566901,2886846.910905017],[729423.6072101202,2886856.380045853],[729419.4648466434,2886870.516033215]]]]},"properties":{"height":6.0,"min_height":0.0},"id":""},{"type":"Feature","geometry":{"type":"MultiPolygon","coordinates":[[[[729395.2363306356,2886833.9796330407],[729398.681394821,2886819.6540272115],[729432.4483232975,2886827.7742860815],[729429.0032223891,2886842.099885704],[729395.2363306356,2886833.9796330407]]]]},"properties":{"height":6.0,"min_height":0.0},"id":""},{"type":"Feature","geometry":{"type":"MultiPolygon","coordinates":[[[[729460.6700757907,2886793.857322679],[729463.2399824217,2886772.9660148993],[729460.1038296398,2886772.5893595098],[729457.9195398677,2886790.3397693164],[729423.4534774071,2886786.108501781],[729427.1797466353,2886755.8166554933],[729452.2478177904,2886758.8959811833],[729451.4767920217,2886765.166697679],[729502.6515361979,2886771.4546259986],[729500.466992685,2886789.216112911],[729479.583786141,2886786.6426539836],[729479.0697601787,2886790.8231312716],[729487.4191555232,2886791.845792138],[729486.7767175398,2886797.065848621],[729460.6700757907,2886793.857322679]]]]},"properties":{"height":6.0,"min_height":0.0},"id":""},{"type":"Feature","geometry":{"type":"MultiPolygon","coordinates":[[[[729367.4901910773,2886764.718558476],[729369.8524742879,2886754.474745561],[729399.5883182466,2886761.326924134],[729397.2258167578,2886771.5818133503],[729367.4901910773,2886764.718558476]]]]},"properties":{"height":6.0,"min_height":0.0},"id":""},{"type":"Feature","geometry":{"type":"MultiPolygon","coordinates":[[[[729358.9066827653,2886788.363519332],[729361.2093124065,2886778.096488515],[729392.015134711,2886785.0007419777],[729389.7124809579,2886795.267769136],[729358.9066827653,2886788.363519332]]]]},"properties":{"height":6.0,"min_height":0.0},"id":""},{"type":"Feature","geometry":{"type":"MultiPolygon","coordinates":[[[[729365.245815715,2886833.074755409],[729357.0006438139,2886828.407564786],[729361.6697264828,2886820.166126064],[729358.0031085518,2886818.084393973],[729363.1886723771,2886808.9321253663],[729385.1693394914,2886821.36679037],[729377.4007885794,2886835.106438287],[729367.3221198225,2886829.4094521236],[729365.245815715,2886833.074755409]]]]},"properties":{"height":6.0,"min_height":0.0},"id":""},{"type":"Feature","geometry":{"type":"MultiPolygon","coordinates":[[[[729322.8459229092,2886821.278185451],[729327.9579911549,2886822.5540958513],[729320.2926949762,2886853.175615763],[729295.7887191053,2886847.0585217746],[729310.086711235,2886789.887066825],[729329.4887203923,2886794.728443734],[729322.8459229092,2886821.278185451]]]]},"properties":{"height":6.0,"min_height":0.0},"id":""},{"type":"Feature","geometry":{"type":"MultiPolygon","coordinates":[[[[729336.031814922,2886778.961102113],[729317.9343734055,2886773.3557584565],[729322.9116254522,2886757.2726812065],[729341.0092835741,2886762.866950205],[729336.031814922,2886778.961102113]]]]},"properties":{"height":6.0,"min_height":0.0},"id":""},{"type":"Feature","geometry":{"type":"MultiPolygon","coordinates":[[[[729241.8812957567,2886773.114569254],[729244.4942620103,2886765.1140000587],[729275.5035597031,2886775.2468200885],[729272.8905752166,2886783.2473844183],[729241.8812957567,2886773.114569254]]]]},"properties":{"height":6.0,"min_height":0.0},"id":""},{"type":"Feature","geometry":{"type":"MultiPolygon","coordinates":[[[[729217.6117619192,2886765.0400038105],[729211.4721889857,2886763.5687279454],[729212.216778942,2886760.5006439867],[729218.356353305,2886761.971920096],[729217.6117619192,2886765.0400038105]]]]},"properties":{"height":6.0,"min_height":0.0},"id":""},{"type":"Feature","geometry":{"type":"MultiPolygon","coordinates":[[[[729232.7531876324,2886791.3191444166],[729247.8660643192,2886795.8965116413],[729246.6442406744,2886799.9204523494],[729231.5313685038,2886795.3430862073],[729232.7531876324,2886791.3191444166]]]]},"properties":{"height":6.0,"min_height":0.0},"id":""},{"type":"Feature","geometry":{"type":"MultiPolygon","coordinates":[[[[729229.0913761136,2886781.5678249667],[729242.5722981306,2886783.899791026],[729241.5019819282,2886790.1209108746],[729228.0210663708,2886787.788945446],[729229.0913761136,2886781.5678249667]]]]},"properties":{"height":6.0,"min_height":0.0},"id":""},{"type":"Feature","geometry":{"type":"MultiPolygon","coordinates":[[[[729206.9816453183,2886788.405196827],[729198.9835512805,2886783.343458698],[729201.2281560585,2886779.7808442093],[729209.2362574338,2886784.8427596334],[729206.9816453183,2886788.405196827]]]]},"properties":{"height":6.0,"min_height":0.0},"id":""},{"type":"Feature","geometry":{"type":"MultiPolygon","coordinates":[[[[729249.9752127873,2886778.987108786],[729253.6509584308,2886779.9827953842],[729259.1972564128,2886781.6099031838],[729256.7641915309,2886789.6247192933],[729251.6157870947,2886788.1376146493],[729247.6522166452,2886787.003862933],[729249.9752127873,2886778.987108786]]]]},"properties":{"height":6.0,"min_height":0.0},"id":""},{"type":"Feature","geometry":{"type":"MultiPolygon","coordinates":[[[[729264.2216649046,2886810.0496574687],[729251.3304720367,2886805.489196913],[729257.9979033901,2886786.6317445594],[729270.8989246401,2886791.203466454],[729264.2216649046,2886810.0496574687]]]]},"properties":{"height":6.0,"min_height":0.0},"id":""},{"type":"Feature","geometry":{"type":"MultiPolygon","coordinates":[[[[729293.4289149857,2886833.8499053665],[729288.3013924132,2886847.6693306514],[729249.8287563698,2886833.3818542347],[729254.9562407695,2886819.562416648],[729277.6479300422,2886827.997213843],[729278.3834298621,2886826.0151456757],[729289.2320029906,2886830.052015886],[729288.4966966338,2886832.023003586],[729293.4289149857,2886833.8499053665]]]]},"properties":{"height":6.0,"min_height":0.0},"id":""},{"type":"Feature","geometry":{"type":"MultiPolygon","coordinates":[[[[729239.3835956153,2886884.9131953963],[729241.9931232659,2886872.556790146],[729277.0039300229,2886879.9448681334],[729274.3943692866,2886892.3012688193],[729239.3835956153,2886884.9131953963]]]]},"properties":{"height":6.0,"min_height":0.0},"id":""},{"type":"Feature","geometry":{"type":"MultiPolygon","coordinates":[[[[729277.43628756,2886892.3437212566],[729280.3969979843,2886883.3517719945],[729286.3974640872,2886885.3304745955],[729283.4267440356,2886894.3222466893],[729277.43628756,2886892.3437212566]]]]},"properties":{"height":6.0,"min_height":0.0},"id":""},{"type":"Feature","geometry":{"type":"MultiPolygon","coordinates":[[[[729284.3792442062,2886968.154478914],[729272.838572963,2886965.3467621068],[729275.5236107502,2886954.3881985303],[729287.0744922189,2886957.1850131396],[729284.3792442062,2886968.154478914]]]]},"properties":{"height":6.0,"min_height":0.0},"id":""},{"type":"Feature","geometry":{"type":"MultiPolygon","coordinates":[[[[729199.5742955949,2886940.9154092963],[729211.8576859486,2886944.74471508],[729209.9520492575,2886951.228223979],[729197.468552382,2886947.3953988254],[729199.5742955949,2886940.9154092963]]]]},"properties":{"height":6.0,"min_height":0.0},"id":""},{"type":"Feature","geometry":{"type":"MultiPolygon","coordinates":[[[[729223.2024996692,2886858.5714058843],[729241.3114049532,2886865.7950040116],[729234.3331407395,2886883.5497350832],[729216.2205541749,2886876.5366643444],[729223.2024996692,2886858.5714058843]]]]},"properties":{"height":6.0,"min_height":0.0},"id":""},{"type":"Feature","geometry":{"type":"MultiPolygon","coordinates":[[[[729215.2750090585,2886856.326077936],[729213.575782478,2886861.316959929],[729195.6472848848,2886855.215999129],[729193.2726148744,2886862.1900112275],[729188.2880295864,2886860.495226982],[729192.3619152885,2886848.5303298025],[729215.2750090585,2886856.326077936]]]]},"properties":{"height":6.0,"min_height":0.0},"id":""},{"type":"Feature","geometry":{"type":"MultiPolygon","coordinates":[[[[729188.8857156248,2886847.5714196987],[729183.3409962716,2886861.217285428],[729177.4876039319,2886858.842217746],[729183.0423233729,2886845.1965259626],[729188.8857156248,2886847.5714196987]]]]},"properties":{"height":6.0,"min_height":0.0},"id":""},{"type":"Feature","geometry":{"type":"MultiPolygon","coordinates":[[[[729172.9320218916,2886849.828863204],[729171.5325281447,2886855.9887782317],[729165.381820801,2886854.583824916],[729166.7811167601,2886848.4349894063],[729172.9320218916,2886849.828863204]]]]},"properties":{"height":6.0,"min_height":0.0},"id":""},{"type":"Feature","geometry":{"type":"MultiPolygon","coordinates":[[[[729167.8285563069,2886877.0818202244],[729150.125128943,2886871.273049156],[729151.8054876102,2886866.2153289355],[729169.5091164516,2886872.013021834],[729167.8285563069,2886877.0818202244]]]]},"properties":{"height":6.0,"min_height":0.0},"id":""},{"type":"Feature","geometry":{"type":"MultiPolygon","coordinates":[[[[729167.4545175071,2886882.982689421],[729177.5802552631,2886886.5745006087],[729174.5916803795,2886894.878806049],[729164.4759543731,2886891.2871727385],[729167.4545175071,2886882.982689421]]]]},"properties":{"height":6.0,"min_height":0.0},"id":""},{"type":"Feature","geometry":{"type":"MultiPolygon","coordinates":[[[[729172.3909565347,2886902.7758023897],[729176.1583460412,2886892.301768572],[729186.8012500693,2886896.080020028],[729183.0436632265,2886906.5653073573],[729172.3909565347,2886902.7758023897]],[[729178.7827504273,2886904.129585456],[729179.8033931905,2886901.299108104],[729177.6946687868,2886900.5526741934],[729176.6740264554,2886903.3831516793],[729178.7827504273,2886904.129585456]]]]},"properties":{"height":6.0,"min_height":0.0},"id":""},{"type":"Feature","geometry":{"type":"MultiPolygon","coordinates":[[[[729179.8425664325,2886912.726777665],[729173.8929731955,2886930.0452097603],[729171.5450927158,2886929.239152263],[729165.4476408554,2886946.998321605],[729152.9615311867,2886942.7443256574],[729166.9695805764,2886902.015429728],[729179.4559222534,2886906.25835638],[729177.5044937184,2886911.9319753004],[729179.8425664325,2886912.726777665]],[[729167.9785306732,2886908.383963181],[729174.1371384028,2886910.4762296183],[729175.1395227207,2886907.545680263],[729168.9909193261,2886905.4535894627],[729167.9785306732,2886908.383963181]],[[729166.7586975496,2886932.7792226966],[729168.1615638888,2886928.703044973],[729161.6348998238,2886926.482388844],[729160.2420410574,2886930.558743132],[729166.7586975496,2886932.7792226966]]]]},"properties":{"height":6.0,"min_height":0.0},"id":""},{"type":"Feature","geometry":{"type":"MultiPolygon","coordinates":[[[[729173.3329813137,2886895.3110827343],[729170.6707635674,2886902.7012081477],[729166.8413908203,2886901.3370876936],[729160.5275157413,2886918.881867633],[729155.2955373371,2886917.02757494],[729164.2618079162,2886892.0814100793],[729173.3329813137,2886895.3110827343]],[[729161.6594392778,2886904.6042009643],[729160.0702346694,2886909.0317700966],[729162.5668398354,2886909.9180250545],[729164.1558503372,2886905.5015361337],[729161.6594392778,2886904.6042009643]]]]},"properties":{"height":6.0,"min_height":0.0},"id":""},{"type":"Feature","geometry":{"type":"MultiPolygon","coordinates":[[[[729135.1881135381,2886923.279596625],[729143.3696126635,2886898.563452708],[729158.7545502409,2886903.5999304415],[729150.5630175669,2886928.3158907695],[729135.1881135381,2886923.279596625]],[[729143.9727630145,2886905.8115168684],[729146.351250743,2886906.584857033],[729147.6723131712,2886902.6069892235],[729145.293824748,2886901.83364887],[729143.9727630145,2886905.8115168684]],[[729155.0388814514,2886904.875661221],[729152.133212518,2886903.9157120646],[729150.7590022065,2886908.0699789636],[729153.6648651522,2886909.018847914],[729155.0388814514,2886904.875661221]]]]},"properties":{"height":6.0,"min_height":0.0},"id":""},{"type":"Feature","geometry":{"type":"MultiPolygon","coordinates":[[[[729148.7688126505,2886959.761167875],[729126.9974982094,2886953.637029743],[729133.6117920714,2886930.3895755103],[729152.0466560696,2886935.579443956],[729148.1629365479,2886949.2545368834],[729151.4894158477,2886950.1886380743],[729148.7688126505,2886959.761167875]]]]},"properties":{"height":6.0,"min_height":0.0},"id":""},{"type":"Feature","geometry":{"type":"MultiPolygon","coordinates":[[[[729108.7756305521,2886962.5157634937],[729112.385661053,2886952.4490346326],[729127.076841387,2886957.661696494],[729123.466800184,2886967.7284220797],[729108.7756305521,2886962.5157634937]]]]},"properties":{"height":6.0,"min_height":0.0},"id":""},{"type":"Feature","geometry":{"type":"MultiPolygon","coordinates":[[[[729121.0652718868,2886952.9009395572],[729113.4361756914,2886950.1954152416],[729117.9199400542,2886937.683541268],[729125.5588539059,2886940.400323641],[729121.0652718868,2886952.9009395572]]]]},"properties":{"height":6.0,"min_height":0.0},"id":""},{"type":"Feature","geometry":{"type":"MultiPolygon","coordinates":[[[[729116.1388583077,2886918.876952876],[729124.9967356088,2886892.1222689203],[729141.9337987928,2886897.684776711],[729133.0760831197,2886924.4283716558],[729116.1388583077,2886918.876952876]],[[729133.3920356241,2886901.9124769587],[729136.5466780341,2886902.9433012577],[729138.2695846555,2886897.7422441975],[729135.1149410385,2886896.7114195703],[729133.3920356241,2886901.9124769587]]]]},"properties":{"height":6.0,"min_height":0.0},"id":""},{"type":"Feature","geometry":{"type":"MultiPolygon","coordinates":[[[[729113.8344839247,2886899.662160488],[729116.566911099,2886893.9690198586],[729120.3682890806,2886895.7870515315],[729117.6358604713,2886901.4801914706],[729113.8344839247,2886899.662160488]]]]},"properties":{"height":6.0,"min_height":0.0},"id":""},{"type":"Feature","geometry":{"type":"MultiPolygon","coordinates":[[[[729124.38055664,2886879.3544491767],[729111.7381764543,2886874.876083943],[729115.3796072508,2886864.7323232],[729128.011796168,2886869.2215952626],[729124.38055664,2886879.3544491767]]]]},"properties":{"height":6.0,"min_height":0.0},"id":""},{"type":"Feature","geometry":{"type":"MultiPolygon","coordinates":[[[[729142.893495928,2886897.1807375522],[729150.9687277211,2886872.817395878],[729167.7867153328,2886878.3224243056],[729159.7112585639,2886902.696837752],[729142.893495928,2886897.1807375522]],[[729152.92498097,2886879.9562605047],[729162.5380305783,2886883.1067889803],[729163.817127954,2886879.239018012],[729154.2040756191,2886876.0884887944],[729152.92498097,2886879.9562605047]]]]},"properties":{"height":6.0,"min_height":0.0},"id":""},{"type":"Feature","geometry":{"type":"MultiPolygon","coordinates":[[[[729149.7868885413,2886872.8631081497],[729141.891109782,2886896.697603953],[729125.5808941964,2886891.34562225],[729133.4766444276,2886867.5111186793],[729149.7868885413,2886872.8631081497]]]]},"properties":{"height":6.0,"min_height":0.0},"id":""},{"type":"Feature","geometry":{"type":"MultiPolygon","coordinates":[[[[729150.8677482067,2886866.6089199614],[729149.3882168361,2886871.060586147],[729133.7248317442,2886865.919475564],[729135.1943523153,2886861.467631996],[729150.8677482067,2886866.6089199614]]]]},"properties":{"height":6.0,"min_height":0.0},"id":""},{"type":"Feature","geometry":{"type":"MultiPolygon","coordinates":[[[[729143.6255365745,2886849.3022773745],[729147.1110566783,2886836.074597777],[729162.3739205042,2886840.089253449],[729158.8883851786,2886853.316930091],[729143.6255365745,2886849.3022773745]]]]},"properties":{"height":6.0,"min_height":0.0},"id":""},{"type":"Feature","geometry":{"type":"MultiPolygon","coordinates":[[[[729128.6151876875,2886868.4896204723],[729115.7640423703,2886863.9299967745],[729117.6901754314,2886858.555177444],[729130.5411308738,2886863.1258826326],[729128.6151876875,2886868.4896204723]]]]},"properties":{"height":6.0,"min_height":0.0},"id":""},{"type":"Feature","geometry":{"type":"MultiPolygon","coordinates":[[[[729134.4384330194,2886833.313607522],[729140.5781725275,2886834.7737690522],[729138.1562414656,2886845.005474324],[729132.0063061586,2886843.556217564],[729134.4384330194,2886833.313607522]]]]},"properties":{"height":6.0,"min_height":0.0},"id":""},{"type":"Feature","geometry":{"type":"MultiPolygon","coordinates":[[[[729119.4018458866,2886789.114597012],[729129.3400934194,2886792.558981101],[729127.2733513037,2886798.529829646],[729117.3252972106,2886795.074190886],[729119.4018458866,2886789.114597012]]]]},"properties":{"height":6.0,"min_height":0.0},"id":""},{"type":"Feature","geometry":{"type":"MultiPolygon","coordinates":[[[[729174.0790352306,2886843.797507542],[729166.8139861939,2886842.583535977],[729167.4974230094,2886838.4392856425],[729174.7724800701,2886839.65343343],[729174.0790352306,2886843.797507542]]]]},"properties":{"height":6.0,"min_height":0.0},"id":""},{"type":"Feature","geometry":{"type":"MultiPolygon","coordinates":[[[[729221.0757051017,2886791.1580138514],[729218.6429239393,2886799.7270096904],[729180.4367327536,2886790.7644752027],[729221.0757051017,2886791.1580138514]]]]},"properties":{"height":6.0,"min_height":0.0},"id":""},{"type":"Feature","geometry":{"type":"MultiPolygon","coordinates":[[[[729174.7936795156,2886780.4130691295],[729169.5200602384,2886776.939868178],[729171.8439238417,2886773.4229770666],[729177.1075383585,2886776.896002873],[729174.7936795156,2886780.4130691295]]]]},"properties":{"height":6.0,"min_height":0.0},"id":""},{"type":"Feature","geometry":{"type":"MultiPolygon","coordinates":[[[[729180.926805424,2886766.888383667],[729196.9501176383,2886772.0580398124],[729195.0028256356,2886778.0642321985],[729178.979520502,2886772.8945779223],[729180.926805424,2886766.888383667]]]]},"properties":{"height":6.0,"min_height":0.0},"id":""},{"type":"Feature","geometry":{"type":"MultiPolygon","coordinates":[[[[729156.2970911658,2886759.372853693],[729154.3586765478,2886773.97991815],[729148.1077428043,2886773.1495502326],[729150.0359497112,2886758.5533893397],[729156.2970911658,2886759.372853693]]]]},"properties":{"height":6.0,"min_height":0.0},"id":""},{"type":"Feature","geometry":{"type":"MultiPolygon","coordinates":[[[[729099.5567363885,2886756.535114174],[729074.3472190507,2886748.97629902],[729075.857070266,2886743.9377398784],[729101.0667918905,2886751.485477292],[729099.5567363885,2886756.535114174]]]]},"properties":{"height":6.0,"min_height":0.0},"id":""},{"type":"Feature","geometry":{"type":"MultiPolygon","coordinates":[[[[729084.0643228502,2886758.1690332927],[729084.0549711607,2886758.700871359],[729082.9554509121,2886759.7566261385],[729082.9648025605,2886759.2247880735],[729082.4440437304,2886758.6725453665],[729081.9037326712,2886758.663044768],[729081.3827789503,2886758.121882067],[729080.8331163139,2886758.6442195736],[729080.8424678715,2886758.112381514],[729080.3115083252,2886757.5710429256],[729080.3208598576,2886757.0392048685],[729079.7999060072,2886756.498042242],[729079.8188038436,2886755.423286172],[729083.030653706,2886755.4797617104],[729084.0923779085,2886756.573519095],[729084.083026224,2886757.10535716],[729084.6039798877,2886757.646519973],[729084.0643228502,2886758.1690332927]]]]},"properties":{"height":6.0,"min_height":0.0},"id":""},{"type":"Feature","geometry":{"type":"MultiPolygon","coordinates":[[[[729076.1152429287,2886762.839450423],[729081.7084197373,2886765.786227269],[729078.7676203623,2886771.3759608883],[729073.1744455363,2886768.429185156],[729076.1152429287,2886762.839450423]]]]},"properties":{"height":6.0,"min_height":0.0},"id":""},{"type":"Feature","geometry":{"type":"MultiPolygon","coordinates":[[[[729109.7779027235,2886759.829288164],[729120.1787693228,2886761.441955911],[729117.4458000759,2886779.116230646],[729109.1308879216,2886777.839498206],[729108.1705044818,2886784.0736398213],[729106.0841755318,2886783.759865651],[729109.7779027235,2886759.829288164]]]]},"properties":{"height":6.0,"min_height":0.0},"id":""},{"type":"Feature","geometry":{"type":"MultiPolygon","coordinates":[[[[729083.4954344245,2886808.167267002],[729088.3458844991,2886810.0924004973],[729086.4773168146,2886814.4707308062],[729081.6268682311,2886812.545597897],[729083.4954344245,2886808.167267002]]]]},"properties":{"height":6.0,"min_height":0.0},"id":""},{"type":"Feature","geometry":{"type":"MultiPolygon","coordinates":[[[[729074.040151958,2886807.4246725063],[729077.992231562,2886809.2120884676],[729073.4371131739,2886818.9518734296],[729069.5831451218,2886817.2770175603],[729074.040151958,2886807.4246725063]]]]},"properties":{"height":6.0,"min_height":0.0},"id":""},{"type":"Feature","geometry":{"type":"MultiPolygon","coordinates":[[[[729039.959585268,2886809.1640623887],[729048.5247601299,2886786.527210717],[729059.352435562,2886790.6189297936],[729050.7872431753,2886813.2557756505],[729039.959585268,2886809.1640623887]]]]},"properties":{"height":6.0,"min_height":0.0},"id":""},{"type":"Feature","geometry":{"type":"MultiPolygon","coordinates":[[[[729070.6303115833,2886767.3980307924],[729067.1488076625,2886765.031472913],[729069.5020766059,2886761.5483331415],[729072.993781729,2886763.9039875725],[729070.6303115833,2886767.3980307924]]]]},"properties":{"height":6.0,"min_height":0.0},"id":""},{"type":"Feature","geometry":{"type":"MultiPolygon","coordinates":[[[[729027.1862401979,2886750.6409181682],[729034.1119510108,2886753.511347776],[729030.2629033109,2886762.942140463],[729023.437254628,2886760.0734714796],[729027.1862401979,2886750.6409181682]]]]},"properties":{"height":6.0,"min_height":0.0},"id":""},{"type":"Feature","geometry":{"type":"MultiPolygon","coordinates":[[[[729008.4468235293,2886779.2723771096],[728987.0534458356,2886770.417556198],[728990.2729022136,2886762.638194416],[729011.666291537,2886771.4930197494],[729008.4468235293,2886779.2723771096]]]]},"properties":{"height":6.0,"min_height":0.0},"id":""},{"type":"Feature","geometry":{"type":"MultiPolygon","coordinates":[[[[728957.5516781688,2886746.8234677063],[728981.5745112086,2886757.553206567],[728977.282135069,2886767.153553495],[728953.2591230466,2886756.4349013297],[728957.5516781688,2886746.8234677063]]]]},"properties":{"height":6.0,"min_height":0.0},"id":""},{"type":"Feature","geometry":{"type":"MultiPolygon","coordinates":[[[[728999.871346303,2886803.6380750774],[728943.0195667127,2886778.6766258334],[728947.2524634112,2886769.0419747587],[729004.1042805829,2886794.003439673],[728999.871346303,2886803.6380750774]]]]},"properties":{"height":6.0,"min_height":0.0},"id":""},{"type":"Feature","geometry":{"type":"MultiPolygon","coordinates":[[[[728987.9099616933,2886842.408072509],[728962.3489050106,2886832.648775783],[728969.1057061537,2886814.945456471],[728994.6667951234,2886824.7047640537],[728987.9099616933,2886842.408072509]]]]},"properties":{"height":6.0,"min_height":0.0},"id":""},{"type":"Feature","geometry":{"type":"MultiPolygon","coordinates":[[[[729042.19885921,2886833.7974579213],[729018.9113266541,2886898.5361798056],[729009.4720605897,2886895.1782297874],[729026.6982441903,2886847.2905111457],[729034.858285563,2886831.185727371],[729042.19885921,2886833.7974579213]]]]},"properties":{"height":6.0,"min_height":0.0},"id":""},{"type":"Feature","geometry":{"type":"MultiPolygon","coordinates":[[[[728952.5514411444,2886843.40479927],[728983.4973646062,2886853.7242270415],[728980.1691346577,2886863.7072696243],[728949.2232338255,2886853.3878480797],[728952.5514411444,2886843.40479927]]]]},"properties":{"height":6.0,"min_height":0.0},"id":""},{"type":"Feature","geometry":{"type":"MultiPolygon","coordinates":[[[[728939.5153928322,2886878.4097592463],[728943.9172794368,2886866.561403419],[728974.4946468746,2886877.9161752486],[728970.1027399172,2886889.7646985357],[728939.5153928322,2886878.4097592463]]]]},"properties":{"height":6.0,"min_height":0.0},"id":""},{"type":"Feature","geometry":{"type":"MultiPolygon","coordinates":[[[[728966.8985632181,2886900.0935083167],[728963.3912265208,2886910.017988743],[728931.6407384895,2886898.7867050143],[728935.1580579958,2886888.862393567],[728966.8985632181,2886900.0935083167]]]]},"properties":{"height":6.0,"min_height":0.0},"id":""},{"type":"Feature","geometry":{"type":"MultiPolygon","coordinates":[[[[728991.9360182346,2886962.977352348],[728979.3951809417,2886958.9885651437],[728986.8179041016,2886944.9655597256],[728998.2923384864,2886950.9749494293],[728991.9360182346,2886962.977352348]]]]},"properties":{"height":6.0,"min_height":0.0},"id":""},{"type":"Feature","geometry":{"type":"MultiPolygon","coordinates":[[[[729004.5540012495,2886964.2853299025],[728998.7804318783,2886963.064415675],[729000.1435146407,2886956.6932653915],[729005.9170868243,2886957.914180015],[729004.5540012495,2886964.2853299025]]]]},"properties":{"height":6.0,"min_height":0.0},"id":""},{"type":"Feature","geometry":{"type":"MultiPolygon","coordinates":[[[[729004.675670819,2886936.8671809826],[728998.9448954933,2886949.7229148815],[728987.6130216606,2886944.713534839],[728993.3435922635,2886931.868876655],[729004.675670819,2886936.8671809826]]]]},"properties":{"height":6.0,"min_height":0.0},"id":""},{"type":"Feature","geometry":{"type":"MultiPolygon","coordinates":[[[[729011.3570927775,2886921.744983696],[729005.0322228386,2886935.942444676],[728993.7399712799,2886930.955923566],[729000.0646354872,2886916.7695378778],[729011.3570927775,2886921.744983696]]]]},"properties":{"height":6.0,"min_height":0.0},"id":""},{"type":"Feature","geometry":{"type":"MultiPolygon","coordinates":[[[[729011.9897129334,2886921.0578516293],[729000.6179892041,2886916.036678396],[729006.4946996116,2886902.8510082373],[729017.8766340183,2886907.8612817745],[729011.9897129334,2886921.0578516293]]]]},"properties":{"height":6.0,"min_height":0.0},"id":""},{"type":"Feature","geometry":{"type":"MultiPolygon","coordinates":[[[[729020.3542063839,2886919.5091388845],[729017.1372498949,2886934.548152808],[729013.7866583595,2886933.8464142554],[729017.0138114085,2886918.796495726],[729020.3542063839,2886919.5091388845]]]]},"properties":{"height":6.0,"min_height":0.0},"id":""},{"type":"Feature","geometry":{"type":"MultiPolygon","coordinates":[[[[729011.1370863596,2886936.5374317155],[729014.9084976284,2886937.2133173575],[729014.138177718,2886941.1787098525],[729010.1684082719,2886940.399586883],[729011.1370863596,2886936.5374317155]]]]},"properties":{"height":6.0,"min_height":0.0},"id":""},{"type":"Feature","geometry":{"type":"MultiPolygon","coordinates":[[[[729007.7573769668,2886950.587164798],[729004.1177953391,2886949.8138478748],[729005.9061598325,2886941.4551651226],[729009.5557494009,2886942.2286582664],[729007.7573769668,2886950.587164798]]]]},"properties":{"height":6.0,"min_height":0.0},"id":""},{"type":"Feature","geometry":{"type":"MultiPolygon","coordinates":[[[[729005.3888949999,2886965.186677181],[729010.3177343862,2886942.1533863824],[729030.9190151624,2886946.516661455],[729025.9801339058,2886969.549771235],[729005.3888949999,2886965.186677181]],[[729009.7956504519,2886949.6476585204],[729013.9039373065,2886950.5178837962],[729014.438817343,2886947.9891921175],[729010.3405353026,2886947.119142624],[729009.7956504519,2886949.6476585204]],[[729029.1301373283,2886950.9185650493],[729024.5433350141,2886949.940171878],[729023.9980578328,2886952.490847301],[729028.5848592528,2886953.469240347],[729029.1301373283,2886950.9185650493]]]]},"properties":{"height":6.0,"min_height":0.0},"id":""},{"type":"Feature","geometry":{"type":"MultiPolygon","coordinates":[[[[729042.4300754064,2886945.8877881244],[729033.682937145,2886943.5838237302],[729036.4161177796,2886933.291078689],[729045.1634576353,2886935.5839644563],[729042.4300754064,2886945.8877881244]]]]},"properties":{"height":6.0,"min_height":0.0},"id":""},{"type":"Feature","geometry":{"type":"MultiPolygon","coordinates":[[[[729049.0503942759,2886943.920510674],[729044.9662792357,2886943.383200872],[729045.8216318235,2886936.859042392],[729049.9059437341,2886937.3852723483],[729049.0503942759,2886943.920510674]]]]},"properties":{"height":6.0,"min_height":0.0},"id":""},{"type":"Feature","geometry":{"type":"MultiPolygon","coordinates":[[[[729033.5564772586,2886966.147371423],[729037.4032903333,2886945.4558240566],[729047.8485834898,2886947.3795631556],[729044.0017537989,2886968.0711086644],[729033.5564772586,2886966.147371423]],[[729036.3612150624,2886964.877759845],[729041.8881481759,2886965.8948538015],[729042.3743690822,2886963.287723558],[729036.847434861,2886962.2706294768],[729036.3612150624,2886964.877759845]]]]},"properties":{"height":6.0,"min_height":0.0},"id":""},{"type":"Feature","geometry":{"type":"MultiPolygon","coordinates":[[[[729059.6441335548,2886959.601352006],[729047.8998599949,2886955.848171341],[729051.3930176008,2886945.0257046986],[729063.1374953492,2886948.767807857],[729059.6441335548,2886959.601352006]]]]},"properties":{"height":6.0,"min_height":0.0},"id":""},{"type":"Feature","geometry":{"type":"MultiPolygon","coordinates":[[[[729068.590960491,2886942.5794191873],[729066.9716494856,2886947.58280332],[729064.3840223263,2886946.7503829733],[729066.0031375528,2886941.758078551],[729068.590960491,2886942.5794191873]]]]},"properties":{"height":6.0,"min_height":0.0},"id":""},{"type":"Feature","geometry":{"type":"MultiPolygon","coordinates":[[[[729059.427986359,2886945.7100680945],[729049.8024986007,2886943.268731302],[729052.5427055928,2886932.5771101294],[729062.1683959492,2886935.0073684095],[729059.427986359,2886945.7100680945]]]]},"properties":{"height":6.0,"min_height":0.0},"id":""},{"type":"Feature","geometry":{"type":"MultiPolygon","coordinates":[[[[729064.1964063725,2886933.513520275],[729055.857474606,2886930.762300314],[729058.7419430999,2886922.1125594676],[729067.0808801545,2886924.8637808813],[729064.1964063725,2886933.513520275]]]]},"properties":{"height":6.0,"min_height":0.0},"id":""},{"type":"Feature","geometry":{"type":"MultiPolygon","coordinates":[[[[729032.0229489682,2886910.4818213726],[729041.2717054865,2886882.5480459332],[729073.7134595662,2886893.171086401],[729063.8515795664,2886922.9560730807],[729034.1566483789,2886913.223679358],[729034.7695065191,2886911.3835288826],[729032.0229489682,2886910.4818213726]],[[729064.5473252721,2886918.6790360585],[729060.3281189315,2886917.2859260496],[729059.2394824501,2886920.5696336236],[729063.4688882304,2886921.951839327],[729064.5473252721,2886918.6790360585]]]]},"properties":{"height":6.0,"min_height":0.0},"id":""},{"type":"Feature","geometry":{"type":"MultiPolygon","coordinates":[[[[729041.2695538851,2886932.76682308],[729037.5202960329,2886931.96940208],[729039.5704416938,2886922.385068743],[729036.8780765958,2886921.816814268],[729037.4451214399,2886919.166771387],[729043.8865536342,2886920.543527392],[729041.2695538851,2886932.76682308]]]]},"properties":{"height":6.0,"min_height":0.0},"id":""},{"type":"Feature","geometry":{"type":"MultiPolygon","coordinates":[[[[729031.9953872019,2886939.375718909],[729018.5139551804,2886936.511947155],[729023.4316491357,2886913.54496348],[729036.9131048226,2886916.408738573],[729031.9953872019,2886939.375718909]]]]},"properties":{"height":6.0,"min_height":0.0},"id":""},{"type":"Feature","geometry":{"type":"MultiPolygon","coordinates":[[[[729022.8668295837,2886895.003617533],[729042.3151210146,2886836.293263198],[729053.2319564153,2886839.8656295305],[729033.7834231465,2886898.587051017],[729022.8668295837,2886895.003617533]],[[729042.0956759362,2886869.838807553],[729033.3980526915,2886866.992632998],[729032.5737819741,2886869.4719030745],[729041.2712088346,2886872.3291571555],[729042.0956759362,2886869.838807553]],[[729030.518682641,2886883.323252556],[729029.5253622639,2886886.309386388],[729036.2027328769,2886888.4993719044],[729037.1960547193,2886885.513238474],[729030.518682641,2886883.323252556]]]]},"properties":{"height":6.0,"min_height":0.0},"id":""},{"type":"Feature","geometry":{"type":"MultiPolygon","coordinates":[[[[729052.9248342938,2886880.1039993414],[729041.9782115057,2886876.520022923],[729048.6373012672,2886856.409923654],[729059.583745399,2886860.0049844272],[729052.9248342938,2886880.1039993414]]]]},"properties":{"height":6.0,"min_height":0.0},"id":""},{"type":"Feature","geometry":{"type":"MultiPolygon","coordinates":[[[[729065.8416970758,2886843.356937794],[729061.8883877628,2886855.3018172155],[729050.4840160583,2886851.5657030274],[729054.4373153728,2886839.620820886],[729065.8416970758,2886843.356937794]]]]},"properties":{"height":6.0,"min_height":0.0},"id":""},{"type":"Feature","geometry":{"type":"MultiPolygon","coordinates":[[[[729073.4418332749,2886887.558116501],[729054.2455279299,2886881.2688087416],[729062.8491283396,2886855.3076262744],[729082.0454702588,2886861.596943997],[729073.4418332749,2886887.558116501]]]]},"properties":{"height":6.0,"min_height":0.0},"id":""},{"type":"Feature","geometry":{"type":"MultiPolygon","coordinates":[[[[729091.3506363044,2886893.0711427466],[729074.6323120907,2886887.5901330914],[729087.4216795798,2886848.9899201305],[729093.9797740595,2886851.133503245],[729086.5071144153,2886873.6787080797],[729096.6675695478,2886877.0050629755],[729091.3506363044,2886893.0711427466]]]]},"properties":{"height":6.0,"min_height":0.0},"id":""},{"type":"Feature","geometry":{"type":"MultiPolygon","coordinates":[[[[729065.4780209422,2886854.932681097],[729068.468603635,2886845.941222033],[729082.4488639161,2886850.609317627],[729079.4484611603,2886859.5895182653],[729065.4780209422,2886854.932681097]]]]},"properties":{"height":6.0,"min_height":0.0},"id":""},{"type":"Feature","geometry":{"type":"MultiPolygon","coordinates":[[[[729095.2654152438,2886867.3821913563],[729099.3912720885,2886868.962087416],[729101.9387823411,2886862.401187775],[729105.4281737087,2886863.748225129],[729102.14713985,2886872.180400618],[729099.8506376301,2886871.2976772403],[729097.9634934822,2886876.1633482347],[729087.962280439,2886872.318873392],[729092.8054634033,2886859.8576457547],[729097.4879390843,2886861.657913541],[729095.2654152438,2886867.3821913563]]]]},"properties":{"height":6.0,"min_height":0.0},"id":""},{"type":"Feature","geometry":{"type":"MultiPolygon","coordinates":[[[[729108.0648574373,2886874.312730559],[729102.9954787935,2886872.3172367252],[729108.3355121693,2886858.9226630423],[729113.3946950736,2886860.9290625923],[729108.0648574373,2886874.312730559]]]]},"properties":{"height":6.0,"min_height":0.0},"id":""},{"type":"Feature","geometry":{"type":"MultiPolygon","coordinates":[[[[729105.4331308794,2886878.8328045583],[729098.4258839043,2886895.4011587887],[729092.2460109413,2886892.8098034314],[729099.2530559511,2886876.2525263685],[729105.4331308794,2886878.8328045583]]]]},"properties":{"height":6.0,"min_height":0.0},"id":""},{"type":"Feature","geometry":{"type":"MultiPolygon","coordinates":[[[[729112.3470136243,2886898.30599367],[729103.2656306564,2886895.0872683907],[729110.169759942,2886875.8460058747],[729119.2509606915,2886879.0758149913],[729112.3470136243,2886898.30599367]]]]},"properties":{"height":6.0,"min_height":0.0},"id":""},{"type":"Feature","geometry":{"type":"MultiPolygon","coordinates":[[[[729113.1998012027,2886919.246431955],[729095.7035429579,2886913.042372824],[729100.829209471,2886898.746273252],[729118.3252909537,2886904.961417886],[729113.1998012027,2886919.246431955]]]]},"properties":{"height":6.0,"min_height":0.0},"id":""},{"type":"Feature","geometry":{"type":"MultiPolygon","coordinates":[[[[729116.3272245501,2886937.1900269627],[729101.4072516132,2886931.895772497],[729105.1116197254,2886921.5868662624],[729120.0215981568,2886926.8809481678],[729116.3272245501,2886937.1900269627]]]]},"properties":{"height":6.0,"min_height":0.0},"id":""},{"type":"Feature","geometry":{"type":"MultiPolygon","coordinates":[[[[729096.38205903,2886938.202514648],[729086.9328319702,2886934.844328855],[729092.7319672965,2886918.675894283],[729102.1912110456,2886922.0342594227],[729096.38205903,2886938.202514648]]]]},"properties":{"height":6.0,"min_height":0.0},"id":""},{"type":"Feature","geometry":{"type":"MultiPolygon","coordinates":[[[[729064.949388806,2886936.796359381],[729081.0154457863,2886893.4214028586],[729097.1356328118,2886899.335238523],[729080.2044921776,2886942.3846326466],[729064.949388806,2886936.796359381]],[[729091.3065159465,2886912.654713929],[729092.4728681965,2886909.505375594],[729089.7082502595,2886908.4925041446],[729088.5418986357,2886911.6418426814],[729091.3065159465,2886912.654713929]],[[729081.0753265492,2886908.229861439],[729079.9617329706,2886911.2249608543],[729086.5153145896,2886913.623381711],[729087.6189039355,2886910.628106802],[729081.0753265492,2886908.229861439]],[[729086.4482318533,2886918.576476535],[729085.7755274536,2886920.404489453],[729087.7942017022,2886921.1493248087],[729088.4769120043,2886919.3214879264],[729086.4482318533,2886918.576476535]],[[729085.7594588933,2886917.3341083927],[729086.6841840835,2886914.834440581],[729075.5362470787,2886910.748139836],[729074.6115238924,2886913.2478082897],[729085.7594588933,2886917.3341083927]],[[729077.7814067488,2886928.2107042987],[729073.3461721985,2886926.581039798],[729072.7474060004,2886928.188685593],[729077.1926456692,2886929.8185258717],[729077.7814067488,2886928.2107042987]],[[729081.2969018065,2886929.779863481],[729080.7503060509,2886931.2665091287],[729083.6938517387,2886932.3490258437],[729084.250453437,2886930.8625562442],[729081.2969018065,2886929.779863481]]]]},"properties":{"height":6.0,"min_height":0.0},"id":""},{"type":"Feature","geometry":{"type":"MultiPolygon","coordinates":[[[[729076.3486192893,2886950.4963689833],[729072.9846468096,2886949.4175440893],[729074.4454979538,2886944.887959762],[729077.8094715534,2886945.9667849503],[729076.3486192893,2886950.4963689833]]]]},"properties":{"height":6.0,"min_height":0.0},"id":""},{"type":"Feature","geometry":{"type":"MultiPolygon","coordinates":[[[[729080.6461734266,2886952.5558663877],[729085.4876316655,2886939.052769179],[729096.9561107021,2886943.122551333],[729092.1146412545,2886956.6256451122],[729080.6461734266,2886952.5558663877]],[[729090.6541231314,2886952.598857502],[729085.1039202136,2886950.6281624776],[729084.2511848221,2886953.018262327],[729089.791381172,2886954.988781105],[729090.6541231314,2886952.598857502]]]]},"properties":{"height":6.0,"min_height":0.0},"id":""},{"type":"Feature","geometry":{"type":"MultiPolygon","coordinates":[[[[729104.7792508891,2886965.5266620973],[729093.509737123,2886961.5268702395],[729097.0252235131,2886951.7133935187],[729108.3047508975,2886955.7133637904],[729104.7792508891,2886965.5266620973]]]]},"properties":{"height":6.0,"min_height":0.0},"id":""},{"type":"Feature","geometry":{"type":"MultiPolygon","coordinates":[[[[729111.253925064,2886953.0608838224],[729098.5023333684,2886948.5362705765],[729102.6493405205,2886936.9605585313],[729115.4009429036,2886941.4851750424],[729111.253925064,2886953.0608838224]]]]},"properties":{"height":6.0,"min_height":0.0},"id":""},{"type":"Feature","geometry":{"type":"MultiPolygon","coordinates":[[[[729098.4911217524,2886990.719455094],[729106.223175474,2886965.37472188],[729123.5463998966,2886970.6004205616],[729115.8143135711,2886995.945145911],[729098.4911217524,2886990.719455094]],[[729102.3792444385,2886986.465311687],[729114.545271791,2886990.1372959753],[729116.1278885478,2886984.944853244],[729103.9618565066,2886981.272867826],[729102.3792444385,2886986.465311687]]]]},"properties":{"height":6.0,"min_height":0.0},"id":""},{"type":"Feature","geometry":{"type":"MultiPolygon","coordinates":[[[[729098.308547226,2886989.7187391454],[729091.5686712166,2886987.671700751],[729097.6229840118,2886967.8059041123],[729104.3730704179,2886969.842040905],[729098.308547226,2886989.7187391454]],[[729096.0808226117,2886979.8042612392],[729095.3583539819,2886982.185567978],[729098.1458893733,2886983.032594372],[729098.8783640866,2886980.651463714],[729096.0808226117,2886979.8042612392]]]]},"properties":{"height":6.0,"min_height":0.0},"id":""},{"type":"Feature","geometry":{"type":"MultiPolygon","coordinates":[[[[729080.6342297355,2886983.400726335],[729086.9320998818,2886962.7744552954],[729097.3855683388,2886965.9397194],[729091.0978826191,2886986.555082567],[729080.6342297355,2886983.400726335]],[[729087.0153835854,2886971.698047938],[729091.5155057269,2886973.0517751016],[729092.269549556,2886970.58235636],[729087.7694265917,2886969.2286289963],[729087.0153835854,2886971.698047938]],[[729088.8564746105,2886981.971476071],[729084.5156655177,2886980.6648846753],[729083.6553326822,2886983.4871030366],[729087.9961408651,2886984.793694213],[729088.8564746105,2886981.971476071]]]]},"properties":{"height":6.0,"min_height":0.0},"id":""},{"type":"Feature","geometry":{"type":"MultiPolygon","coordinates":[[[[729080.0411035916,2886982.9802108295],[729070.3439796442,2886980.0610105204],[729076.6845842378,2886959.280319982],[729086.3817231508,2886962.199523902],[729080.0411035916,2886982.9802108295]],[[729079.6242956516,2886961.149689507],[729078.0740468301,2886966.209703954],[729081.3297064938,2886967.1868754425],[729082.8699509322,2886962.126685343],[729079.6242956516,2886961.149689507]],[[729078.0495672543,2886977.846831185],[729074.3758184812,2886976.740391115],[729073.3136914247,2886980.224064795],[729076.9874392446,2886981.330504636],[729078.0495672543,2886977.846831185]]]]},"properties":{"height":6.0,"min_height":0.0},"id":""},{"type":"Feature","geometry":{"type":"MultiPolygon","coordinates":[[[[729088.7307113555,2887007.9043957735],[729069.6526442148,2887001.162707926],[729075.1267561478,2886985.830890936],[729080.816438281,2886987.8372859606],[729079.6373605183,2886991.1415684447],[729087.8932813101,2886994.0575988283],[729089.0721662024,2886990.764396907],[729094.2048444772,2886992.5725852274],[729088.7307113555,2887007.9043957735]]]]},"properties":{"height":6.0,"min_height":0.0},"id":""},{"type":"Feature","geometry":{"type":"MultiPolygon","coordinates":[[[[729081.6149981322,2887007.879012555],[729079.4495633288,2887016.618977056],[729066.354664942,2887013.407276232],[729068.5198962393,2887004.678390158],[729081.6149981322,2887007.879012555]]]]},"properties":{"height":6.0,"min_height":0.0},"id":""},{"type":"Feature","geometry":{"type":"MultiPolygon","coordinates":[[[[729075.3421014136,2887028.7938919542],[729063.711991662,2887025.9515360035],[729065.963304253,2887016.8805783275],[729077.583416438,2887019.7227597493],[729075.3421014136,2887028.7938919542]]]]},"properties":{"height":6.0,"min_height":0.0},"id":""},{"type":"Feature","geometry":{"type":"MultiPolygon","coordinates":[[[[729084.0657133167,2887018.772747488],[729085.7787673287,2887011.8535873406],[729090.7616754647,2887013.071721608],[729089.0586243992,2887019.9910572506],[729084.0657133167,2887018.772747488]]]]},"properties":{"height":6.0,"min_height":0.0},"id":""},{"type":"Feature","geometry":{"type":"MultiPolygon","coordinates":[[[[729102.926948188,2886999.143259379],[729107.5616211991,2887001.9512836873],[729103.2679881846,2887014.466503238],[729098.6118846377,2887012.8772761477],[729102.926948188,2886999.143259379]]]]},"properties":{"height":6.0,"min_height":0.0},"id":""},{"type":"Feature","geometry":{"type":"MultiPolygon","coordinates":[[[[729087.5160140449,2887031.446320967],[729091.6974633811,2887014.4957689466],[729104.1347177012,2887017.5407623323],[729099.943246833,2887034.4911355763],[729087.5160140449,2887031.446320967]],[[729091.5694903014,2887030.309516067],[729096.5722071078,2887031.539085023],[729097.2730364982,2887028.680812061],[729092.2803241645,2887027.451418876],[729091.5694903014,2887030.309516067]]]]},"properties":{"height":6.0,"min_height":0.0},"id":""},{"type":"Feature","geometry":{"type":"MultiPolygon","coordinates":[[[[729085.9784701514,2887053.9961473458],[729082.8274382149,2887053.3311474435],[729087.142895518,2887033.3128522434],[729099.0486012484,2887035.8497420605],[729094.7331257307,2887055.868034664],[729091.2332648477,2887055.1193142002],[729090.3073854647,2887059.392303534],[729085.0624031657,2887058.2803928447],[729085.9784701514,2887053.9961473458]],[[729090.9768646376,2887050.3489471413],[729088.4640429342,2887049.8170869965],[729087.9842441503,2887052.0585774393],[729090.4970654229,2887052.590437523],[729090.9768646376,2887050.3489471413]]]]},"properties":{"height":6.0,"min_height":0.0},"id":""},{"type":"Feature","geometry":{"type":"MultiPolygon","coordinates":[[[[729094.1855067346,2887060.258510073],[729098.7246857708,2887042.316745712],[729109.496442748,2887045.0221211654],[729104.95724909,2887062.963882855],[729094.1855067346,2887060.258510073]],[[729097.9593372571,2887058.518286737],[729102.5830016241,2887059.674692386],[729103.8950689163,2887054.4996574544],[729099.2714027388,2887053.3432514733],[729097.9593372571,2887058.518286737]]]]},"properties":{"height":6.0,"min_height":0.0},"id":""},{"type":"Feature","geometry":{"type":"MultiPolygon","coordinates":[[[[729104.6047311185,2887035.2048706254],[729109.9812319012,2887038.5136131006],[729106.6639604222,2887043.886132318],[729101.2874612862,2887040.5773910885],[729104.6047311185,2887035.2048706254]]]]},"properties":{"height":6.0,"min_height":0.0},"id":""},{"type":"Feature","geometry":{"type":"MultiPolygon","coordinates":[[[[729105.7052580441,2887062.5447861683],[729108.8678801584,2887053.4455274176],[729116.5977491878,2887056.1084937155],[729113.4251164244,2887065.207574991],[729105.7052580441,2887062.5447861683]]]]},"properties":{"height":6.0,"min_height":0.0},"id":""},{"type":"Feature","geometry":{"type":"MultiPolygon","coordinates":[[[[729088.0724832301,2887090.8630796075],[729092.5114485752,2887070.0822036155],[729105.3749211608,2887072.7911138334],[729100.9459408796,2887093.572162924],[729088.0724832301,2887090.8630796075]],[[729093.6471634775,2887074.934535453],[729101.9535044476,2887076.6877107695],[729102.6960422932,2887073.1651680702],[729094.3896990827,2887071.411992445],[729093.6471634775,2887074.934535453]]]]},"properties":{"height":6.0,"min_height":0.0},"id":""},{"type":"Feature","geometry":{"type":"MultiPolygon","coordinates":[[[[729089.2947959315,2887068.5958768055],[729083.0567375222,2887067.610586172],[729083.7103216267,2887063.4547252976],[729089.9483820368,2887064.440016096],[729089.2947959315,2887068.5958768055]]]]},"properties":{"height":6.0,"min_height":0.0},"id":""},{"type":"Feature","geometry":{"type":"MultiPolygon","coordinates":[[[[729074.6786769998,2887089.286448129],[729080.1538984766,2887067.060785189],[729091.8039793997,2887069.9035108313],[729086.3287382948,2887092.1291703274],[729074.6786769998,2887089.286448129]],[[729082.293239004,2887074.6018620124],[729086.4689883743,2887075.617384751],[729087.5145424384,2887071.3686666694],[729083.3387917229,2887070.3531436967],[729082.293239004,2887074.6018620124]]]]},"properties":{"height":6.0,"min_height":0.0},"id":""},{"type":"Feature","geometry":{"type":"MultiPolygon","coordinates":[[[[729081.4520619488,2887052.431372787],[729080.4795388168,2887057.0803775205],[729072.3118970043,2887055.4072400434],[729073.2846120701,2887050.7471549525],[729081.4520619488,2887052.431372787]]]]},"properties":{"height":6.0,"min_height":0.0},"id":""},{"type":"Feature","geometry":{"type":"MultiPolygon","coordinates":[[[[729071.1329749678,2887051.8730745665],[729070.4543751845,2887055.1750748474],[729067.0836110549,2887054.4840480797],[729067.7720206848,2887051.1933035906],[729071.1329749678,2887051.8730745665]]]]},"properties":{"height":6.0,"min_height":0.0},"id":""},{"type":"Feature","geometry":{"type":"MultiPolygon","coordinates":[[[[729077.3703777624,2887050.6195025183],[729072.763017794,2887049.67397741],[729076.0674054953,2887033.6500874106],[729080.6749659624,2887034.5845333072],[729077.3703777624,2887050.6195025183]]]]},"properties":{"height":6.0,"min_height":0.0},"id":""},{"type":"Feature","geometry":{"type":"MultiPolygon","coordinates":[[[[729086.4216580597,2887034.4860913856],[729075.9377119592,2887031.9187980564],[729079.1383013062,2887018.952098556],[729089.6322632694,2887021.519569656],[729086.4216580597,2887034.4860913856]],[[729083.3952174854,2887030.7199337427],[729080.6946243973,2887030.0517727416],[729080.1557675388,2887032.236807851],[729082.8565550295,2887032.89388881],[729083.3952174854,2887030.7199337427]]]]},"properties":{"height":6.0,"min_height":0.0},"id":""},{"type":"Feature","geometry":{"type":"MultiPolygon","coordinates":[[[[729063.467477198,2887022.2121347184],[729060.513674573,2887036.513182631],[729056.9435736001,2887035.774320326],[729059.8971774923,2887021.484351855],[729063.467477198,2887022.2121347184]]]]},"properties":{"height":6.0,"min_height":0.0},"id":""},{"type":"Feature","geometry":{"type":"MultiPolygon","coordinates":[[[[729053.0310017683,2887049.9587601237],[729048.6131612979,2887049.049826273],[729054.2564508115,2887021.8174203006],[729058.6743004925,2887022.7263553836],[729053.0310017683,2887049.9587601237]]]]},"properties":{"height":6.0,"min_height":0.0},"id":""},{"type":"Feature","geometry":{"type":"MultiPolygon","coordinates":[[[[729058.0396702467,2887048.5727398098],[729054.339695421,2887047.8205108596],[729056.6586171441,2887036.611647233],[729060.3584003174,2887037.3749565682],[729058.0396702467,2887048.5727398098]]]]},"properties":{"height":6.0,"min_height":0.0},"id":""},{"type":"Feature","geometry":{"type":"MultiPolygon","coordinates":[[[[729066.8330590955,2887051.088125329],[729066.1660246113,2887054.301661995],[729057.3403527404,2887052.4839625093],[729058.0071902259,2887049.2815055144],[729066.8330590955,2887051.088125329]]]]},"properties":{"height":6.0,"min_height":0.0},"id":""},{"type":"Feature","geometry":{"type":"MultiPolygon","coordinates":[[[[729059.0252783358,2887048.3019024488],[729063.4437336046,2887026.9775740313],[729075.7300485364,2887029.498967494],[729071.3215787435,2887050.8234691727],[729059.0252783358,2887048.3019024488]],[[729062.770064063,2887046.505741425],[729068.4347003571,2887047.6582721206],[729068.850176163,2887045.6594847245],[729063.1857338332,2887044.4958739495],[729062.770064063,2887046.505741425]]]]},"properties":{"height":6.0,"min_height":0.0},"id":""},{"type":"Feature","geometry":{"type":"MultiPolygon","coordinates":[[[[729053.316618804,2887083.2361124367],[729043.3082977448,2887080.9432066656],[729049.2642878653,2887055.279055331],[729059.2624281181,2887057.582868257],[729053.316618804,2887083.2361124367]],[[729049.6822670484,2887065.6604553564],[729054.5368378407,2887066.776570378],[729055.3166574433,2887063.409849125],[729050.462085407,2887062.293733904],[729049.6822670484,2887065.6604553564]]]]},"properties":{"height":6.0,"min_height":0.0},"id":""},{"type":"Feature","geometry":{"type":"MultiPolygon","coordinates":[[[[729041.4344891559,2887090.1759715844],[729023.6381180217,2887087.3914791904],[729027.1168925206,2887065.429953492],[729044.9032882941,2887068.214272486],[729041.4344891559,2887090.1759715844]]]]},"properties":{"height":6.0,"min_height":0.0},"id":""},{"type":"Feature","geometry":{"type":"MultiPolygon","coordinates":[[[[729021.9627208203,2887062.568490112],[729023.9168802475,2887052.7497168817],[729046.9868127728,2887057.300520408],[729046.0317807451,2887062.0939181657],[729027.828969924,2887058.5153567973],[729026.8300269735,2887063.5296510104],[729021.9627208203,2887062.568490112]]]]},"properties":{"height":6.0,"min_height":0.0},"id":""},{"type":"Feature","geometry":{"type":"MultiPolygon","coordinates":[[[[729052.1332424541,2887027.5877823452],[729047.7473553702,2887048.7686015177],[729036.518136331,2887046.465320015],[729040.9140107603,2887025.2846743288],[729052.1332424541,2887027.5877823452]]]]},"properties":{"height":6.0,"min_height":0.0},"id":""},{"type":"Feature","geometry":{"type":"MultiPolygon","coordinates":[[[[729035.1656356174,2887046.541290774],[729019.1148419967,2887043.5214998154],[729022.8656047119,2887023.737099065],[729038.9264282791,2887026.757068762],[729035.1656356174,2887046.541290774]]]]},"properties":{"height":6.0,"min_height":0.0},"id":""},{"type":"Feature","geometry":{"type":"MultiPolygon","coordinates":[[[[729032.5315932923,2887014.7632462294],[729029.0462040798,2887020.021993004],[729025.5339701873,2887017.699233212],[729029.019358414,2887012.4404855715],[729032.5315932923,2887014.7632462294]]]]},"properties":{"height":6.0,"min_height":0.0},"id":""},{"type":"Feature","geometry":{"type":"MultiPolygon","coordinates":[[[[729038.8027526897,2887022.9754596385],[729042.2302914418,2887000.514282827],[729056.225179279,2887002.63344373],[729052.7876107008,2887025.0944427215],[729038.8027526897,2887022.9754596385]],[[729051.9065438289,2887002.912176993],[729046.4761761716,2887002.096276064],[729045.9563069367,2887005.4786516554],[729051.3864783572,2887006.305632433],[729051.9065438289,2887002.912176993]],[[729048.7062892211,2887021.553580662],[729049.2263538111,2887018.1601251476],[729044.664528077,2887017.470329734],[729044.1444646821,2887020.863785343],[729048.7062892211,2887021.553580662]]]]},"properties":{"height":6.0,"min_height":0.0},"id":""},{"type":"Feature","geometry":{"type":"MultiPolygon","coordinates":[[[[729064.2080140348,2887021.648820154],[729054.214076625,2887020.2428342425],[729056.4408349879,2887004.5989951836],[729066.4247789123,2887006.0048059723],[729064.2080140348,2887021.648820154]]]]},"properties":{"height":6.0,"min_height":0.0},"id":""},{"type":"Feature","geometry":{"type":"MultiPolygon","coordinates":[[[[729067.5259069143,2887005.42566541],[729056.9358392835,2887003.200108847],[729060.9633843608,2886984.185334293],[729071.553662224,2886986.399813029],[729067.5259069143,2887005.42566541]]]]},"properties":{"height":6.0,"min_height":0.0},"id":""},{"type":"Feature","geometry":{"type":"MultiPolygon","coordinates":[[[[729056.3764176954,2887000.8627610705],[729038.2437549534,2886997.2743430566],[729040.2291168596,2886987.3896194226],[729052.1579989304,2886989.749534983],[729053.2226375851,2886984.4149787268],[729059.4164289536,2886985.6433073166],[729056.3764176954,2887000.8627610705]]]]},"properties":{"height":6.0,"min_height":0.0},"id":""},{"type":"Feature","geometry":{"type":"MultiPolygon","coordinates":[[[[729056.1291254566,2886976.2200439223],[729065.2213209633,2886948.0840287064],[729075.9702975781,2886951.5204714667],[729066.8880853828,2886979.6566567724],[729056.1291254566,2886976.2200439223]],[[729068.630824682,2886955.680683829],[729069.9218425226,2886951.7022821987],[729066.4882203559,2886950.600067504],[729065.2070143037,2886954.5897252965],[729068.630824682,2886955.680683829]],[[729072.7820962106,2886953.537002573],[729071.6707196683,2886956.975476844],[729073.6016761744,2886957.5857673897],[729074.7128583721,2886954.158373209],[729072.7820962106,2886953.537002573]],[[729060.7981603579,2886967.967433879],[729064.2119617686,2886969.0582155683],[729065.0375982446,2886966.5013874792],[729061.6237961908,2886965.4106056225],[729060.7981603579,2886967.967433879]],[[729070.0064283261,2886967.952015592],[729068.1253064533,2886967.3536851215],[729067.2467189669,2886970.075832793],[729069.1278404597,2886970.674163164],[729070.0064283261,2886967.952015592]]]]},"properties":{"height":6.0,"min_height":0.0},"id":""},{"type":"Feature","geometry":{"type":"MultiPolygon","coordinates":[[[[729043.9491875734,2886974.476381335],[729046.8672960529,2886958.7892804733],[729060.64490297,2886961.3147070003],[729054.7736949215,2886976.4622126],[729043.9491875734,2886974.476381335]],[[729052.7893159657,2886973.767308692],[729053.1212389783,2886971.9665528624],[729047.4746314104,2886970.9251828934],[729047.1327035859,2886972.725762886],[729052.7893159657,2886973.767308692]]]]},"properties":{"height":6.0,"min_height":0.0},"id":""},{"type":"Feature","geometry":{"type":"MultiPolygon","coordinates":[[[[729032.2456730765,2886971.821185582],[729033.1410589477,2886967.0045718444],[729043.9753842349,2886969.0016494216],[729043.0899999451,2886973.818438629],[729032.2456730765,2886971.821185582]]]]},"properties":{"height":6.0,"min_height":0.0},"id":""},{"type":"Feature","geometry":{"type":"MultiPolygon","coordinates":[[[[729022.8084096471,2886991.694028789],[729018.3583884154,2886990.9064587005],[729020.0704679625,2886981.194263151],[729024.5206873144,2886981.9707536185],[729022.8084096471,2886991.694028789]]]]},"properties":{"height":6.0,"min_height":0.0},"id":""},{"type":"Feature","geometry":{"type":"MultiPolygon","coordinates":[[[[729017.8042298094,2887000.7941783317],[729012.9669161036,2886999.833550338],[729014.7314994386,2886991.119781981],[729019.5688163755,2886992.0804103916],[729017.8042298094,2887000.7941783317]]]]},"properties":{"height":6.0,"min_height":0.0},"id":""},{"type":"Feature","geometry":{"type":"MultiPolygon","coordinates":[[[[729022.7335644165,2887015.876657908],[729015.9924732116,2887015.0377258006],[729017.4684875866,2887003.381787744],[729024.2093900758,2887004.2318001273],[729022.7335644165,2887015.876657908]]]]},"properties":{"height":6.0,"min_height":0.0},"id":""},{"type":"Feature","geometry":{"type":"MultiPolygon","coordinates":[[[[729008.8221586703,2887006.7321345103],[729010.0631063926,2887001.0460075326],[729016.4744821636,2887002.422225205],[729015.2433424335,2887008.1196076362],[729008.8221586703,2887006.7321345103]]]]},"properties":{"height":6.0,"min_height":0.0},"id":""},{"type":"Feature","geometry":{"type":"MultiPolygon","coordinates":[[[[728992.7189304234,2887017.510270314],[728995.2698764487,2887006.1946453876],[729012.118314626,2887009.9599280576],[729010.2402902305,2887018.2948672734],[729008.1467198243,2887017.8258107775],[729007.4841792539,2887020.784510312],[729004.2638770752,2887020.073979211],[729005.1107303199,2887016.309432715],[728997.8229619178,2887014.6850629994],[728996.9759159895,2887018.460689773],[728992.7189304234,2887017.510270314]]]]},"properties":{"height":6.0,"min_height":0.0},"id":""},{"type":"Feature","geometry":{"type":"MultiPolygon","coordinates":[[[[728991.8616912762,2887016.741531346],[728981.6452642549,2887013.7578508467],[728984.412062078,2887004.3966939645],[728994.6284962291,2887007.380376105],[728991.8616912762,2887016.741531346]]]]},"properties":{"height":6.0,"min_height":0.0},"id":""},{"type":"Feature","geometry":{"type":"MultiPolygon","coordinates":[[[[729011.3908894749,2886976.187154001],[729005.150802653,2887004.351166667],[728986.7757885731,2887000.3152252957],[728987.4496937979,2886997.279141223],[728984.9670707141,2886996.736749797],[728990.5330132919,2886971.619894571],[728997.5820360846,2886973.1624773624],[728998.6692681327,2886968.249484368],[729006.2168189273,2886969.900585636],[729005.1295840492,2886974.81357821],[729011.3908894749,2886976.187154001]],[[728990.6809858781,2886993.3791738804],[728995.2073510294,2886994.378660742],[728995.8485149029,2886991.4971687268],[728991.3219539904,2886990.5087616746],[728990.6809858781,2886993.3791738804]],[[729005.9234651129,2886995.6975440164],[729006.3585535372,2886993.721267039],[729002.2806865938,2886992.8294108813],[729001.8455987824,2886994.805687949],[729005.9234651129,2886995.6975440164]]]]},"properties":{"height":6.0,"min_height":0.0},"id":""},{"type":"Feature","geometry":{"type":"MultiPolygon","coordinates":[[[[728985.026649464,2886977.9736324884],[728972.4081912603,2886974.415738225],[728977.8248142808,2886962.9177295454],[728988.471523607,2886965.908966568],[728985.026649464,2886977.9736324884]]]]},"properties":{"height":6.0,"min_height":0.0},"id":""},{"type":"Feature","geometry":{"type":"MultiPolygon","coordinates":[[[[728980.3307422926,2886993.4521571067],[728965.9019947265,2886989.2528618975],[728967.9881145391,2886982.1739983265],[728972.0916902157,2886977.0480196686],[728984.1205954176,2886980.551217395],[728980.3307422926,2886993.4521571067]]]]},"properties":{"height":6.0,"min_height":0.0},"id":""},{"type":"Feature","geometry":{"type":"MultiPolygon","coordinates":[[[[728955.9398849576,2887025.8967552525],[728949.7240752792,2887024.2136692973],[728955.5370088135,2887010.095858612],[728960.0783912165,2887011.949017782],[728955.9398849576,2887025.8967552525]]]]},"properties":{"height":6.0,"min_height":0.0},"id":""},{"type":"Feature","geometry":{"type":"MultiPolygon","coordinates":[[[[728966.9405510564,2887014.441472182],[728963.285346362,2887027.6551163103],[728956.8207626529,2887025.890070621],[728960.476155675,2887012.6653451966],[728966.9405510564,2887014.441472182]]]]},"properties":{"height":6.0,"min_height":0.0},"id":""},{"type":"Feature","geometry":{"type":"MultiPolygon","coordinates":[[[[728967.9256707139,2887011.920693092],[728956.5067421395,2887008.4503953974],[728959.4893133314,2887000.4784496366],[728964.5179767786,2887001.9411727916],[728964.9852911987,2887000.4087966196],[728970.908807558,2887002.208668548],[728967.9256707139,2887011.920693092]]]]},"properties":{"height":6.0,"min_height":0.0},"id":""},{"type":"Feature","geometry":{"type":"MultiPolygon","coordinates":[[[[728962.0021685521,2886998.1618555835],[728963.7056891832,2886992.3508556834],[728972.7873435915,2886994.982072978],[728971.0838190224,2887000.793071983],[728962.0021685521,2886998.1618555835]]]]},"properties":{"height":6.0,"min_height":0.0},"id":""},{"type":"Feature","geometry":{"type":"MultiPolygon","coordinates":[[[[728984.5542611526,2886998.0151657714],[728982.281581059,2887008.3049287535],[728971.2345624091,2887005.882993209],[728973.5172393967,2886995.5934048085],[728984.5542611526,2886998.0151657714]]]]},"properties":{"height":6.0,"min_height":0.0},"id":""},{"type":"Feature","geometry":{"type":"MultiPolygon","coordinates":[[[[728964.2223623535,2887027.8710865],[728970.2120726625,2887007.682695552],[728981.6429525359,2887011.0423817597],[728975.6532250332,2887031.2307687253],[728964.2223623535,2887027.8710865]],[[728973.2457305731,2887009.332024517],[728972.49054283,2887011.8679281846],[728977.1207311965,2887013.2239023508],[728977.8759198145,2887010.687998886],[728973.2457305731,2887009.332024517]],[[728968.8622073749,2887023.5525370366],[728968.1391799129,2887025.9670889396],[728973.3567694436,2887027.49963752],[728974.0697922917,2887025.0849099685],[728968.8622073749,2887023.5525370366]]]]},"properties":{"height":6.0,"min_height":0.0},"id":""},{"type":"Feature","geometry":{"type":"MultiPolygon","coordinates":[[[[728977.3578420326,2887038.453845982],[728976.1521856806,2887043.8413437684],[728960.7487467709,2887040.4340032563],[728961.9443912522,2887035.046328652],[728977.3578420326,2887038.453845982]]]]},"properties":{"height":6.0,"min_height":0.0},"id":""},{"type":"Feature","geometry":{"type":"MultiPolygon","coordinates":[[[[728961.1633012029,2887034.5005977633],[728959.8382429042,2887040.4180000597],[728944.0559499917,2887036.926437572],[728945.3709956214,2887031.0088583496],[728961.1633012029,2887034.5005977633]]]]},"properties":{"height":6.0,"min_height":0.0},"id":""},{"type":"Feature","geometry":{"type":"MultiPolygon","coordinates":[[[[728954.0432223056,2887065.4754195316],[728950.4240721692,2887064.6803071643],[728951.424422252,2887060.153703224],[728955.043378898,2887060.9598957347],[728954.0432223056,2887065.4754195316]]]]},"properties":{"height":6.0,"min_height":0.0},"id":""},{"type":"Feature","geometry":{"type":"MultiPolygon","coordinates":[[[[728955.4090776688,2887059.5144004417],[728951.6702490911,2887058.695017657],[728953.8542873681,2887048.8913623993],[728957.5929240008,2887049.721825561],[728955.4090776688,2887059.5144004417]]]]},"properties":{"height":6.0,"min_height":0.0},"id":""},{"type":"Feature","geometry":{"type":"MultiPolygon","coordinates":[[[[728932.8359988416,2887079.6551769455],[728942.1020978595,2887038.188854221],[728954.4647592667,2887040.922058447],[728945.1986211448,2887082.388375268],[728932.8359988416,2887079.6551769455]],[[728938.4375020367,2887070.731750479],[728944.3795617109,2887072.0442703175],[728945.1830630677,2887068.4673770824],[728939.23099626,2887067.1546811517],[728938.4375020367,2887070.731750479]]]]},"properties":{"height":6.0,"min_height":0.0},"id":""},{"type":"Feature","geometry":{"type":"MultiPolygon","coordinates":[[[[728949.7036094083,2887085.1718974574],[728945.7158189977,2887084.2816397585],[728948.3561080997,2887072.435577535],[728952.3439021106,2887073.325835776],[728949.7036094083,2887085.1718974574]]]]},"properties":{"height":6.0,"min_height":0.0},"id":""},{"type":"Feature","geometry":{"type":"MultiPolygon","coordinates":[[[[728952.6874472193,2887072.0018682536],[728948.6994580692,2887071.122689895],[728949.8082361298,2887066.121406235],[728953.7960320618,2887067.011664778],[728952.6874472193,2887072.0018682536]]]]},"properties":{"height":6.0,"min_height":0.0},"id":""},{"type":"Feature","geometry":{"type":"MultiPolygon","coordinates":[[[[728969.0300035041,2887070.948023466],[728954.5936259805,2887067.7571863146],[728960.503429407,2887041.294195161],[728974.9398360753,2887044.4850367075],[728969.0300035041,2887070.948023466]]]]},"properties":{"height":6.0,"min_height":0.0},"id":""},{"type":"Feature","geometry":{"type":"MultiPolygon","coordinates":[[[[728979.6593201554,2887096.560139341],[728990.5563056481,2887047.7298887842],[729005.4912242374,2887051.0292790546],[728994.5841776157,2887099.859345342],[728979.6593201554,2887096.560139341]],[[729001.8376675743,2887052.760559135],[728994.0710177284,2887051.0501874653],[728993.3535843184,2887054.285007027],[729001.1100319404,2887056.006282478],[729001.8376675743,2887052.760559135]],[[728986.4512789918,2887075.1445176634],[728998.1758837611,2887077.733550796],[728999.2188044256,2887073.063613393],[728987.4941954818,2887070.4745796304],[728986.4512789918,2887075.1445176634]]]]},"properties":{"height":6.0,"min_height":0.0},"id":""},{"type":"Feature","geometry":{"type":"MultiPolygon","coordinates":[[[[728986.6744169279,2887032.8431692375],[728976.6663657576,2887029.9629048216],[728981.0972465564,2887014.756805705],[728991.1053090907,2887017.637072682],[728986.6744169279,2887032.8431692375]]]]},"properties":{"height":6.0,"min_height":0.0},"id":""},{"type":"Feature","geometry":{"type":"MultiPolygon","coordinates":[[[[729002.708692175,2887038.511556659],[728987.7252164625,2887034.557397893],[728992.1829876339,2887017.822267329],[729007.1666770192,2887021.7653498636],[729002.708692175,2887038.511556659]]]]},"properties":{"height":6.0,"min_height":0.0},"id":""},{"type":"Feature","geometry":{"type":"MultiPolygon","coordinates":[[[[728993.3936999787,2887041.1851536445],[728999.4442728877,2887042.5882723583],[729005.5067980943,2887043.8807702763],[729004.4210017474,2887049.2814569967],[728998.262319242,2887047.765601323],[728992.2078532949,2887046.584082161],[728993.3936999787,2887041.1851536445]]]]},"properties":{"height":6.0,"min_height":0.0},"id":""},{"type":"Feature","geometry":{"type":"MultiPolygon","coordinates":[[[[729022.5573622966,2887021.9140047943],[729019.6816122619,2887034.055170075],[729005.8467016995,2887030.8083529286],[729008.7224389659,2887018.667185538],[729022.5573622966,2887021.9140047943]]]]},"properties":{"height":6.0,"min_height":0.0},"id":""},{"type":"Feature","geometry":{"type":"MultiPolygon","coordinates":[[[[729009.4606310515,2887103.6343036955],[728995.5228180119,2887100.5519323805],[729006.5177035144,2887051.280075396],[729020.465574471,2887054.362630507],[729009.4606310515,2887103.6343036955]],[[729004.940932911,2887074.3612118005],[729003.9303641422,2887078.898717063],[729013.5612087285,2887081.029788228],[729014.5719756235,2887076.4812035067],[729004.940932911,2887074.3612118005]]]]},"properties":{"height":6.0,"min_height":0.0},"id":""},{"type":"Feature","geometry":{"type":"MultiPolygon","coordinates":[[[[729017.8364257764,2887138.439303999],[729027.4818346445,2887139.7393918554],[729026.3648634016,2887146.912871351],[729016.7231610742,2887145.402264664],[729017.8364257764,2887138.439303999]]]]},"properties":{"height":6.0,"min_height":0.0},"id":""},{"type":"Feature","geometry":{"type":"MultiPolygon","coordinates":[[[[728999.4342391833,2887127.4203164815],[729000.3814923464,2887120.2216856843],[729009.8177743751,2887121.462665733],[729008.8705159576,2887128.6612962326],[728999.4342391833,2887127.4203164815]]]]},"properties":{"height":6.0,"min_height":0.0},"id":""},{"type":"Feature","geometry":{"type":"MultiPolygon","coordinates":[[[[728990.5678761357,2887141.5841826284],[728991.3647851936,2887129.2734686243],[729008.5899916729,2887130.3853725735],[729007.793261009,2887142.6850067694],[728990.5678761357,2887141.5841826284]]]]},"properties":{"height":6.0,"min_height":0.0},"id":""},{"type":"Feature","geometry":{"type":"MultiPolygon","coordinates":[[[[728988.2601925407,2887141.909367203],[728979.0980901215,2887139.875217568],[728981.0856835203,2887130.9991161623],[728990.2479869209,2887133.022186776],[728988.2601925407,2887141.909367203]]]]},"properties":{"height":6.0,"min_height":0.0},"id":""},{"type":"Feature","geometry":{"type":"MultiPolygon","coordinates":[[[[728989.18828829,2887130.6760476176],[728981.6406367052,2887129.036029164],[728984.2642546025,2887117.0012607607],[728991.8121078981,2887118.6302002613],[728989.18828829,2887130.6760476176]]]]},"properties":{"height":6.0,"min_height":0.0},"id":""},{"type":"Feature","geometry":{"type":"MultiPolygon","coordinates":[[[[728992.697232486,2887110.410805844],[728985.4778024885,2887108.887389943],[728986.884204241,2887102.3285829495],[728994.1036378586,2887103.851999363],[728992.697232486,2887110.410805844]]]]},"properties":{"height":6.0,"min_height":0.0},"id":""},{"type":"Feature","geometry":{"type":"MultiPolygon","coordinates":[[[[728994.6616905889,2887110.8221745985],[728995.9645360275,2887104.4610486296],[729010.0665231519,2887107.3135559945],[729008.3246882563,2887115.8725571916],[728998.2418697507,2887113.8332924414],[728998.6908561242,2887111.6355919885],[728994.6616905889,2887110.8221745985]]]]},"properties":{"height":6.0,"min_height":0.0},"id":""},{"type":"Feature","geometry":{"type":"MultiPolygon","coordinates":[[[[728978.7870892244,2887096.6445576698],[728971.4293263869,2887095.018968355],[728976.3829114272,2887072.8506093225],[728983.7406867049,2887074.476200517],[728978.7870892244,2887096.6445576698]]]]},"properties":{"height":6.0,"min_height":0.0},"id":""},{"type":"Feature","geometry":{"type":"MultiPolygon","coordinates":[[[[728969.8688097078,2887096.1109601283],[728949.2710695551,2887091.559405585],[728954.3008871464,2887069.037713254],[728974.8886571747,2887073.5890972624],[728969.8688097078,2887096.1109601283]]]]},"properties":{"height":6.0,"min_height":0.0},"id":""},{"type":"Feature","geometry":{"type":"MultiPolygon","coordinates":[[[[728952.0967091047,2887112.445823885],[728946.5837360288,2887111.2073404626],[728949.8156098521,2887097.021999348],[728955.3283941438,2887098.271563655],[728952.0967091047,2887112.445823885]]]]},"properties":{"height":6.0,"min_height":0.0},"id":""},{"type":"Feature","geometry":{"type":"MultiPolygon","coordinates":[[[[728950.4472520095,2887122.015040624],[728945.0041265687,2887120.788868522],[728946.3491847764,2887114.8718169346],[728951.8023181498,2887116.0981652746],[728950.4472520095,2887122.015040624]]]]},"properties":{"height":6.0,"min_height":0.0},"id":""},{"type":"Feature","geometry":{"type":"MultiPolygon","coordinates":[[[[728938.4861767457,2887118.646054856],[728941.2953063222,2887106.30420716],[728946.5589236489,2887107.4939720025],[728943.7499838606,2887119.8247389724],[728938.4861767457,2887118.646054856]]]]},"properties":{"height":6.0,"min_height":0.0},"id":""},{"type":"Feature","geometry":{"type":"MultiPolygon","coordinates":[[[[728937.7749237309,2887149.4342672764],[728931.9729761058,2887148.124209593],[728938.4470821484,2887119.7315389775],[728944.2490423252,2887121.0415986176],[728937.7749237309,2887149.4342672764]]]]},"properties":{"height":6.0,"min_height":0.0},"id":""},{"type":"Feature","geometry":{"type":"MultiPolygon","coordinates":[[[[728947.490591445,2887135.917050785],[728957.077209395,2887093.8689490156],[728986.705057478,2887100.5631758627],[728977.118539373,2887142.600182886],[728947.490591445,2887135.917050785]],[[728963.2367511147,2887102.167831382],[728960.9922878003,2887111.9925903035],[728975.31777494,2887115.2258236343],[728977.55224349,2887105.400890512],[728963.2367511147,2887102.167831382]],[[728958.1697503352,2887123.9573648144],[728957.1507526357,2887128.406056971],[728971.5858924966,2887131.663381922],[728972.6048950885,2887127.214690532],[728958.1697503352,2887123.9573648144]]]]},"properties":{"height":6.0,"min_height":0.0},"id":""},{"type":"Feature","geometry":{"type":"MultiPolygon","coordinates":[[[[728966.076790897,2887160.3833396193],[728967.7289609045,2887148.952163182],[728987.8753643741,2887151.844397709],[728986.2231765721,2887163.275572904],[728966.076790897,2887160.3833396193]]]]},"properties":{"height":6.0,"min_height":0.0},"id":""},{"type":"Feature","geometry":{"type":"MultiPolygon","coordinates":[[[[728970.5567214952,2887162.313011227],[728970.0547425724,2887165.8176198946],[728965.053117759,2887165.0979503654],[728965.5651007711,2887161.593517475],[728970.5567214952,2887162.313011227]]]]},"properties":{"height":6.0,"min_height":0.0},"id":""},{"type":"Feature","geometry":{"type":"MultiPolygon","coordinates":[[[[728962.3580266114,2887165.826414608],[728960.8066958359,2887172.6597601827],[728953.9678950398,2887171.1208823933],[728955.5092168124,2887164.2873604055],[728962.3580266114,2887165.826414608]]]]},"properties":{"height":6.0,"min_height":0.0},"id":""},{"type":"Feature","geometry":{"type":"MultiPolygon","coordinates":[[[[728962.2224786738,2887164.4275258863],[728956.001674004,2887163.0325106666],[728957.4553585199,2887156.629700316],[728963.676166223,2887158.0247160057],[728962.2224786738,2887164.4275258863]]]]},"properties":{"height":6.0,"min_height":0.0},"id":""},{"type":"Feature","geometry":{"type":"MultiPolygon","coordinates":[[[[728956.7573624921,2887155.3428429076],[728957.7659640019,2887150.9161347905],[728965.9706532665,2887152.7561068838],[728964.9720544361,2887157.1829904392],[728956.7573624921,2887155.3428429076]]]]},"properties":{"height":6.0,"min_height":0.0},"id":""},{"type":"Feature","geometry":{"type":"MultiPolygon","coordinates":[[[[728967.0304793011,2887145.4153700313],[728965.7503147883,2887151.0564764068],[728943.7781415151,2887146.1260954095],[728945.0584913192,2887140.4739076146],[728967.0304793011,2887145.4153700313]]]]},"properties":{"height":6.0,"min_height":0.0},"id":""},{"type":"Feature","geometry":{"type":"MultiPolygon","coordinates":[[[[728952.4467778314,2887173.388406363],[728937.8918119327,2887170.1179092447],[728940.1701633142,2887160.0720760524],[728954.7251403573,2887163.342574893],[728952.4467778314,2887173.388406363]]]]},"properties":{"height":6.0,"min_height":0.0},"id":""},{"type":"Feature","geometry":{"type":"MultiPolygon","coordinates":[[[[728958.7099108712,2887195.720673481],[728947.753879916,2887193.256008904],[728951.2576918209,2887177.8341091867],[728962.2137356505,2887180.298775759],[728958.7099108712,2887195.720673481]]]]},"properties":{"height":6.0,"min_height":0.0},"id":""},{"type":"Feature","geometry":{"type":"MultiPolygon","coordinates":[[[[728936.7538056612,2887175.0743461917],[728950.4414095441,2887178.1522632996],[728948.3802977295,2887187.2265760754],[728934.6927033127,2887184.1486604344],[728936.7538056612,2887175.0743461917]]]]},"properties":{"height":6.0,"min_height":0.0},"id":""},{"type":"Feature","geometry":{"type":"MultiPolygon","coordinates":[[[[728956.8705924156,2887213.244421396],[728962.7690709651,2887187.424068699],[728976.3267822023,2887190.488648168],[728970.4282769813,2887216.308996697],[728956.8705924156,2887213.244421396]],[[728962.739874611,2887204.4587148153],[728968.5417947258,2887205.76878835],[728969.9837247548,2887199.465522723],[728964.1818018563,2887198.1554487525],[728962.739874611,2887204.4587148153]]]]},"properties":{"height":6.0,"min_height":0.0},"id":""},{"type":"Feature","geometry":{"type":"MultiPolygon","coordinates":[[[[728952.6185518729,2887177.281692522],[728953.5410703946,2887173.1970560206],[728963.4204263003,2887175.421131124],[728962.4980994563,2887179.494687194],[728952.6185518729,2887177.281692522]]]]},"properties":{"height":6.0,"min_height":0.0},"id":""},{"type":"Feature","geometry":{"type":"MultiPolygon","coordinates":[[[[728963.3881678096,2887182.3809283506],[728966.7419184912,2887166.9563933956],[728976.5231711852,2887169.067919915],[728973.1594035494,2887184.492277326],[728963.3881678096,2887182.3809283506]],[[728970.1821208522,2887183.054519517],[728970.5854314475,2887181.177433762],[728966.8164280795,2887180.368596213],[728966.4033073565,2887182.2344262144],[728970.1821208522,2887183.054519517]]]]},"properties":{"height":6.0,"min_height":0.0},"id":""},{"type":"Feature","geometry":{"type":"MultiPolygon","coordinates":[[[[728980.0026516214,2887199.442138921],[728976.7232412079,2887196.4030608917],[728978.753273666,2887194.2220692807],[728982.0226788395,2887197.260971922],[728980.0026516214,2887199.442138921]]]]},"properties":{"height":6.0,"min_height":0.0},"id":""},{"type":"Feature","geometry":{"type":"MultiPolygon","coordinates":[[[[728998.931736398,2887182.7619070043],[728997.3456959571,2887189.8606410036],[728985.8505399792,2887187.319966115],[728987.2848115135,2887180.8835663674],[728990.7642408677,2887181.654069223],[728990.2866041528,2887183.7736824662],[728995.131906661,2887184.8452826533],[728995.7514966108,2887182.052078549],[728998.931736398,2887182.7619070043]]]]},"properties":{"height":6.0,"min_height":0.0},"id":""},{"type":"Feature","geometry":{"type":"MultiPolygon","coordinates":[[[[728999.3757285597,2887181.4175394466],[728987.2515352139,2887179.929810334],[728988.7453175918,2887167.830847403],[729000.8697170801,2887169.307497108],[728999.3757285597,2887181.4175394466]]]]},"properties":{"height":6.0,"min_height":0.0},"id":""},{"type":"Feature","geometry":{"type":"MultiPolygon","coordinates":[[[[728973.8739513058,2887184.837339309],[728977.3245801517,2887169.026590465],[728988.0730465474,2887171.3435456],[728984.6324101487,2887187.1544684423],[728973.8739513058,2887184.837339309]],[[728982.5439607846,2887183.5489058704],[728977.0102302766,2887182.354375125],[728976.5092739388,2887184.6619962677],[728982.0431982446,2887185.8454469135],[728982.5439607846,2887183.5489058704]]]]},"properties":{"height":6.0,"min_height":0.0},"id":""},{"type":"Feature","geometry":{"type":"MultiPolygon","coordinates":[[[[728987.3774427678,2887168.7821390433],[728981.0880392481,2887167.873574406],[728981.7031252633,2887163.6283674557],[728987.9927256258,2887164.525852278],[728987.3774427678,2887168.7821390433]]]]},"properties":{"height":6.0,"min_height":0.0},"id":""},{"type":"Feature","geometry":{"type":"MultiPolygon","coordinates":[[[[728998.7651541082,2887148.4004846774],[728994.7282089335,2887148.0302648055],[728995.1970417924,2887142.995566752],[728999.2339885406,2887143.3657866535],[728998.7651541082,2887148.4004846774]]]]},"properties":{"height":6.0,"min_height":0.0},"id":""},{"type":"Feature","geometry":{"type":"MultiPolygon","coordinates":[[[[729005.1023988228,2887150.5734040583],[729004.497595008,2887157.079801964],[728988.4800900904,2887155.5901287007],[728989.6869549635,2887142.732452066],[728992.335090651,2887142.9674218954],[728991.7328254434,2887149.3297804086],[729005.1023988228,2887150.5734040583]]]]},"properties":{"height":6.0,"min_height":0.0},"id":""},{"type":"Feature","geometry":{"type":"MultiPolygon","coordinates":[[[[729003.2237564259,2887166.3452843744],[728996.828648939,2887165.7562720138],[728997.6170336099,2887157.3467591885],[729004.0121452577,2887157.9357716297],[729003.2237564259,2887166.3452843744]]]]},"properties":{"height":6.0,"min_height":0.0},"id":""},{"type":"Feature","geometry":{"type":"MultiPolygon","coordinates":[[[[729011.3018322822,2887164.5698766825],[729005.6610280997,2887163.7724537426],[729007.1101495083,2887153.645548924],[729012.750763309,2887154.4540521274],[729011.3018322822,2887164.5698766825]]]]},"properties":{"height":6.0,"min_height":0.0},"id":""},{"type":"Feature","geometry":{"type":"MultiPolygon","coordinates":[[[[729023.3330077904,2887173.625944973],[729011.8495279828,2887170.4204502148],[729014.4864511002,2887161.045932031],[729025.9799444211,2887164.2516044336],[729023.3330077904,2887173.625944973]],[[729021.6522781677,2887165.616355964],[729020.4458839606,2887169.906582926],[729023.3940527788,2887170.723170845],[729024.6002531261,2887166.4440240473],[729021.6522781677,2887165.616355964]]]]},"properties":{"height":6.0,"min_height":0.0},"id":""},{"type":"Feature","geometry":{"type":"MultiPolygon","coordinates":[[[[729016.3840503821,2887194.861456732],[729011.8890131336,2887194.36125895],[729011.5458533388,2887195.663065392],[729005.7801279067,2887195.1405295264],[729012.1593593055,2887175.568588599],[729032.3757554891,2887178.4621270807],[729031.8284781442,2887182.265189911],[729015.5954896896,2887179.9404374645],[729013.500862659,2887188.0720669795],[729017.116982993,2887188.4681452345],[729016.3840503821,2887194.861456732]]]]},"properties":{"height":6.0,"min_height":0.0},"id":""},{"type":"Feature","geometry":{"type":"MultiPolygon","coordinates":[[[[729007.3965958557,2887183.4648926365],[729000.5670304033,2887181.97048531],[729003.1224469724,2887170.4000223987],[729009.9520184563,2887171.8944306187],[729007.3965958557,2887183.4648926365]]]]},"properties":{"height":6.0,"min_height":0.0},"id":""},{"type":"Feature","geometry":{"type":"MultiPolygon","coordinates":[[[[729005.3755186296,2887191.398315099],[728998.3550750848,2887189.944886328],[728999.6663657934,2887183.6725761457],[729006.686617914,2887185.137085336],[729005.3755186296,2887191.398315099]]]]},"properties":{"height":6.0,"min_height":0.0},"id":""},{"type":"Feature","geometry":{"type":"MultiPolygon","coordinates":[[[[728995.6401345722,2887210.5898380084],[728999.0711656552,2887194.7565812706],[729010.6173145019,2887197.242748235],[729008.8515232714,2887213.4266981175],[728995.6401345722,2887210.5898380084]],[[729001.96255587,2887196.525337764],[729001.3414065831,2887199.407181361],[729006.1872869963,2887200.4455462852],[729006.8084373504,2887197.5637028418],[729001.96255587,2887196.525337764]]]]},"properties":{"height":6.0,"min_height":0.0},"id":""},{"type":"Feature","geometry":{"type":"MultiPolygon","coordinates":[[[[729027.6790674739,2887209.9228690728],[729010.4602531592,2887207.3147852942],[729012.1107785553,2887196.548585018],[729016.0535689173,2887197.149907436],[729016.3699540896,2887195.0939600216],[729026.7908730219,2887196.6847706893],[729027.3109298263,2887193.291314504],[729030.1656623901,2887193.729426474],[729027.6790674739,2887209.9228690728]]]]},"properties":{"height":6.0,"min_height":0.0},"id":""},{"type":"Feature","geometry":{"type":"MultiPolygon","coordinates":[[[[729045.228856287,2887180.61663524],[729041.5111818055,2887204.7795532574],[729029.6027750624,2887202.9741584053],[729033.3104218885,2887178.811062706],[729045.228856287,2887180.61663524]],[[729040.6485782376,2887188.948389797],[729041.2697926069,2887184.924959386],[729036.0392206756,2887184.1347356224],[729035.4180079314,2887188.1581661636],[729040.6485782376,2887188.948389797]],[[729039.0614696253,2887203.5062226215],[729039.4245040969,2887201.0742604663],[729033.2657726167,2887200.1347164004],[729032.8927338856,2887202.566502719],[729039.0614696253,2887203.5062226215]]]]},"properties":{"height":6.0,"min_height":0.0},"id":""},{"type":"Feature","geometry":{"type":"MultiPolygon","coordinates":[[[[729040.9488704914,2887213.99104549],[729045.2606085453,2887186.779557827],[729058.5052756078,2887188.8633815018],[729054.1937045774,2887216.0637868703],[729040.9488704914,2887213.99104549]],[[729047.3575442246,2887189.3323593168],[729046.4461833439,2887195.0575296506],[729054.141465595,2887196.267933737],[729055.0528298755,2887190.542763691],[729047.3575442246,2887189.3323593168]],[[729045.0156604558,2887211.524458768],[729044.666332161,2887213.7460774817],[729050.1956902314,2887214.6191435363],[729050.5452143077,2887212.386444937],[729045.0156604558,2887211.524458768]]]]},"properties":{"height":6.0,"min_height":0.0},"id":""},{"type":"Feature","geometry":{"type":"MultiPolygon","coordinates":[[[[729045.1190994966,2887186.289400454],[729046.0316289429,2887180.4977503074],[729062.1108312465,2887183.030421232],[729061.1882891846,2887188.821894837],[729045.1190994966,2887186.289400454]]]]},"properties":{"height":6.0,"min_height":0.0},"id":""},{"type":"Feature","geometry":{"type":"MultiPolygon","coordinates":[[[[729051.9129207241,2887177.8635696527],[729038.428041771,2887175.210277323],[729043.2139588932,2887151.199143045],[729056.6988626785,2887153.8524384936],[729051.9129207241,2887177.8635696527]],[[729044.2337315995,2887167.199320326],[729043.3673200359,2887171.5066073397],[729048.8727888914,2887172.600918871],[729049.7393971024,2887168.282552126],[729044.2337315995,2887167.199320326]]]]},"properties":{"height":6.0,"min_height":0.0},"id":""},{"type":"Feature","geometry":{"type":"MultiPolygon","coordinates":[[[[729059.503461339,2887146.8970537437],[729068.3630494105,2887149.0589422937],[729066.4878528356,2887156.662422436],[729057.6282698711,2887154.500534784],[729059.503461339,2887146.8970537437]]]]},"properties":{"height":6.0,"min_height":0.0},"id":""},{"type":"Feature","geometry":{"type":"MultiPolygon","coordinates":[[[[729037.4031314438,2887174.8708379674],[729024.943423544,2887173.111173375],[729027.7732880646,2887153.3327487255],[729040.232820191,2887155.1034945827],[729037.4031314438,2887174.8708379674]],[[729029.2809927997,2887167.7676611166],[729028.8140793787,2887170.9847174296],[729033.8359063114,2887171.693683735],[729034.2928155409,2887168.4764515865],[729029.2809927997,2887167.7676611166]]]]},"properties":{"height":6.0,"min_height":0.0},"id":""},{"type":"Feature","geometry":{"type":"MultiPolygon","coordinates":[[[[729046.8855682757,2887109.7342468086],[729043.3287373666,2887124.1798610077],[729034.897611607,2887122.1252753465],[729038.4544332818,2887107.6796595287],[729046.8855682757,2887109.7342468086]]]]},"properties":{"height":6.0,"min_height":0.0},"id":""},{"type":"Feature","geometry":{"type":"MultiPolygon","coordinates":[[[[729037.1313708716,2887107.7893972797],[729028.5960336621,2887107.107324411],[729029.5405977268,2887095.5085426336],[729038.0759425983,2887096.190615557],[729037.1313708716,2887107.7893972797]]]]},"properties":{"height":6.0,"min_height":0.0},"id":""},{"type":"Feature","geometry":{"type":"MultiPolygon","coordinates":[[[[729047.8350049641,2887104.120579996],[729039.4935261551,2887102.089735609],[729043.2556564574,2887086.783226185],[729051.6071504527,2887088.8142481972],[729047.8350049641,2887104.120579996]]]]},"properties":{"height":6.0,"min_height":0.0},"id":""},{"type":"Feature","geometry":{"type":"MultiPolygon","coordinates":[[[[729047.676000526,2887117.717101296],[729062.5071421446,2887057.4736725953],[729080.7047567756,2887061.916696061],[729065.8735320398,2887122.1601101942],[729047.676000526,2887117.717101296]],[[729065.5429123851,2887066.970101574],[729065.0250441864,2887069.1000891794],[729072.98789115,2887071.0356228407],[729073.515571312,2887068.9168913676],[729065.5429123851,2887066.970101574]],[[729059.2902285022,2887082.7537319805],[729058.3529222952,2887086.5388525845],[729070.1226647198,2887089.4058310273],[729071.0599743039,2887085.6207110197],[729059.2902285022,2887082.7537319805]],[[729067.1153496437,2887107.3191219913],[729067.6222376609,2887105.2443583263],[729053.789554919,2887101.87560401],[729053.2828639061,2887103.939288089],[729067.1153496437,2887107.3191219913]]]]},"properties":{"height":6.0,"min_height":0.0},"id":""},{"type":"Feature","geometry":{"type":"MultiPolygon","coordinates":[[[[729061.7206625501,2887130.089290309],[729057.9261626294,2887145.5282276305],[729045.0501502082,2887142.397968997],[729048.8548353524,2887126.9481250104],[729061.7206625501,2887130.089290309]]]]},"properties":{"height":6.0,"min_height":0.0},"id":""},{"type":"Feature","geometry":{"type":"MultiPolygon","coordinates":[[[[729067.5503164426,2887146.329219622],[729060.5245225868,2887144.60966366],[729061.9153739098,2887138.9372590585],[729068.9511762534,2887140.656991496],[729067.5503164426,2887146.329219622]]]]},"properties":{"height":6.0,"min_height":0.0},"id":""},{"type":"Feature","geometry":{"type":"MultiPolygon","coordinates":[[[[729075.6592520424,2887139.954785406],[729073.7148108005,2887139.543755827],[729074.3157720094,2887136.672642565],[729085.6821506775,2887092.4724678085],[729100.4107844902,2887095.546678093],[729090.3778268844,2887143.028812349],[729075.6592520424,2887139.954785406]],[[729095.9871907741,2887097.242222284],[729090.7918621094,2887096.153347846],[729090.0710928942,2887099.5765232365],[729095.2666150613,2887100.654317523],[729095.9871907741,2887097.242222284]],[[729084.7701233707,2887123.8445917172],[729090.3644910513,2887125.0069829086],[729091.5985816998,2887119.143405686],[729086.0044063657,2887117.969934186],[729084.7701233707,2887123.8445917172]]]]},"properties":{"height":6.0,"min_height":0.0},"id":""},{"type":"Feature","geometry":{"type":"MultiPolygon","coordinates":[[[[729078.0872040578,2887116.8553632684],[729072.8918195083,2887137.9665250136],[729062.9259034954,2887135.5413449365],[729068.1314724162,2887114.4192763795],[729078.0872040578,2887116.8553632684]],[[729069.9231181885,2887116.68962732],[729069.0389550724,2887120.2983476855],[729074.4304876119,2887121.612332366],[729075.3146522009,2887118.003612257],[729069.9231181885,2887116.68962732]]]]},"properties":{"height":6.0,"min_height":0.0},"id":""},{"type":"Feature","geometry":{"type":"MultiPolygon","coordinates":[[[[729084.2921650247,2887092.4036897817],[729078.5798696053,2887115.5894372705],[729068.8232725675,2887113.212268826],[729074.5355508381,2887090.026518327],[729084.2921650247,2887092.4036897817]]]]},"properties":{"height":6.0,"min_height":0.0},"id":""},{"type":"Feature","geometry":{"type":"MultiPolygon","coordinates":[[[[729091.1906079466,2887142.910105967],[729103.5500668021,2887084.9285835233],[729115.2667870994,2887087.3956687488],[729104.8315103211,2887145.7989459964],[729091.1906079466,2887142.910105967]],[[729102.5375077788,2887104.3732116106],[729107.48327978,2887105.4244517516],[729108.3562126723,2887101.3167828186],[729103.4102442478,2887100.2766224258],[729102.5375077788,2887104.3732116106]],[[729098.6380277893,2887120.0873800884],[729097.635094652,2887124.7580160247],[729105.1036708502,2887126.341294882],[729106.0967960481,2887121.659403381],[729098.6380277893,2887120.0873800884]]]]},"properties":{"height":6.0,"min_height":0.0},"id":""},{"type":"Feature","geometry":{"type":"MultiPolygon","coordinates":[[[[729099.586523469,2887169.159157204],[729089.2261355866,2887166.9708510805],[729090.6992455305,2887160.036388425],[729101.0598337797,2887162.2136153486],[729099.586523469,2887169.159157204]]]]},"properties":{"height":6.0,"min_height":0.0},"id":""},{"type":"Feature","geometry":{"type":"MultiPolygon","coordinates":[[[[729101.6278001459,2887160.6497628633],[729093.2624554508,2887158.8401280115],[729095.6685280914,2887147.7990519763],[729104.0338798384,2887149.608687851],[729101.6278001459,2887160.6497628633]]]]},"properties":{"height":6.0,"min_height":0.0},"id":""},{"type":"Feature","geometry":{"type":"MultiPolygon","coordinates":[[[[729086.059737695,2887167.181165511],[729066.021398719,2887162.1294145347],[729069.8491080225,2887147.0789814396],[729074.8511955838,2887148.341785271],[729076.1091273725,2887143.3985479274],[729086.541979857,2887146.0203683455],[729083.8427661761,2887156.657287941],[729088.4463846964,2887157.8133392585],[729086.059737695,2887167.181165511]]]]},"properties":{"height":6.0,"min_height":0.0},"id":""},{"type":"Feature","geometry":{"type":"MultiPolygon","coordinates":[[[[729066.0798669743,2887171.8949095826],[729067.9184210219,2887164.6676203473],[729078.7497212365,2887167.396193385],[729076.1587547706,2887177.5695151286],[729070.1800427535,2887176.0678673536],[729070.9224424752,2887173.121657556],[729066.0798669743,2887171.8949095826]]]]},"properties":{"height":6.0,"min_height":0.0},"id":""},{"type":"Feature","geometry":{"type":"MultiPolygon","coordinates":[[[[729082.1970571927,2887181.9428122262],[729076.7665032649,2887180.572718696],[729079.5616028721,2887169.6049827966],[729084.9921613042,2887170.9750771592],[729082.1970571927,2887181.9428122262]]]]},"properties":{"height":6.0,"min_height":0.0},"id":""},{"type":"Feature","geometry":{"type":"MultiPolygon","coordinates":[[[[729079.5978721539,2887185.754122098],[729078.7310002381,2887191.225155855],[729062.032836868,2887188.603995019],[729062.899701731,2887183.1329606725],[729079.5978721539,2887185.754122098]]]]},"properties":{"height":6.0,"min_height":0.0},"id":""},{"type":"Feature","geometry":{"type":"MultiPolygon","coordinates":[[[[729076.2148701448,2887211.9400991076],[729080.3465258463,2887185.867038744],[729095.9566325875,2887188.325002501],[729091.8251403454,2887214.386980266],[729076.2148701448,2887211.9400991076]],[[729083.1866448809,2887187.13615971],[729082.7814368664,2887189.6892970027],[729088.7100470662,2887190.624817116],[729089.1152562487,2887188.0716799228],[729083.1866448809,2887187.13615971]],[[729094.46213368,2887191.922987346],[729094.9455665298,2887188.9057234894],[729092.3605906662,2887188.4945083517],[729091.8769635512,2887191.5228522248],[729094.46213368,2887191.922987346]],[[729081.1452200054,2887202.4840060137],[729080.7060991176,2887205.2582147727],[729085.1175812298,2887205.956468418],[729085.5568979247,2887203.171179773],[729081.1452200054,2887202.4840060137]],[[729088.9382329617,2887208.9496781984],[729088.3520867674,2887212.6855562506],[729091.2366355525,2887213.135289934],[729091.8325931269,2887209.410667885],[729088.9382329617,2887208.9496781984]]]]},"properties":{"height":6.0,"min_height":0.0},"id":""},{"type":"Feature","geometry":{"type":"MultiPolygon","coordinates":[[[[729097.9286828226,2887171.8010972403],[729095.2302485697,2887184.1005378496],[729084.9707062088,2887181.8696741005],[729087.669130829,2887169.5702320775],[729097.9286828226,2887171.8010972403]]]]},"properties":{"height":6.0,"min_height":0.0},"id":""},{"type":"Feature","geometry":{"type":"MultiPolygon","coordinates":[[[[729117.2494192682,2887185.7845770186],[729116.3037233652,2887191.752976018],[729098.5675324018,2887188.9694255614],[729099.5132201354,2887183.0010258784],[729117.2494192682,2887185.7845770186]]]]},"properties":{"height":6.0,"min_height":0.0},"id":""},{"type":"Feature","geometry":{"type":"MultiPolygon","coordinates":[[[[729129.5348065781,2887198.5914110625],[729117.1621854862,2887196.434184894],[729118.5300553937,2887188.655534954],[729130.9026838962,2887190.812761874],[729129.5348065781,2887198.5914110625]]]]},"properties":{"height":6.0,"min_height":0.0},"id":""},{"type":"Feature","geometry":{"type":"MultiPolygon","coordinates":[[[[729134.9367225401,2887149.243404964],[729154.8553235224,2887155.4125789087],[729152.8572824576,2887161.4622145724],[729133.0426429329,2887155.073203669],[729134.9367225401,2887149.243404964]]]]},"properties":{"height":6.0,"min_height":0.0},"id":""},{"type":"Feature","geometry":{"type":"MultiPolygon","coordinates":[[[[729146.0214778899,2887170.563348029],[729159.9657584212,2887170.9970720643],[729159.856406196,2887177.2129343976],[729145.9203835723,2887176.8791057067],[729146.0214778899,2887170.563348029]]]]},"properties":{"height":6.0,"min_height":0.0},"id":""},{"type":"Feature","geometry":{"type":"MultiPolygon","coordinates":[[[[729138.077352253,2887178.946734042],[729158.4201020233,2887180.3464346775],[729157.199234759,2887188.870256361],[729134.6862295953,2887188.5185529296],[729134.7425566535,2887185.3164423304],[729136.8839147701,2887185.343026873],[729138.077352253,2887178.946734042]]]]},"properties":{"height":6.0,"min_height":0.0},"id":""},{"type":"Feature","geometry":{"type":"MultiPolygon","coordinates":[[[[729135.6065394906,2887197.0800401676],[729154.8599675851,2887199.5245820754],[729153.5825759657,2887211.2615949004],[729134.3291653672,2887208.8170535876],[729135.6065394906,2887197.0800401676]]]]},"properties":{"height":6.0,"min_height":0.0},"id":""},{"type":"Feature","geometry":{"type":"MultiPolygon","coordinates":[[[[729186.4238999444,2887201.398825149],[729185.1853251379,2887195.5693312804],[729188.0985969648,2887194.9555852595],[729189.3371705832,2887200.7850794927],[729186.4238999444,2887201.398825149]]]]},"properties":{"height":6.0,"min_height":0.0},"id":""},{"type":"Feature","geometry":{"type":"MultiPolygon","coordinates":[[[[729187.8669094627,2887156.359110388],[729191.1889051348,2887140.479630748],[729200.9915328339,2887142.5141191133],[729197.6695252487,2887158.393597134],[729187.8669094627,2887156.359110388]],[[729192.1396029559,2887145.6058052094],[729198.2326695333,2887146.8656860525],[729199.0518987121,2887142.9676602767],[729192.9490197916,2887141.696523171],[729192.1396029559,2887145.6058052094]]]]},"properties":{"height":6.0,"min_height":0.0},"id":""},{"type":"Feature","geometry":{"type":"MultiPolygon","coordinates":[[[[729188.8314386745,2887143.0649179257],[729186.8543555444,2887152.4731886624],[729182.4565666806,2887151.564558186],[729184.4236411727,2887142.156110979],[729188.8314386745,2887143.0649179257]]]]},"properties":{"height":6.0,"min_height":0.0},"id":""},{"type":"Feature","geometry":{"type":"MultiPolygon","coordinates":[[[[729185.0144267782,2887162.0501236846],[729178.322988711,2887160.668886842],[729179.9622142306,2887152.8285138155],[729186.6536563111,2887154.2097512027],[729185.0144267782,2887162.0501236846]]]]},"properties":{"height":6.0,"min_height":0.0},"id":""},{"type":"Feature","geometry":{"type":"MultiPolygon","coordinates":[[[[729179.3228052602,2887166.4165947186],[729178.561920256,2887172.687495093],[729169.1543325379,2887171.5244767903],[729169.9250234975,2887165.264832201],[729179.3228052602,2887166.4165947186]]]]},"properties":{"height":6.0,"min_height":0.0},"id":""},{"type":"Feature","geometry":{"type":"MultiPolygon","coordinates":[[[[729177.2161789285,2887117.7677451316],[729174.2257619607,2887123.334416716],[729168.6635606982,2887120.3437942816],[729171.653975722,2887114.7771215662],[729177.2161789285,2887117.7677451316]]]]},"properties":{"height":6.0,"min_height":0.0},"id":""},{"type":"Feature","geometry":{"type":"MultiPolygon","coordinates":[[[[729155.3848352889,2887152.0525413547],[729166.3904944359,2887121.5451455214],[729187.8840783434,2887129.216167376],[729176.8783717835,2887159.7235485725],[729155.3848352889,2887152.0525413547]],[[729182.645291206,2887132.30493121],[729169.6557176069,2887127.6652081544],[729167.5299345519,2887133.5795942293],[729180.5195025972,2887138.219315578],[729182.645291206,2887132.30493121]],[[729173.6993688821,2887157.805607752],[729174.9414175911,2887154.336189105],[729161.325224024,2887149.4748635176],[729160.0733681938,2887152.933027222],[729173.6993688821,2887157.805607752]]]]},"properties":{"height":6.0,"min_height":0.0},"id":""},{"type":"Feature","geometry":{"type":"MultiPolygon","coordinates":[[[[729188.9013505175,2887141.935641242],[729185.3212776352,2887141.1965649915],[729187.6156165787,2887130.2532835095],[729191.195692457,2887130.992360169],[729188.9013505175,2887141.935641242]]]]},"properties":{"height":6.0,"min_height":0.0},"id":""},{"type":"Feature","geometry":{"type":"MultiPolygon","coordinates":[[[[729192.2986043054,2887120.0724501777],[729189.0139179901,2887129.2803797345],[729177.6347049499,2887125.267485653],[729180.9193836697,2887116.059553791],[729192.2986043054,2887120.0724501777]]]]},"properties":{"height":6.0,"min_height":0.0},"id":""},{"type":"Feature","geometry":{"type":"MultiPolygon","coordinates":[[[[729195.3304165766,2887114.4289265284],[729193.4776292793,2887119.6166084697],[729180.9844212861,2887115.20727636],[729182.8372038878,2887110.019592991],[729195.3304165766,2887114.4289265284]]]]},"properties":{"height":6.0,"min_height":0.0},"id":""},{"type":"Feature","geometry":{"type":"MultiPolygon","coordinates":[[[[729195.5502163324,2887113.313370498],[729186.1902147536,2887110.012085085],[729187.8745294838,2887105.298024342],[729197.2245287617,2887108.599134682],[729195.5502163324,2887113.313370498]]]]},"properties":{"height":6.0,"min_height":0.0},"id":""},{"type":"Feature","geometry":{"type":"MultiPolygon","coordinates":[[[[729181.5835553609,2887097.650630957],[729189.0184840926,2887075.548142415],[729203.2075991838,2887080.275486704],[729195.7726474946,2887102.377968852],[729181.5835553609,2887097.650630957]],[[729195.9713575213,2887093.359578044],[729186.8768114061,2887090.32896568],[729185.937001196,2887093.1165305707],[729195.031545453,2887096.1471424163],[729195.9713575213,2887093.359578044]]]]},"properties":{"height":6.0,"min_height":0.0},"id":""},{"type":"Feature","geometry":{"type":"MultiPolygon","coordinates":[[[[729178.9865905169,2887105.8842396843],[729178.195883776,2887112.143531799],[729169.8472748052,2887111.087815341],[729170.6379775029,2887104.828523018],[729178.9865905169,2887105.8842396843]]]]},"properties":{"height":6.0,"min_height":0.0},"id":""},{"type":"Feature","geometry":{"type":"MultiPolygon","coordinates":[[[[729145.9007338095,2887084.6870725304],[729146.3092090117,2887089.914537116],[729139.3234801235,2887090.4677414233],[729138.9150021812,2887085.240277257],[729145.9007338095,2887084.6870725304]]]]},"properties":{"height":6.0,"min_height":0.0},"id":""},{"type":"Feature","geometry":{"type":"MultiPolygon","coordinates":[[[[729144.8498402772,2887098.9107495006],[729164.1223221775,2887100.2805373617],[729162.8262097265,2887113.0812260965],[729142.5483866356,2887107.415563129],[729144.8498402772,2887098.9107495006]]]]},"properties":{"height":6.0,"min_height":0.0},"id":""},{"type":"Feature","geometry":{"type":"MultiPolygon","coordinates":[[[[729112.9774462251,2887143.5814566156],[729110.1116159912,2887128.9785555424],[729118.8793335531,2887127.259674278],[729121.7451547364,2887141.8625779417],[729112.9774462251,2887143.5814566156]]]]},"properties":{"height":6.0,"min_height":0.0},"id":""},{"type":"Feature","geometry":{"type":"MultiPolygon","coordinates":[[[[729129.5927977862,2887090.030578165],[729128.5507549018,2887102.614068232],[729124.3531227871,2887102.274233039],[729125.3953564711,2887089.6796629718],[729129.5927977862,2887090.030578165]]]]},"properties":{"height":6.0,"min_height":0.0},"id":""},{"type":"Feature","geometry":{"type":"MultiPolygon","coordinates":[[[[729116.4396935813,2887083.3043595715],[729107.3754723162,2887081.39376092],[729109.448398073,2887071.65466721],[729118.5124312106,2887073.57634677],[729116.4396935813,2887083.3043595715]]]]},"properties":{"height":6.0,"min_height":0.0},"id":""},{"type":"Feature","geometry":{"type":"MultiPolygon","coordinates":[[[[729122.7683385671,2887068.896427069],[729114.2227022368,2887065.9531069538],[729117.6804905036,2887056.0056200176],[729126.2261330195,2887058.948941942],[729122.7683385671,2887068.896427069]]]]},"properties":{"height":6.0,"min_height":0.0},"id":""},{"type":"Feature","geometry":{"type":"MultiPolygon","coordinates":[[[[729134.4121094642,2887071.528496251],[729127.2506186096,2887068.986349431],[729128.9239350534,2887064.3275063257],[729136.0854283224,2887066.8696538857],[729134.4121094642,2887071.528496251]]]]},"properties":{"height":6.0,"min_height":0.0},"id":""},{"type":"Feature","geometry":{"type":"MultiPolygon","coordinates":[[[[729122.6939059094,2887078.249501814],[729132.3020000614,2887080.535429635],[729131.0996626664,2887088.0066553787],[729120.4398879949,2887084.6271409476],[729122.6939059094,2887078.249501814]]]]},"properties":{"height":6.0,"min_height":0.0},"id":""},{"type":"Feature","geometry":{"type":"MultiPolygon","coordinates":[[[[729135.8972118609,2887069.603941558],[729144.0000384764,2887047.080929599],[729157.9549769252,2887052.036852281],[729149.8519326579,2887074.5709372167],[729135.8972118609,2887069.603941558]],[[729141.9321560832,2887059.945626177],[729144.5780355318,2887060.878839754],[729145.3990067234,2887058.5879349303],[729142.7533217359,2887057.643641252],[729141.9321560832,2887059.945626177]],[[729149.6248512767,2887060.1696121753],[729148.79387386,2887062.46034078],[729151.4495630375,2887063.4048118005],[729152.2705353646,2887061.1139073246],[729149.6248512767,2887060.1696121753]]]]},"properties":{"height":6.0,"min_height":0.0},"id":""},{"type":"Feature","geometry":{"type":"MultiPolygon","coordinates":[[[[729135.7614769748,2887063.0956016127],[729130.539561563,2887061.2414905275],[729134.1280201995,2887051.2630549874],[729139.3399338444,2887053.1169912335],[729135.7614769748,2887063.0956016127]]]]},"properties":{"height":6.0,"min_height":0.0},"id":""},{"type":"Feature","geometry":{"type":"MultiPolygon","coordinates":[[[[729141.4898870528,2887050.9492136445],[729134.398229381,2887048.419375651],[729136.2717900982,2887043.187718877],[729143.3636453543,2887045.7064777263],[729141.4898870528,2887050.9492136445]]]]},"properties":{"height":6.0,"min_height":0.0},"id":""},{"type":"Feature","geometry":{"type":"MultiPolygon","coordinates":[[[[729160.0817395406,2887040.9465359254],[729156.7994666199,2887048.879924295],[729148.2237402459,2887045.370800046],[729151.4960028542,2887037.437233864],[729160.0817395406,2887040.9465359254]]]]},"properties":{"height":6.0,"min_height":0.0},"id":""},{"type":"Feature","geometry":{"type":"MultiPolygon","coordinates":[[[[729150.2008627173,2887029.7004085383],[729142.6216505495,2887027.006823132],[729143.9162608543,2887023.394242213],[729151.4952801013,2887026.098908192],[729150.2008627173,2887029.7004085383]]]]},"properties":{"height":6.0,"min_height":0.0},"id":""},{"type":"Feature","geometry":{"type":"MultiPolygon","coordinates":[[[[729145.926549044,2887036.563426051],[729139.9388737017,2887034.429840656],[729142.2854911255,2887027.9097483777],[729148.2731692888,2887030.0433346406],[729145.926549044,2887036.563426051]]]]},"properties":{"height":6.0,"min_height":0.0},"id":""},{"type":"Feature","geometry":{"type":"MultiPolygon","coordinates":[[[[729133.308133831,2887042.681170205],[729124.8819633407,2887039.7731960877],[729131.0064220675,2887022.1807404514],[729139.4327982377,2887025.077637763],[729133.308133831,2887042.681170205]]]]},"properties":{"height":6.0,"min_height":0.0},"id":""},{"type":"Feature","geometry":{"type":"MultiPolygon","coordinates":[[[[729128.2566636107,2887055.6042222087],[729119.4224176338,2887052.5671558836],[729122.4269779708,2887043.919538498],[729131.2610346205,2887046.967686413],[729128.2566636107,2887055.6042222087]]]]},"properties":{"height":6.0,"min_height":0.0},"id":""},{"type":"Feature","geometry":{"type":"MultiPolygon","coordinates":[[[[729121.0228222816,2887043.5180060063],[729117.9451060279,2887052.3416712224],[729110.1854131419,2887049.6670963913],[729113.2531188682,2887040.8432537364],[729121.0228222816,2887043.5180060063]]]]},"properties":{"height":6.0,"min_height":0.0},"id":""},{"type":"Feature","geometry":{"type":"MultiPolygon","coordinates":[[[[729123.5453126028,2887039.5169347995],[729115.0693055242,2887036.5970074586],[729121.43596205,2887018.321637914],[729129.9019748407,2887021.2413925715],[729123.5453126028,2887039.5169347995]]]]},"properties":{"height":6.0,"min_height":0.0},"id":""},{"type":"Feature","geometry":{"type":"MultiPolygon","coordinates":[[[[729105.8913496619,2887018.9570803544],[729108.4665807486,2887011.3880819352],[729119.1427280158,2887014.9784529316],[729116.5674910236,2887022.5474496786],[729105.8913496619,2887018.9570803544]]]]},"properties":{"height":6.0,"min_height":0.0},"id":""},{"type":"Feature","geometry":{"type":"MultiPolygon","coordinates":[[[[729122.3604570015,2887003.885154769],[729115.5834856273,2886999.964357298],[729118.0702460577,2886995.7188216285],[729124.8472191499,2886999.639620265],[729122.3604570015,2887003.885154769]]]]},"properties":{"height":6.0,"min_height":0.0},"id":""},{"type":"Feature","geometry":{"type":"MultiPolygon","coordinates":[[[[729117.3203390694,2887011.610299534],[729110.0438785967,2887009.343228355],[729111.6123941885,2887004.3832885306],[729118.8890522025,2887006.6392804235],[729117.3203390694,2887011.610299534]]]]},"properties":{"height":6.0,"min_height":0.0},"id":""},{"type":"Feature","geometry":{"type":"MultiPolygon","coordinates":[[[[729125.9370375074,2886996.2894373327],[729117.9026784186,2886993.8649480357],[729120.0161709681,2886986.941750176],[729128.0505341872,2886989.366240469],[729125.9370375074,2886996.2894373327]]]]},"properties":{"height":6.0,"min_height":0.0},"id":""},{"type":"Feature","geometry":{"type":"MultiPolygon","coordinates":[[[[729133.0590636493,2886971.4881554777],[729124.3956341294,2886968.4097621427],[729129.0478746418,2886955.4242686275],[729137.7213179115,2886958.502840443],[729133.0590636493,2886971.4881554777]]]]},"properties":{"height":6.0,"min_height":0.0},"id":""},{"type":"Feature","geometry":{"type":"MultiPolygon","coordinates":[[[[729138.1123148066,2886986.9164538947],[729143.0742440125,2886988.1896556183],[729142.5273848288,2886990.828967513],[729137.4613080628,2886989.786685266],[729138.1123148066,2886986.9164538947]]]]},"properties":{"height":6.0,"min_height":0.0},"id":""},{"type":"Feature","geometry":{"type":"MultiPolygon","coordinates":[[[[729154.0159013078,2887026.187581667],[729144.853923546,2887022.4353971938],[729147.687049027,2887015.5691947285],[729156.8492261027,2887019.3103008997],[729154.0159013078,2887026.187581667]]]]},"properties":{"height":6.0,"min_height":0.0},"id":""},{"type":"Feature","geometry":{"type":"MultiPolygon","coordinates":[[[[729177.4403402857,2886965.0757279773],[729186.5448533176,2886968.682837064],[729180.3959380817,2886984.246582675],[729171.2894858898,2886980.7502768063],[729177.4403402857,2886965.0757279773]]]]},"properties":{"height":6.0,"min_height":0.0},"id":""},{"type":"Feature","geometry":{"type":"MultiPolygon","coordinates":[[[[729196.3458339041,2887033.393895759],[729191.4666356837,2887031.4017063654],[729194.968212814,2887022.95126332],[729199.8374083611,2887024.9432777683],[729196.3458339041,2887033.393895759]]]]},"properties":{"height":6.0,"min_height":0.0},"id":""},{"type":"Feature","geometry":{"type":"MultiPolygon","coordinates":[[[[729190.6700262194,2887030.6007696986],[729185.6815448228,2887028.5623263535],[729187.6573925277,2887023.775810435],[729192.6458755969,2887025.814254413],[729190.6700262194,2887030.6007696986]]]]},"properties":{"height":6.0,"min_height":0.0},"id":""},{"type":"Feature","geometry":{"type":"MultiPolygon","coordinates":[[[[729186.8288495686,2887039.0119885807],[729179.6443485717,2887036.0704067107],[729182.383347289,2887029.4353056205],[729189.5780521177,2887032.3659848203],[729186.8288495686,2887039.0119885807]]]]},"properties":{"height":6.0,"min_height":0.0},"id":""},{"type":"Feature","geometry":{"type":"MultiPolygon","coordinates":[[[[729164.1675790021,2887032.849949913],[729168.5476138938,2887022.2536927965],[729181.8734564059,2887027.697325081],[729177.4934116262,2887038.293578454],[729164.1675790021,2887032.849949913]]]]},"properties":{"height":6.0,"min_height":0.0},"id":""},{"type":"Feature","geometry":{"type":"MultiPolygon","coordinates":[[[[729161.5502816173,2887036.550094995],[729154.3855909748,2887033.619959566],[729157.291487528,2887026.5998714245],[729164.4561816914,2887029.5300081903],[729161.5502816173,2887036.550094995]]]]},"properties":{"height":6.0,"min_height":0.0},"id":""},{"type":"Feature","geometry":{"type":"MultiPolygon","coordinates":[[[[729173.811616947,2887049.0240342068],[729168.5501842273,2887063.639140048],[729156.3857325441,2887059.313204819],[729161.6371468578,2887044.6979190055],[729173.811616947,2887049.0240342068]]]]},"properties":{"height":6.0,"min_height":0.0},"id":""},{"type":"Feature","geometry":{"type":"MultiPolygon","coordinates":[[[[729173.8431035483,2887068.8527854076],[729168.3626101909,2887066.905442208],[729171.3829244685,2887058.50194514],[729176.863421156,2887060.449289362],[729173.8431035483,2887068.8527854076]]]]},"properties":{"height":6.0,"min_height":0.0},"id":""},{"type":"Feature","geometry":{"type":"MultiPolygon","coordinates":[[[[729161.5144056848,2887079.553040563],[729150.424326892,2887075.600678585],[729155.7702624992,2887060.7321359087],[729166.8603532194,2887064.6845015516],[729161.5144056848,2887079.553040563]]]]},"properties":{"height":6.0,"min_height":0.0},"id":""},{"type":"Feature","geometry":{"type":"MultiPolygon","coordinates":[[[[729177.8494024512,2887072.1042030333],[729173.0361396149,2887087.414362487],[729161.887466373,2887083.9486284074],[729166.7007165863,2887068.6384657715],[729177.8494024512,2887072.1042030333]]]]},"properties":{"height":6.0,"min_height":0.0},"id":""},{"type":"Feature","geometry":{"type":"MultiPolygon","coordinates":[[[[729170.9777242278,2887094.0503544295],[729183.0382001713,2887060.4803396203],[729192.9048174681,2887064.001117301],[729180.8443175664,2887097.5711247544],[729170.9777242278,2887094.0503544295]],[[729181.3334726896,2887070.336738486],[729180.691361424,2887072.132035437],[729186.2114833519,2887074.1022482044],[729186.8535953346,2887072.3069514725],[729181.3334726896,2887070.336738486]],[[729175.8110473405,2887086.1331735924],[729174.9377051196,2887088.556156328],[729180.3685506124,2887090.4804629907],[729181.2318882728,2887088.057304518],[729175.8110473405,2887086.1331735924]]]]},"properties":{"height":6.0,"min_height":0.0},"id":""},{"type":"Feature","geometry":{"type":"MultiPolygon","coordinates":[[[[729178.6578395485,2887069.9571634517],[729175.1069188394,2887068.6976851337],[729179.4004798841,2887056.7588190166],[729182.9514036614,2887058.0182982767],[729178.6578395485,2887069.9571634517]]]]},"properties":{"height":6.0,"min_height":0.0},"id":""},{"type":"Feature","geometry":{"type":"MultiPolygon","coordinates":[[[[729192.2486141749,2887062.6152305272],[729185.4651926204,2887060.2016204135],[729187.5911873324,2887054.2761563486],[729194.3846173331,2887056.6899433937],[729192.2486141749,2887062.6152305272]]]]},"properties":{"height":6.0,"min_height":0.0},"id":""},{"type":"Feature","geometry":{"type":"MultiPolygon","coordinates":[[[[729189.698211316,2887075.028098418],[729196.3962619187,2887052.7131466316],[729210.7436721151,2887056.97777926],[729204.0455976899,2887079.2927254355],[729189.698211316,2887075.028098418]],[[729198.1244070807,2887059.1608403497],[729205.9701687129,2887061.493398637],[729207.2349102654,2887057.3039602134],[729199.3791406467,2887054.971225302],[729198.1244070807,2887059.1608403497]]]]},"properties":{"height":6.0,"min_height":0.0},"id":""},{"type":"Feature","geometry":{"type":"MultiPolygon","coordinates":[[[[729221.5831058358,2887084.8437613407],[729223.6865779312,2887077.3551459378],[729235.2401457997,2887080.562057234],[729233.1366672203,2887088.0506712515],[729221.5831058358,2887084.8437613407]]]]},"properties":{"height":6.0,"min_height":0.0},"id":""},{"type":"Feature","geometry":{"type":"MultiPolygon","coordinates":[[[[729234.4120478672,2887077.0007961066],[729236.6202120587,2887066.9759253305],[729246.6404791042,2887069.1583575355],[729244.4423127669,2887079.1834032605],[729234.4120478672,2887077.0007961066]]]]},"properties":{"height":6.0,"min_height":0.0},"id":""},{"type":"Feature","geometry":{"type":"MultiPolygon","coordinates":[[[[729231.1531739461,2887053.457720654],[729239.4219589517,2887056.2078291066],[729236.865886679,2887063.8214790416],[729228.5971062838,2887061.071371869],[729231.1531739461,2887053.457720654]]]]},"properties":{"height":6.0,"min_height":0.0},"id":""},{"type":"Feature","geometry":{"type":"MultiPolygon","coordinates":[[[[729225.1318227698,2887071.4398744428],[729224.5915242494,2887071.430366967],[729224.6008828458,2887070.898528393],[729225.1505400054,2887070.3761972925],[729225.1598986209,2887069.8443587166],[729225.6995503152,2887069.3218515706],[729228.9213309324,2887069.378544863],[729229.452270762,2887069.919891096],[729229.4429119709,2887070.451729682],[729228.8932546258,2887070.9740606137],[729228.8838958538,2887071.5058991974],[729228.3440491292,2887072.039486187],[729225.6525621499,2887071.9921244234],[729225.1318227698,2887071.4398744428]]]]},"properties":{"height":6.0,"min_height":0.0},"id":""},{"type":"Feature","geometry":{"type":"MultiPolygon","coordinates":[[[[729214.0573777356,2887059.7736858996],[729236.1105252011,2887065.226861979],[729232.6764026105,2887078.9430987714],[729210.6234730101,2887073.4788468396],[729214.0573777356,2887059.7736858996]],[[729213.7273381052,2887071.704700622],[729230.0204740567,2887075.73759224],[729232.0981632029,2887067.439435684],[729215.8050170122,2887063.406542226],[729213.7273381052,2887071.704700622]]]]},"properties":{"height":6.0,"min_height":0.0},"id":""},{"type":"Feature","geometry":{"type":"MultiPolygon","coordinates":[[[[729233.1897452082,2887044.0837506503],[729227.0539049285,2887062.884060963],[729213.50928764,2887058.5005342183],[729219.6449142253,2887039.7112988858],[729233.1897452082,2887044.0837506503]],[[729219.6612279988,2887052.435329572],[729218.6986681371,2887055.3776601455],[729224.47088133,2887057.241490743],[729225.4334424408,2887054.2991605033],[729219.6612279988,2887052.435329572]]]]},"properties":{"height":6.0,"min_height":0.0},"id":""},{"type":"Feature","geometry":{"type":"MultiPolygon","coordinates":[[[[729197.281949773,2887051.8642247017],[729205.7298244128,2887029.646563588],[729218.5360754939,2887034.4715062412],[729210.0883754699,2887056.6780805937],[729197.281949773,2887051.8642247017]],[[729207.097700351,2887037.229509625],[729212.7351718689,2887039.3569649043],[729214.7498185174,2887034.072381956],[729209.1123448707,2887031.9449259625],[729207.097700351,2887037.229509625]]]]},"properties":{"height":6.0,"min_height":0.0},"id":""},{"type":"Feature","geometry":{"type":"MultiPolygon","coordinates":[[[[729200.8702787128,2887038.4831970204],[729196.3489436094,2887036.630302805],[729200.1335395806,2887027.453336116],[729204.6650781017,2887029.295327507],[729200.8702787128,2887038.4831970204]]]]},"properties":{"height":6.0,"min_height":0.0},"id":""},{"type":"Feature","geometry":{"type":"MultiPolygon","coordinates":[[[[729203.6622311912,2886993.0017189668],[729199.6826097793,2886991.6460258276],[729200.6961710254,2886988.6491744136],[729204.6857988979,2886990.005043842],[729203.6622311912,2886993.0017189668]]]]},"properties":{"height":6.0,"min_height":0.0},"id":""},{"type":"Feature","geometry":{"type":"MultiPolygon","coordinates":[[[[729246.1274391867,2887014.7076564957],[729229.9861372752,2887009.4360825173],[729234.9241010179,2886994.438466555],[729251.0756212858,2886999.6991414414],[729246.1274391867,2887014.7076564957]]]]},"properties":{"height":6.0,"min_height":0.0},"id":""},{"type":"Feature","geometry":{"type":"MultiPolygon","coordinates":[[[[729283.791568218,2886969.1305584777],[729281.8940725124,2886976.8555445783],[729273.054007707,2886974.7160295155],[729274.9514982332,2886966.9910425106],[729283.791568218,2886969.1305584777]]]]},"properties":{"height":6.0,"min_height":0.0},"id":""},{"type":"Feature","geometry":{"type":"MultiPolygon","coordinates":[[[[729270.4457252941,2886975.058043831],[729291.078659136,2886981.029392965],[729288.8489332023,2886991.7077998715],[729267.4849619742,2886985.191583552],[729270.4457252941,2886975.058043831]]]]},"properties":{"height":6.0,"min_height":0.0},"id":""},{"type":"Feature","geometry":{"type":"MultiPolygon","coordinates":[[[[729288.9897157695,2886992.807534882],[729287.3979823182,2886999.6512297713],[729281.6163885376,2886998.3192113196],[729283.2183195846,2886991.4646120784],[729288.9897157695,2886992.807534882]]]]},"properties":{"height":6.0,"min_height":0.0},"id":""},{"type":"Feature","geometry":{"type":"MultiPolygon","coordinates":[[[[729281.9068583043,2887021.621640311],[729276.0966225286,2887020.211535476],[729281.2303857193,2886999.2101732213],[729287.0408257688,2887000.609199689],[729281.9068583043,2887021.621640311]]]]},"properties":{"height":6.0,"min_height":0.0},"id":""},{"type":"Feature","geometry":{"type":"MultiPolygon","coordinates":[[[[729265.2746161456,2887004.4378044764],[729275.4570290907,2887007.0775278956],[729272.2893152245,2887019.3021876547],[729262.0971011026,2887016.6512099532],[729265.2746161456,2887004.4378044764]]]]},"properties":{"height":6.0,"min_height":0.0},"id":""},{"type":"Feature","geometry":{"type":"MultiPolygon","coordinates":[[[[729250.6804349887,2887060.8282352504],[729240.1223974673,2887058.492252681],[729242.5341270112,2887047.7062100116],[729253.092173222,2887050.0421938933],[729250.6804349887,2887060.8282352504]]]]},"properties":{"height":6.0,"min_height":0.0},"id":""},{"type":"Feature","geometry":{"type":"MultiPolygon","coordinates":[[[[729274.6217694443,2887050.5541059715],[729261.1429597705,2887046.980776305],[729259.286468,2887056.3579130373],[729254.4788115774,2887055.4198807636],[729256.4007930709,2887045.733560921],[729254.4282739854,2887045.2111770767],[729255.3282135751,2887041.8465770134],[729244.6947347252,2887038.67800929],[729247.8306365006,2887028.259380034],[729278.4169813426,2887037.365151441],[729274.6217694443,2887050.5541059715]]]]},"properties":{"height":6.0,"min_height":0.0},"id":""},{"type":"Feature","geometry":{"type":"MultiPolygon","coordinates":[[[[729270.8678764799,2887072.2004261287],[729251.7505147974,2887068.8382008835],[729253.3061149429,2887060.0653554113],[729259.961284203,2887061.235403528],[729262.0619572916,2887049.357715054],[729274.5341795653,2887051.550070779],[729270.8678764799,2887072.2004261287]]]]},"properties":{"height":6.0,"min_height":0.0},"id":""},{"type":"Feature","geometry":{"type":"MultiPolygon","coordinates":[[[[729248.6163215332,2887067.7855371023],[729238.4571460257,2887065.534158566],[729239.7176191652,2887059.881638153],[729249.8767990561,2887062.133017347],[729248.6163215332,2887067.7855371023]]]]},"properties":{"height":6.0,"min_height":0.0},"id":""},{"type":"Feature","geometry":{"type":"MultiPolygon","coordinates":[[[[729246.6628200115,2887079.832067688],[729248.5515355554,2887069.1919891406],[729269.2254695487,2887072.825440344],[729267.3367370715,2887083.465517145],[729246.6628200115,2887079.832067688]],[[729261.818438921,2887074.568173102],[729260.9624073186,2887079.41872172],[729265.1330160538,2887080.1571274204],[729265.9990547381,2887075.3067550575],[729261.818438921,2887074.568173102]]]]},"properties":{"height":6.0,"min_height":0.0},"id":""},{"type":"Feature","geometry":{"type":"MultiPolygon","coordinates":[[[[729270.4117934025,2887135.644893637],[729273.1720102369,2887121.551049781],[729295.8440876688,2887125.951225535],[729293.0838463106,2887140.0450664],[729292.5454044143,2887142.7731901743],[729270.4117934025,2887135.644893637]]]]},"properties":{"height":6.0,"min_height":0.0},"id":""},{"type":"Feature","geometry":{"type":"MultiPolygon","coordinates":[[[[729259.7430370408,2887126.5238966923],[729252.5820462328,2887124.524771571],[729255.0159830276,2887115.8893016367],[729262.1769784673,2887117.8884277525],[729259.7430370408,2887126.5238966923]]]]},"properties":{"height":6.0,"min_height":0.0},"id":""},{"type":"Feature","geometry":{"type":"MultiPolygon","coordinates":[[[[729237.8751771441,2887109.9794443543],[729253.9395450155,2887116.2028592136],[729251.0579707207,2887123.5447763964],[729234.9936112253,2887117.32136447],[729237.8751771441,2887109.9794443543]]]]},"properties":{"height":6.0,"min_height":0.0},"id":""},{"type":"Feature","geometry":{"type":"MultiPolygon","coordinates":[[[[729253.1641996168,2887114.1942010135],[729239.6219836182,2887109.677682646],[729240.9418916282,2887105.766302547],[729254.4843065001,2887110.271742027],[729253.1641996168,2887114.1942010135]]]]},"properties":{"height":6.0,"min_height":0.0},"id":""},{"type":"Feature","geometry":{"type":"MultiPolygon","coordinates":[[[[729263.6163137099,2887113.447147834],[729262.3787832556,2887117.226975212],[729255.2336429632,2887114.8956259326],[729256.4809819309,2887111.1270540874],[729263.6163137099,2887113.447147834]]]]},"properties":{"height":6.0,"min_height":0.0},"id":""},{"type":"Feature","geometry":{"type":"MultiPolygon","coordinates":[[[[729237.8714752198,2887079.4778554654],[729269.8323120673,2887086.11403977],[729267.8330091301,2887095.6438300004],[729267.0782758428,2887099.2880701767],[729260.3970102096,2887097.8958891714],[729235.8721955905,2887089.007648876],[729237.8714752198,2887079.4778554654]]]]},"properties":{"height":6.0,"min_height":0.0},"id":""},{"type":"Feature","geometry":{"type":"MultiPolygon","coordinates":[[[[729256.3935415399,2887109.839840301],[729241.5970017537,2887104.3702391335],[729245.7565120051,2887093.227035753],[729260.5632641406,2887098.685736886],[729256.3935415399,2887109.839840301]]]]},"properties":{"height":6.0,"min_height":0.0},"id":""},{"type":"Feature","geometry":{"type":"MultiPolygon","coordinates":[[[[729239.1249961432,2887103.7947331294],[729228.5860390037,2887099.807665664],[729232.8034271139,2887088.7873950126],[729243.3421975586,2887092.785545246],[729239.1249961432,2887103.7947331294]]]]},"properties":{"height":6.0,"min_height":0.0},"id":""},{"type":"Feature","geometry":{"type":"MultiPolygon","coordinates":[[[[729238.6428433497,2887104.462335766],[729234.2764076329,2887115.9898183714],[729224.9297353668,2887112.5003208453],[729229.2963583465,2887100.9617557093],[729238.6428433497,2887104.462335766]]]]},"properties":{"height":6.0,"min_height":0.0},"id":""},{"type":"Feature","geometry":{"type":"MultiPolygon","coordinates":[[[[729223.1155497245,2887113.7873215415],[729213.3628047295,2887110.623189154],[729220.3109524501,2887089.4542375286],[729230.0637126218,2887092.6183739915],[729223.1155497245,2887113.7873215415]]]]},"properties":{"height":6.0,"min_height":0.0},"id":""},{"type":"Feature","geometry":{"type":"MultiPolygon","coordinates":[[[[729213.9024704882,2887106.6869944655],[729197.2741896478,2887101.7948011425],[729202.4970628701,2887084.253008612],[729219.1251704714,2887089.1562869623],[729213.9024704882,2887106.6869944655]]]]},"properties":{"height":6.0,"min_height":0.0},"id":""},{"type":"Feature","geometry":{"type":"MultiPolygon","coordinates":[[[[729210.0653970955,2887113.1586837997],[729222.0414337844,2887117.381609432],[729219.525534983,2887124.4196314295],[729207.5595098878,2887120.196883711],[729210.0653970955,2887113.1586837997]]]]},"properties":{"height":6.0,"min_height":0.0},"id":""},{"type":"Feature","geometry":{"type":"MultiPolygon","coordinates":[[[[729217.4987904746,2887133.8048588783],[729205.875549942,2887131.716156668],[729207.3162440169,2887123.7836250593],[729218.9394916426,2887125.8723280313],[729217.4987904746,2887133.8048588783]]]]},"properties":{"height":6.0,"min_height":0.0},"id":""},{"type":"Feature","geometry":{"type":"MultiPolygon","coordinates":[[[[729204.2998438266,2887125.1381414933],[729193.7760338386,2887121.4284529113],[729198.2502212782,2887108.8942666193],[729208.7640353292,2887112.6037820517],[729204.2998438266,2887125.1381414933]]]]},"properties":{"height":6.0,"min_height":0.0},"id":""},{"type":"Feature","geometry":{"type":"MultiPolygon","coordinates":[[[[729190.704032313,2887139.595511044],[729193.8507397601,2887124.577452809],[729205.0296522711,2887126.891076736],[729201.8829319752,2887141.9091332215],[729190.704032313,2887139.595511044]],[[729202.3311585629,2887127.242597874],[729196.5871050855,2887126.055357204],[729196.2159214051,2887127.811086827],[729201.9699795933,2887128.99850344],[729202.3311585629,2887127.242597874]],[[729199.57297634,2887139.518807885],[729194.0882908013,2887138.3804650675],[729193.8588757868,2887139.4736851333],[729199.3435608691,2887140.612027888],[729199.57297634,2887139.518807885]]]]},"properties":{"height":6.0,"min_height":0.0},"id":""},{"type":"Feature","geometry":{"type":"MultiPolygon","coordinates":[[[[729214.0819621468,2887151.0902580307],[729202.0895095493,2887148.939643977],[729204.816389075,2887133.8920333683],[729216.8088555564,2887136.042648907],[729214.0819621468,2887151.0902580307]]]]},"properties":{"height":6.0,"min_height":0.0},"id":""},{"type":"Feature","geometry":{"type":"MultiPolygon","coordinates":[[[[729227.8745646127,2887151.0447975756],[729216.0418106394,2887148.9191476023],[729217.847395617,2887139.020191898],[729229.6701531264,2887141.1456667725],[729227.8745646127,2887151.0447975756]]]]},"properties":{"height":6.0,"min_height":0.0},"id":""},{"type":"Feature","geometry":{"type":"MultiPolygon","coordinates":[[[[729229.8346023519,2887139.7631353545],[729218.1913572493,2887137.67406947],[729219.9751788015,2887127.874481573],[729231.6184326792,2887129.9635484046],[729229.8346023519,2887139.7631353545]]]]},"properties":{"height":6.0,"min_height":0.0},"id":""},{"type":"Feature","geometry":{"type":"MultiPolygon","coordinates":[[[[729221.3972171523,2887123.2777263597],[729223.4398630848,2887117.539218229],[729236.1818304827,2887122.030553949],[729234.1391792501,2887127.7690604753],[729221.3972171523,2887123.2777263597]]]]},"properties":{"height":6.0,"min_height":0.0},"id":""},{"type":"Feature","geometry":{"type":"MultiPolygon","coordinates":[[[[729235.0823850639,2887143.557341241],[729230.6526287611,2887142.7589659756],[729232.7911468465,2887131.0038585016],[729237.220907155,2887131.802234198],[729235.0823850639,2887143.557341241]]]]},"properties":{"height":6.0,"min_height":0.0},"id":""},{"type":"Feature","geometry":{"type":"MultiPolygon","coordinates":[[[[729222.5651142631,2887182.605562969],[729212.0011306999,2887180.6130750426],[729213.7877367644,2887171.223621547],[729224.3517279472,2887173.216110359],[729222.5651142631,2887182.605562969]]]]},"properties":{"height":6.0,"min_height":0.0},"id":""},{"type":"Feature","geometry":{"type":"MultiPolygon","coordinates":[[[[729227.8687747468,2887162.748768934],[729214.6391667121,2887160.3768700426],[729216.3682776967,2887150.8423208026],[729229.5977004548,2887153.225300703],[729227.8687747468,2887162.748768934]]]]},"properties":{"height":6.0,"min_height":0.0},"id":""},{"type":"Feature","geometry":{"type":"MultiPolygon","coordinates":[[[[729211.0894016274,2887167.5851183007],[729197.51077592,2887165.140594758],[729200.1929479209,2887150.3581986134],[729213.7715890704,2887152.8027238105],[729211.0894016274,2887167.5851183007]]]]},"properties":{"height":6.0,"min_height":0.0},"id":""},{"type":"Feature","geometry":{"type":"MultiPolygon","coordinates":[[[[729208.8749849052,2887186.498769505],[729191.3482613825,2887183.1867745337],[729193.8169898414,2887170.2958836313],[729211.3337252715,2887173.607704582],[729208.8749849052,2887186.498769505]]]]},"properties":{"height":6.0,"min_height":0.0},"id":""},{"type":"Feature","geometry":{"type":"MultiPolygon","coordinates":[[[[729204.4600090261,2887209.3193905707],[729200.1717151942,2887208.445929089],[729203.3111498462,2887193.272576646],[729207.5992536927,2887194.157118764],[729204.4600090261,2887209.3193905707]]]]},"properties":{"height":6.0,"min_height":0.0},"id":""},{"type":"Feature","geometry":{"type":"MultiPolygon","coordinates":[[[[729205.410399629,2887208.2056068056],[729210.7592772231,2887182.36456712],[729221.9983650453,2887184.6681860127],[729216.6394597916,2887210.509046661],[729205.410399629,2887208.2056068056]],[[729211.824754807,2887189.498859755],[729210.81866347,2887194.346769508],[729217.1910779697,2887195.65591068],[729218.1971716722,2887190.8080012444],[729211.824754807,2887189.498859755]]]]},"properties":{"height":6.0,"min_height":0.0},"id":""},{"type":"Feature","geometry":{"type":"MultiPolygon","coordinates":[[[[729228.322327448,2887184.1809683344],[729225.8173819524,2887196.284296869],[729220.7914121926,2887195.2426799107],[729223.296158053,2887183.150430726],[729228.322327448,2887184.1809683344]]]]},"properties":{"height":6.0,"min_height":0.0},"id":""},{"type":"Feature","geometry":{"type":"MultiPolygon","coordinates":[[[[729237.3970801244,2887191.7443806673],[729227.8136381437,2887189.769135139],[729228.9515003753,2887184.2585408054],[729238.5451468317,2887186.222882981],[729237.3970801244,2887191.7443806673]]]]},"properties":{"height":6.0,"min_height":0.0},"id":""},{"type":"Feature","geometry":{"type":"MultiPolygon","coordinates":[[[[729236.7848595179,2887192.4096941478],[729235.1769827873,2887200.173030988],[729240.2929988244,2887201.2162384735],[729237.4374512393,2887215.042406647],[729217.5023273533,2887210.9564833217],[729220.3678592627,2887197.130488408],[729225.7928756381,2887198.2456279714],[729227.4007467929,2887190.4822903867],[729236.7848595179,2887192.4096941478]],[[729227.5221940079,2887197.7994737173],[729233.8249578155,2887199.085230813],[729234.8638038409,2887194.08273083],[729228.5612326028,2887192.785893439],[729227.5221940079,2887197.7994737173]]]]},"properties":{"height":6.0,"min_height":0.0},"id":""},{"type":"Feature","geometry":{"type":"MultiPolygon","coordinates":[[[[729242.7684347933,2887201.0270519224],[729236.4268206538,2887199.6741062086],[729239.2820395867,2887186.435352528],[729245.6236601402,2887187.788299156],[729242.7684347933,2887201.0270519224]]]]},"properties":{"height":6.0,"min_height":0.0},"id":""},{"type":"Feature","geometry":{"type":"MultiPolygon","coordinates":[[[[729246.8877480068,2887184.7736931834],[729229.9097053749,2887180.9947157935],[729241.7259331604,2887128.3237423063],[729258.7042390001,2887132.0916500767],[729246.8877480068,2887184.7736931834]]]]},"properties":{"height":6.0,"min_height":0.0},"id":""},{"type":"Feature","geometry":{"type":"MultiPolygon","coordinates":[[[[729279.3012812926,2887198.655357622],[729258.1377506286,2887193.849496841],[729270.4291618571,2887140.344563351],[729291.5827732957,2887145.1502615972],[729294.3639640107,2887145.7866379735],[729292.3161214404,2887154.6616505594],[729289.544743043,2887154.0365305734],[729279.3012812926,2887198.655357622]]]]},"properties":{"height":6.0,"min_height":0.0},"id":""},{"type":"Feature","geometry":{"type":"MultiPolygon","coordinates":[[[[729265.5183506273,2887204.4088836587],[729256.6353005762,2887202.4459431446],[729258.3405144127,2887194.8394886097],[729267.2025836685,2887196.8574775667],[729265.5183506273,2887204.4088836587]]]]},"properties":{"height":6.0,"min_height":0.0},"id":""},{"type":"Feature","geometry":{"type":"MultiPolygon","coordinates":[[[[729289.5611807947,2887234.9789488674],[729251.2576977179,2887226.502038425],[729254.8096932197,2887210.6376993735],[729285.8352068095,2887217.5124108233],[729293.1130276106,2887219.125696806],[729289.5611807947,2887234.9789488674]]]]},"properties":{"height":6.0,"min_height":0.0},"id":""},{"type":"Feature","geometry":{"type":"MultiPolygon","coordinates":[[[[729285.8352068095,2887217.5124108233],[729254.8096932197,2887210.6376993735],[729256.6353005762,2887202.4459431446],[729265.5183506273,2887204.4088836587],[729287.6708389812,2887209.3208336285],[729285.8352068095,2887217.5124108233]]]]},"properties":{"height":6.0,"min_height":0.0},"id":""},{"type":"Feature","geometry":{"type":"MultiPolygon","coordinates":[[[[729270.8838152576,2887247.5734409215],[729263.2662156629,2887245.9320188463],[729266.4781583647,2887231.192204005],[729274.0955715113,2887232.844707299],[729270.8838152576,2887247.5734409215]]]]},"properties":{"height":6.0,"min_height":0.0},"id":""},{"type":"Feature","geometry":{"type":"MultiPolygon","coordinates":[[[[729271.4984940662,2887247.9056790043],[729274.7647636184,2887232.922986624],[729284.3864355406,2887234.9986938797],[729281.1101495823,2887249.981208545],[729271.4984940662,2887247.9056790043]]]]},"properties":{"height":6.0,"min_height":0.0},"id":""},{"type":"Feature","geometry":{"type":"MultiPolygon","coordinates":[[[[729272.7770505351,2887259.421677337],[729269.9137496925,2887272.5494503323],[729265.3472791921,2887271.5602346603],[729268.2105754557,2887258.432461],[729272.7770505351,2887259.421677337]]]]},"properties":{"height":6.0,"min_height":0.0},"id":""},{"type":"Feature","geometry":{"type":"MultiPolygon","coordinates":[[[[729277.6804447531,2887249.7989209015],[729276.1564313449,2887256.7768090838],[729261.659301069,2887253.6399537316],[729263.1833067506,2887246.6620644256],[729277.6804447531,2887249.7989209015]]]]},"properties":{"height":6.0,"min_height":0.0},"id":""},{"type":"Feature","geometry":{"type":"MultiPolygon","coordinates":[[[[729261.0098662097,2887253.0078523927],[729247.0210545097,2887249.990794866],[729251.8218861222,2887227.9971444053],[729265.810526303,2887231.025285322],[729261.0098662097,2887253.0078523927]]]]},"properties":{"height":6.0,"min_height":0.0},"id":""},{"type":"Feature","geometry":{"type":"MultiPolygon","coordinates":[[[[729262.8767826614,2887279.430303897],[729240.3432315958,2887274.567096091],[729245.6009340923,2887250.4978047702],[729268.1345265891,2887255.3610186065],[729262.8767826614,2887279.430303897]]]]},"properties":{"height":6.0,"min_height":0.0},"id":""},{"type":"Feature","geometry":{"type":"MultiPolygon","coordinates":[[[[729214.9635725761,2887229.5319252573],[729218.1048488768,2887213.1172661195],[729236.3595834126,2887216.5751142353],[729233.2282895013,2887232.989946752],[729214.9635725761,2887229.5319252573]],[[729221.1921407136,2887217.970707656],[729232.7833355392,2887220.1697010645],[729233.313122798,2887217.363839831],[729221.7219254738,2887215.1648461362],[729221.1921407136,2887217.970707656]]]]},"properties":{"height":6.0,"min_height":0.0},"id":""},{"type":"Feature","geometry":{"type":"MultiPolygon","coordinates":[[[[729205.9270071579,2887228.3310716324],[729196.9374107956,2887227.8736387603],[729197.8635748029,2887209.934825135],[729206.8431782017,2887210.392081671],[729205.9270071579,2887228.3310716324]]]]},"properties":{"height":6.0,"min_height":0.0},"id":""},{"type":"Feature","geometry":{"type":"MultiPolygon","coordinates":[[[[729216.6847282063,2887246.043232994],[729213.4653312223,2887245.8535798457],[729213.9466764563,2887237.8376664077],[729217.1660754349,2887238.0273195286],[729216.6847282063,2887246.043232994]]]]},"properties":{"height":6.0,"min_height":0.0},"id":""},{"type":"Feature","geometry":{"type":"MultiPolygon","coordinates":[[[[729213.3789131558,2887235.9767472018],[729212.1041783313,2887250.9723265604],[729196.5839403966,2887249.6684700027],[729197.8486518064,2887234.672714401],[729213.3789131558,2887235.9767472018]]]]},"properties":{"height":6.0,"min_height":0.0},"id":""},{"type":"Feature","geometry":{"type":"MultiPolygon","coordinates":[[[[729210.5640424539,2887277.0688057304],[729196.9730552604,2887275.33339221],[729190.5691036561,2887274.1123697],[729192.6667348557,2887256.7150879893],[729194.2646718982,2887256.9094556742],[729194.9796312553,2887250.404995725],[729213.2602474152,2887252.389178725],[729210.5640424539,2887277.0688057304]],[[729207.2354965576,2887254.6439267984],[729201.5616005546,2887254.023166623],[729201.3467997694,2887255.992232526],[729207.0208898803,2887256.6019127],[729207.2354965576,2887254.6439267984]],[[729199.7419631499,2887271.5472570127],[729199.5679018439,2887272.907452677],[729205.7293231786,2887273.691959187],[729205.9035801061,2887272.320683586],[729199.7419631499,2887271.5472570127]]]]},"properties":{"height":6.0,"min_height":0.0},"id":""},{"type":"Feature","geometry":{"type":"MultiPolygon","coordinates":[[[[729221.591326697,2887257.279480905],[729220.114485549,2887268.4033960192],[729212.5654341724,2887267.4171300284],[729214.032263442,2887256.293038471],[729221.591326697,2887257.279480905]]]]},"properties":{"height":6.0,"min_height":0.0},"id":""},{"type":"Feature","geometry":{"type":"MultiPolygon","coordinates":[[[[729224.9349439918,2887266.903299222],[729227.2268934373,2887257.234571226],[729216.2441105396,2887255.157120168],[729218.0301304312,2887245.8009068393],[729229.4319777886,2887247.9522339194],[729233.3490827864,2887248.8745910325],[729228.8520433473,2887267.8256554008],[729224.9349439918,2887266.903299222]]]]},"properties":{"height":6.0,"min_height":0.0},"id":""},{"type":"Feature","geometry":{"type":"MultiPolygon","coordinates":[[[[729233.8415653586,2887247.6197499293],[729217.9853064062,2887244.935612597],[729219.7043485699,2887234.8356327405],[729235.5606198632,2887237.519771253],[729233.8415653586,2887247.6197499293]]]]},"properties":{"height":6.0,"min_height":0.0},"id":""},{"type":"Feature","geometry":{"type":"MultiPolygon","coordinates":[[[[729226.1453036377,2887280.5904368395],[729219.451590382,2887279.3421335653],[729220.2241098813,2887275.2548687384],[729223.0672563353,2887275.7814884973],[729224.8044112792,2887268.0647595315],[729228.7621167594,2887268.9545800923],[729226.1453036377,2887280.5904368395]]]]},"properties":{"height":6.0,"min_height":0.0},"id":""},{"type":"Feature","geometry":{"type":"MultiPolygon","coordinates":[[[[729218.6536957026,2887279.184008187],[729211.161891556,2887277.7886639345],[729212.8947599139,2887268.608849369],[729220.386374363,2887270.0152742015],[729218.6536957026,2887279.184008187]]]]},"properties":{"height":6.0,"min_height":0.0},"id":""},{"type":"Feature","geometry":{"type":"MultiPolygon","coordinates":[[[[729194.9216997105,2887301.476292584],[729187.3453805227,2887300.33439213],[729188.6251276694,2887291.878107545],[729219.1499514605,2887296.482851409],[729217.8701843777,2887304.9391344674],[729198.4654102757,2887302.004151196],[729199.1676280391,2887297.361478539],[729195.6341165199,2887296.822715913],[729194.9216997105,2887301.476292584]]]]},"properties":{"height":6.0,"min_height":0.0},"id":""},{"type":"Feature","geometry":{"type":"MultiPolygon","coordinates":[[[[729188.5933643295,2887290.2704554074],[729190.4844919816,2887278.9210772184],[729222.828044018,2887284.2560830363],[729220.9368880634,2887295.6054586205],[729188.5933643295,2887290.2704554074]],[[729201.6812507396,2887284.1942932736],[729200.8980141564,2887288.890957231],[729203.4129308065,2887289.300963234],[729204.1961683007,2887284.6042993604],[729201.6812507396,2887284.1942932736]],[[729219.8440828967,2887287.7502607885],[729217.319160805,2887287.3400755296],[729216.5470938153,2887291.970435201],[729219.0720150054,2887292.380620376],[729219.8440828967,2887287.7502607885]]]]},"properties":{"height":6.0,"min_height":0.0},"id":""},{"type":"Feature","geometry":{"type":"MultiPolygon","coordinates":[[[[729206.6830886907,2887317.8871873324],[729185.1430393487,2887314.582145924],[729187.1295445735,2887301.7936034333],[729208.6694202082,2887305.109726528],[729206.6830886907,2887317.8871873324]]]]},"properties":{"height":6.0,"min_height":0.0},"id":""},{"type":"Feature","geometry":{"type":"MultiPolygon","coordinates":[[[[729210.343822855,2887304.93969001],[729215.883532244,2887305.7908462156],[729217.3608139906,2887306.01634428],[729213.1633949797,2887323.299090303],[729191.4938709155,2887319.958508785],[729192.1147407184,2887315.957241897],[729208.2547681779,2887318.435764308],[729210.343822855,2887304.93969001]]]]},"properties":{"height":6.0,"min_height":0.0},"id":""},{"type":"Feature","geometry":{"type":"MultiPolygon","coordinates":[[[[729211.2732895913,2887324.3520027515],[729209.8400003494,2887333.570339476],[729192.4524456183,2887330.8925272743],[729193.8757171489,2887321.6740134964],[729211.2732895913,2887324.3520027515]]]]},"properties":{"height":6.0,"min_height":0.0},"id":""},{"type":"Feature","geometry":{"type":"MultiPolygon","coordinates":[[[[729242.9257936823,2887289.3313105386],[729237.2681636963,2887319.633521363],[729229.4868144246,2887318.1998181893],[729235.144621283,2887287.8865253506],[729242.9257936823,2887289.3313105386]]]]},"properties":{"height":6.0,"min_height":0.0},"id":""},{"type":"Feature","geometry":{"type":"MultiPolygon","coordinates":[[[[729234.7566523661,2887332.678822765],[729227.1350061643,2887331.270097755],[729229.3564763104,2887319.3501985446],[729236.9781294963,2887320.758924339],[729234.7566523661,2887332.678822765]]]]},"properties":{"height":6.0,"min_height":0.0},"id":""},{"type":"Feature","geometry":{"type":"MultiPolygon","coordinates":[[[[729247.003218286,2887335.1664579147],[729235.7601704656,2887333.0954866344],[729237.0197286939,2887326.3567764587],[729248.252581996,2887328.438652273],[729247.003218286,2887335.1664579147]]]]},"properties":{"height":6.0,"min_height":0.0},"id":""},{"type":"Feature","geometry":{"type":"MultiPolygon","coordinates":[[[[729250.1801422335,2887303.0804929934],[729248.6331357742,2887311.3658202887],[729253.5811609367,2887312.2841630606],[729250.6640023557,2887327.9047570624],[729238.5031877967,2887325.6624631793],[729242.9675286466,2887301.7454597484],[729250.1801422335,2887303.0804929934]],[[729244.9764446773,2887311.0022102837],[729244.4899929506,2887313.62041608],[729249.3981910293,2887314.5269729607],[729249.8846437417,2887311.9087672746],[729244.9764446773,2887311.0022102837]]]]},"properties":{"height":6.0,"min_height":0.0},"id":""},{"type":"Feature","geometry":{"type":"MultiPolygon","coordinates":[[[[729254.1117603745,2887285.54924112],[729244.7401231331,2887284.054290714],[729245.8297917395,2887277.30150758],[729255.2014338636,2887278.7964584082],[729254.1117603745,2887285.54924112]]]]},"properties":{"height":6.0,"min_height":0.0},"id":""},{"type":"Feature","geometry":{"type":"MultiPolygon","coordinates":[[[[729261.2914579355,2887285.343106816],[729255.1503841962,2887283.9715108387],[729256.2253565575,2887279.191315819],[729262.3764379047,2887280.563088242],[729261.2914579355,2887285.343106816]]]]},"properties":{"height":6.0,"min_height":0.0},"id":""},{"type":"Feature","geometry":{"type":"MultiPolygon","coordinates":[[[[729254.3693401024,2887302.1899682954],[729243.1164535248,2887300.107736686],[729244.7301193092,2887291.446746446],[729255.9830133765,2887293.5289788954],[729254.3693401024,2887302.1899682954]]]]},"properties":{"height":6.0,"min_height":0.0},"id":""},{"type":"Feature","geometry":{"type":"MultiPolygon","coordinates":[[[[729255.7002470011,2887302.2023097035],[729256.8574125152,2887289.9090114282],[729267.3790172589,2887290.8922085944],[729266.2118363776,2887303.1853305637],[729255.7002470011,2887302.2023097035]],[[729259.4875432668,2887294.5770846265],[729259.2784486138,2887296.7900858154],[729262.9953708691,2887297.143676225],[729263.2044661565,2887294.930675049],[729259.4875432668,2887294.5770846265]]]]},"properties":{"height":6.0,"min_height":0.0},"id":""},{"type":"Feature","geometry":{"type":"MultiPolygon","coordinates":[[[[729268.4353306086,2887287.7409467],[729262.473829339,2887286.9710118556],[729262.9819323624,2887283.1229292783],[729268.9332350144,2887283.903768088],[729268.4353306086,2887287.7409467]]]]},"properties":{"height":6.0,"min_height":0.0},"id":""},{"type":"Feature","geometry":{"type":"MultiPolygon","coordinates":[[[[729272.7929888334,2887288.083650842],[729269.4370372052,2887287.6920778975],[729270.0233119177,2887282.8146144203],[729273.3690644187,2887283.2170912838],[729272.7929888334,2887288.083650842]]]]},"properties":{"height":6.0,"min_height":0.0},"id":""},{"type":"Feature","geometry":{"type":"MultiPolygon","coordinates":[[[[729273.5960451837,2887279.419477593],[729270.5991145069,2887279.10072446],[729272.0864893266,2887265.1063938714],[729275.0834232481,2887265.425147108],[729273.5960451837,2887279.419477593]]]]},"properties":{"height":6.0,"min_height":0.0},"id":""},{"type":"Feature","geometry":{"type":"MultiPolygon","coordinates":[[[[729274.2072557511,2887287.90904336],[729276.0836854472,2887260.909639792],[729287.5195095931,2887261.698358476],[729285.6330506504,2887288.697586035],[729274.2072557511,2887287.90904336]],[[729276.9035159156,2887287.1141641974],[729282.871258061,2887287.529546483],[729283.127672665,2887283.765701031],[729277.1697391158,2887283.3615748477],[729276.9035159156,2887287.1141641974]]]]},"properties":{"height":6.0,"min_height":0.0},"id":""},{"type":"Feature","geometry":{"type":"MultiPolygon","coordinates":[[[[729279.0077057255,2887292.0944030336],[729278.5411018778,2887296.9961397504],[729267.7097260791,2887295.9853137787],[729268.1765208385,2887291.072497003],[729279.0077057255,2887292.0944030336]]]]},"properties":{"height":6.0,"min_height":0.0},"id":""},{"type":"Feature","geometry":{"type":"MultiPolygon","coordinates":[[[[729253.8932171594,2887311.61356761],[729249.7020878228,2887310.9080476286],[729251.051387868,2887303.0514935586],[729255.2423247243,2887303.768093762],[729255.1197849096,2887304.4752750304],[729265.6871731369,2887306.2683665077],[729265.9619567178,2887303.7351027015],[729276.1510331776,2887304.845455947],[729275.2351269051,2887313.097556813],[729265.0562573269,2887311.9762999387],[729265.1283808855,2887311.290398129],[729254.2718167788,2887309.4368000096],[729253.8932171594,2887311.61356761]]]]},"properties":{"height":6.0,"min_height":0.0},"id":""},{"type":"Feature","geometry":{"type":"MultiPolygon","coordinates":[[[[729251.4485570991,2887329.9579125433],[729256.7552119794,2887310.5001830426],[729270.4118881853,2887314.187499059],[729265.1052133248,2887333.6452244776],[729251.4485570991,2887329.9579125433]],[[729260.392697796,2887314.7980680214],[729259.5153139399,2887318.0189801054],[729264.1671355363,2887319.2756993384],[729265.0545258637,2887316.0549635934],[729260.392697796,2887314.7980680214]]]]},"properties":{"height":6.0,"min_height":0.0},"id":""},{"type":"Feature","geometry":{"type":"MultiPolygon","coordinates":[[[[729274.9934986666,2887319.433013427],[729274.2152497,2887328.9621294863],[729268.7483784736,2887328.522315464],[729269.5166180702,2887318.9930232624],[729274.9934986666,2887319.433013427]]]]},"properties":{"height":6.0,"min_height":0.0},"id":""},{"type":"Feature","geometry":{"type":"MultiPolygon","coordinates":[[[[729270.5436335979,2887351.0532352775],[729262.3068003826,2887349.91074497],[729263.5879015711,2887340.8116493253],[729271.8145402235,2887341.965043874],[729270.5436335979,2887351.0532352775]]]]},"properties":{"height":6.0,"min_height":0.0},"id":""},{"type":"Feature","geometry":{"type":"MultiPolygon","coordinates":[[[[729272.0347349953,2887340.8273286712],[729264.69642419,2887339.8114875406],[729265.7366012143,2887332.459329854],[729273.0649108589,2887333.4749951465],[729272.0347349953,2887340.8273286712]]]]},"properties":{"height":6.0,"min_height":0.0},"id":""},{"type":"Feature","geometry":{"type":"MultiPolygon","coordinates":[[[[729245.666789976,2887349.6843663496],[729250.0657200093,2887332.3275898355],[729264.4345073864,2887335.9276844785],[729260.025553168,2887353.2842814308],[729245.666789976,2887349.6843663496]],[[729251.852258971,2887338.864993953],[729259.7839285193,2887340.855528069],[729260.6334407944,2887337.512207973],[729252.6917639133,2887335.521497387],[729251.852258971,2887338.864993953]]]]},"properties":{"height":6.0,"min_height":0.0},"id":""},{"type":"Feature","geometry":{"type":"MultiPolygon","coordinates":[[[[729244.2903156581,2887352.8299945025],[729231.2916128547,2887350.4288740284],[729232.8274308804,2887342.209849189],[729245.8261418967,2887344.6109705884],[729244.2903156581,2887352.8299945025]]]]},"properties":{"height":6.0,"min_height":0.0},"id":""},{"type":"Feature","geometry":{"type":"MultiPolygon","coordinates":[[[[729241.2132377726,2887366.164593193],[729245.1815243799,2887350.5292478967],[729259.4804498455,2887354.1170258885],[729255.5121463253,2887369.7523680814],[729241.2132377726,2887366.164593193]],[[729249.3898455139,2887352.531828847],[729248.9386152034,2887354.2861487116],[729254.4789466959,2887355.6693380107],[729254.9201724265,2887353.91484218],[729249.3898455139,2887352.531828847]],[[729252.5945493343,2887364.358812779],[729246.7354168207,2887362.8924290542],[729246.1982942906,2887364.97773945],[729252.0574258801,2887366.4441230022],[729252.5945493343,2887364.358812779]]]]},"properties":{"height":6.0,"min_height":0.0},"id":""},{"type":"Feature","geometry":{"type":"MultiPolygon","coordinates":[[[[729261.3080324834,2887379.9292020597],[729246.2617241064,2887376.7272676583],[729247.362550219,2887371.6150251073],[729262.4090595027,2887374.80588037],[729261.3080324834,2887379.9292020597]]]]},"properties":{"height":6.0,"min_height":0.0},"id":""},{"type":"Feature","geometry":{"type":"MultiPolygon","coordinates":[[[[729256.652750598,2887369.77244408],[729260.9879544,2887352.6251331554],[729271.4606325653,2887355.2478216994],[729268.7464686901,2887372.4125807188],[729256.652750598,2887369.77244408]],[[729261.7722622247,2887365.495691875],[729261.3639770548,2887367.084516228],[729264.1441450171,2887367.776289584],[729264.542425215,2887366.1872891802],[729261.7722622247,2887365.495691875]]]]},"properties":{"height":6.0,"min_height":0.0},"id":""},{"type":"Feature","geometry":{"type":"MultiPolygon","coordinates":[[[[729280.9697581583,2887383.611402547],[729262.247359879,2887380.012236275],[729263.2820557118,2887374.677162316],[729282.0144669525,2887378.2765056337],[729280.9697581583,2887383.611402547]]]]},"properties":{"height":6.0,"min_height":0.0},"id":""},{"type":"Feature","geometry":{"type":"MultiPolygon","coordinates":[[[[729256.343505066,2887406.6747510154],[729261.4701853476,2887380.9517298215],[729277.3384807725,2887384.0794846253],[729272.2115741458,2887409.813581865],[729256.343505066,2887406.6747510154]],[[729264.5524221081,2887384.9516763487],[729263.6961433797,2887389.24805029],[729272.0740589637,2887390.902864068],[729272.9403457415,2887386.606666591],[729264.5524221081,2887384.9516763487]]]]},"properties":{"height":6.0,"min_height":0.0},"id":""},{"type":"Feature","geometry":{"type":"MultiPolygon","coordinates":[[[[729258.0088053709,2887430.33389087],[729261.9062630584,2887410.762692244],[729274.213758004,2887413.1960157547],[729270.3062765892,2887432.767035946],[729258.0088053709,2887430.33389087]],[[729268.0367226307,2887431.4968272927],[729268.4977058357,2887429.1885090885],[729260.4191927062,2887427.5832990143],[729259.9580159049,2887429.902697376],[729268.0367226307,2887431.4968272927]]]]},"properties":{"height":6.0,"min_height":0.0},"id":""},{"type":"Feature","geometry":{"type":"MultiPolygon","coordinates":[[[[729280.8619427343,2887407.3612532006],[729279.0753383249,2887419.022801223],[729274.1542505362,2887418.2822535415],[729275.9408505161,2887406.62070517],[729280.8619427343,2887407.3612532006]]]]},"properties":{"height":6.0,"min_height":0.0},"id":""},{"type":"Feature","geometry":{"type":"MultiPolygon","coordinates":[[[[729275.8334464682,2887434.3273405903],[729271.3017891659,2887433.6379823117],[729273.5289113702,2887419.124668347],[729278.0507635289,2887419.802770924],[729275.8334464682,2887434.3273405903]]]]},"properties":{"height":6.0,"min_height":0.0},"id":""},{"type":"Feature","geometry":{"type":"MultiPolygon","coordinates":[[[[729274.8744315375,2887450.7139067375],[729268.2963867572,2887449.72252432],[729269.9927962255,2887438.635725245],[729276.5708466383,2887439.627108104],[729274.8744315375,2887450.7139067375]],[[729270.4155878335,2887446.456971832],[729270.0205454296,2887448.999202361],[729273.1647846428,2887449.475719823],[729273.5500174636,2887446.9222332435],[729270.4155878335,2887446.456971832]]]]},"properties":{"height":6.0,"min_height":0.0},"id":""},{"type":"Feature","geometry":{"type":"MultiPolygon","coordinates":[[[[729250.8943376882,2887456.975097956],[729255.9880569616,2887431.417746597],[729270.5496982008,2887434.289748031],[729265.4559503852,2887459.847095806],[729250.8943376882,2887456.975097956]],[[729255.6204104983,2887448.32455779],[729254.9404076119,2887451.7041118247],[729263.7671532328,2887453.444408016],[729264.4369581334,2887450.0757581335],[729255.6204104983,2887448.32455779]]]]},"properties":{"height":6.0,"min_height":0.0},"id":""},{"type":"Feature","geometry":{"type":"MultiPolygon","coordinates":[[[[729228.6242192098,2887452.5155210765],[729233.290038541,2887430.79657634],[729249.5428248463,2887434.2524883435],[729244.8769785265,2887455.971429254],[729228.6242192098,2887452.5155210765]],[[729236.798746364,2887432.7425089176],[729235.9487186419,2887436.684324818],[729244.6034366385,2887438.5324132363],[729245.4436567322,2887434.5793416305],[729236.798746364,2887432.7425089176]],[[729242.710421125,2887452.8299416434],[729231.6128149072,2887450.4622722967],[729231.3186877503,2887451.8203548105],[729242.4162928162,2887454.1880239923],[729242.710421125,2887452.8299416434]]]]},"properties":{"height":6.0,"min_height":0.0},"id":""},{"type":"Feature","geometry":{"type":"MultiPolygon","coordinates":[[[[729234.1585760069,2887427.509007137],[729238.8669653304,2887405.64672841],[729254.8904417318,2887409.0542747076],[729250.1920308823,2887430.916725727],[729234.1585760069,2887427.509007137]],[[729242.7356743705,2887407.6100814603],[729241.8195670361,2887411.8943197615],[729249.307780595,2887413.489127333],[729250.2238903822,2887409.204889377],[729242.7356743705,2887407.6100814603]]]]},"properties":{"height":6.0,"min_height":0.0},"id":""},{"type":"Feature","geometry":{"type":"MultiPolygon","coordinates":[[[[729257.0323860139,2887430.083952609],[729251.2474755475,2887428.951372683],[729254.1668889491,2887414.339408515],[729259.9416056038,2887415.4828931238],[729257.0323860139,2887430.083952609]]]]},"properties":{"height":6.0,"min_height":0.0},"id":""},{"type":"Feature","geometry":{"type":"MultiPolygon","coordinates":[[[[729239.1913644382,2887404.8433491434],[729244.9366593016,2887378.0893718563],[729261.0796478601,2887381.532276369],[729255.3345150071,2887408.2751690033],[729239.1913644382,2887404.8433491434]],[[729258.3211717564,2887381.8827256053],[729248.2803611291,2887379.7442334727],[729247.3430703166,2887384.094599168],[729257.3840726282,2887386.2220108495],[729258.3211717564,2887381.8827256053]],[[729252.0876528168,2887403.961991251],[729244.0709094033,2887402.258129503],[729243.4930467146,2887404.9523103116],[729251.5097884769,2887406.6561718252],[729252.0876528168,2887403.961991251]]]]},"properties":{"height":6.0,"min_height":0.0},"id":""},{"type":"Feature","geometry":{"type":"MultiPolygon","coordinates":[[[[729225.1572568882,2887391.3295172104],[729233.0245143672,2887392.997485371],[729233.962580009,2887388.602799098],[729240.393757847,2887389.9794954616],[729236.9705087052,2887405.923686073],[729230.539143706,2887404.5580707956],[729232.0544833431,2887397.5024431706],[729224.1872285709,2887395.8344753953],[729225.1572568882,2887391.3295172104]]]]},"properties":{"height":6.0,"min_height":0.0},"id":""},{"type":"Feature","geometry":{"type":"MultiPolygon","coordinates":[[[[729220.6461086024,2887408.2409875467],[729211.4828542027,2887406.284217332],[729215.0254890355,2887389.8101203972],[729224.1889499722,2887391.7558122766],[729220.6461086024,2887408.2409875467]]]]},"properties":{"height":6.0,"min_height":0.0},"id":""},{"type":"Feature","geometry":{"type":"MultiPolygon","coordinates":[[[[729211.1894476257,2887407.032725511],[729228.6986412897,2887410.7545535346],[729229.4182693049,2887407.3978629415],[729236.3579516159,2887408.8832582133],[729234.035723736,2887419.704126258],[729228.5416415476,2887445.265519435],[729227.7239418172,2887445.095960564],[729227.2109899949,2887447.514198997],[729226.2089972867,2887452.1294285743],[729202.6075230067,2887447.114463118],[729203.6097023716,2887442.488152367],[729204.2312814812,2887439.584155168],[729203.2840979805,2887439.3790690578],[729205.1913917033,2887430.523742107],[729218.9614552737,2887433.448255378],[729218.1222182924,2887437.345928226],[729219.3587739791,2887437.6004416603],[729219.7942779548,2887435.602009494],[729223.6859474839,2887417.493712457],[729227.0960471651,2887418.2187317973],[729227.67410111,2887415.513470536],[729222.8481281056,2887414.486447977],[729220.417084818,2887425.8041556473],[729207.7338815022,2887423.1093526445],[729211.1894476257,2887407.032725511]],[[729212.0750994268,2887444.288553937],[729217.668735227,2887445.4842510773],[729218.1916905264,2887443.066188479],[729218.2903174554,2887442.580254318],[729217.0539572357,2887442.3146609757],[729212.7066856589,2887441.3847330785],[729212.0750994268,2887444.288553937]]]]},"properties":{"height":6.0,"min_height":0.0},"id":""},{"type":"Feature","geometry":{"type":"MultiPolygon","coordinates":[[[[729188.26114634,2887392.763915612],[729189.5101667005,2887383.209833227],[729203.3005609986,2887384.9820086183],[729202.0613407462,2887394.547346471],[729188.26114634,2887392.763915612]]]]},"properties":{"height":6.0,"min_height":0.0},"id":""},{"type":"Feature","geometry":{"type":"MultiPolygon","coordinates":[[[[729196.5607893725,2887369.29122681],[729206.906000146,2887370.625945776],[729203.5907863822,2887383.8455251507],[729189.8604225977,2887382.0744058704],[729191.2599845582,2887371.359215216],[729196.2028575054,2887372.000362278],[729196.5607893725,2887369.29122681]]]]},"properties":{"height":6.0,"min_height":0.0},"id":""},{"type":"Feature","geometry":{"type":"MultiPolygon","coordinates":[[[[729207.848910164,2887369.367947098],[729193.5393935709,2887367.520133285],[729194.8817185,2887357.214021572],[729209.191441483,2887359.0507560447],[729207.848910164,2887369.367947098]]]]},"properties":{"height":6.0,"min_height":0.0},"id":""},{"type":"Feature","geometry":{"type":"MultiPolygon","coordinates":[[[[729228.8229555524,2887391.7486992655],[729215.0828640491,2887388.8247070266],[729217.9280351826,2887375.5857741646],[729231.6681405917,2887378.5097683757],[729228.8229555524,2887391.7486992655]]]]},"properties":{"height":6.0,"min_height":0.0},"id":""},{"type":"Feature","geometry":{"type":"MultiPolygon","coordinates":[[[[729221.1190352022,2887354.6388776414],[729222.4455022335,2887348.0786787076],[729227.8112024145,2887349.1484475825],[729226.4847326872,2887355.7086461694],[729221.1190352022,2887354.6388776414]]]]},"properties":{"height":6.0,"min_height":0.0},"id":""},{"type":"Feature","geometry":{"type":"MultiPolygon","coordinates":[[[[729219.7923741676,2887361.210156639],[729221.1190352022,2887354.6388776414],[729226.4847326872,2887355.7086461694],[729225.158068947,2887362.27992482],[729219.7923741676,2887361.210156639]]]]},"properties":{"height":6.0,"min_height":0.0},"id":""},{"type":"Feature","geometry":{"type":"MultiPolygon","coordinates":[[[[729228.6617410356,2887362.8070886605],[729230.8165485695,2887351.2628521523],[729242.3887810847,2887353.395031273],[729240.2339632805,2887364.939266626],[729228.6617410356,2887362.8070886605]],[[729232.5548217637,2887357.699653065],[729231.9128940329,2887361.1907119225],[729237.678995503,2887362.2564488123],[729238.3309300893,2887358.765566216],[729232.5548217637,2887357.699653065]]]]},"properties":{"height":6.0,"min_height":0.0},"id":""},{"type":"Feature","geometry":{"type":"MultiPolygon","coordinates":[[[[729230.9890609541,2887340.891820379],[729229.6660251284,2887348.394168712],[729224.1041182273,2887347.0992780225],[729225.3270976334,2887339.5951685626],[729230.9890609541,2887340.891820379]]]]},"properties":{"height":6.0,"min_height":0.0},"id":""},{"type":"Feature","geometry":{"type":"MultiPolygon","coordinates":[[[[729245.1161098927,2887342.3042086577],[729226.1319475563,2887338.7891608444],[729227.3258137188,2887332.3707128474],[729246.3101804326,2887335.874681734],[729245.1161098927,2887342.3042086577]]]]},"properties":{"height":6.0,"min_height":0.0},"id":""},{"type":"Feature","geometry":{"type":"MultiPolygon","coordinates":[[[[729208.0243549271,2887344.6107094996],[729199.2707486664,2887343.2596647656],[729200.6473743804,2887334.4171661576],[729209.4009866171,2887335.768211375],[729208.0243549271,2887344.6107094996]]]]},"properties":{"height":6.0,"min_height":0.0},"id":""},{"type":"Feature","geometry":{"type":"MultiPolygon","coordinates":[[[[729211.2548914467,2887346.44090341],[729209.7504461501,2887357.996586336],[729195.6604488496,2887356.185884551],[729197.1648815518,2887344.6302009285],[729211.2548914467,2887346.44090341]]]]},"properties":{"height":6.0,"min_height":0.0},"id":""},{"type":"Feature","geometry":{"type":"MultiPolygon","coordinates":[[[[729198.0626398182,2887343.09432191],[729190.7661042942,2887341.9795072116],[729192.4360064911,2887331.2579902965],[729199.7223477566,2887332.3837093962],[729198.0626398182,2887343.09432191]]]]},"properties":{"height":6.0,"min_height":0.0},"id":""},{"type":"Feature","geometry":{"type":"MultiPolygon","coordinates":[[[[729189.6908561462,2887342.226588862],[729175.2407813648,2887339.8332382035],[729177.8694469292,2887324.1078089573],[729181.8610519659,2887324.776545054],[729181.1901588358,2887328.776931984],[729188.2656101923,2887329.943267438],[729188.936505502,2887325.942880711],[729192.3195392322,2887326.501161237],[729189.6908561462,2887342.226588862]]]]},"properties":{"height":6.0,"min_height":0.0},"id":""},{"type":"Feature","geometry":{"type":"MultiPolygon","coordinates":[[[[729187.3202624811,2887366.0363586238],[729169.8426332287,2887364.498578289],[729171.7684710256,2887342.642745015],[729189.2463248142,2887344.169445783],[729187.3202624811,2887366.0363586238]]]]},"properties":{"height":6.0,"min_height":0.0},"id":""},{"type":"Feature","geometry":{"type":"MultiPolygon","coordinates":[[[[729174.1702122267,2887339.8144018156],[729167.8061813738,2887339.1704269066],[729168.5816177357,2887331.5032733525],[729174.9456523667,2887332.1472483613],[729174.1702122267,2887339.8144018156]]]]},"properties":{"height":6.0,"min_height":0.0},"id":""},{"type":"Feature","geometry":{"type":"MultiPolygon","coordinates":[[[[729140.2766681415,2887347.49739801],[729136.0086884687,2887347.1784809795],[729134.4794351835,2887347.0629115244],[729136.9107349219,2887335.1577789327],[729141.1787185622,2887335.4766959664],[729166.916492925,2887337.403596256],[729166.0146135029,2887349.4132183096],[729140.2766681415,2887347.49739801]],[[729148.0115033905,2887338.489668276],[729144.852746601,2887338.267846658],[729144.5029434325,2887343.3600563277],[729147.6616989779,2887343.581877953],[729148.0115033905,2887338.489668276]],[[729160.8902301951,2887339.7470022705],[729160.5120277564,2887345.3152986546],[729165.250257937,2887345.6424972983],[729165.6386626764,2887340.063296965],[729160.8902301951,2887339.7470022705]]]]},"properties":{"height":6.0,"min_height":0.0},"id":""},{"type":"Feature","geometry":{"type":"MultiPolygon","coordinates":[[[[729147.4434909612,2887367.363014389],[729148.7065953587,2887349.042209666],[729165.8603083438,2887350.2195917037],[729164.6073798744,2887368.529492618],[729147.4434909612,2887367.363014389]]]]},"properties":{"height":6.0,"min_height":0.0},"id":""},{"type":"Feature","geometry":{"type":"MultiPolygon","coordinates":[[[[729144.1821324427,2887380.9382196316],[729145.1854768748,2887367.7112086765],[729184.5965903096,2887370.665629342],[729183.593010577,2887383.903720207],[729144.1821324427,2887380.9382196316]],[[729162.4826012062,2887374.3884783518],[729153.396953029,2887373.707708385],[729153.1889146692,2887376.430564753],[729162.274560932,2887377.1113347155],[729162.4826012062,2887374.3884783518]],[[729166.4258615021,2887372.684512662],[729165.8781453946,2887379.923420377],[729168.876807522,2887380.1424312466],[729169.4245253117,2887372.9035235336],[729166.4258615021,2887372.684512662]]]]},"properties":{"height":6.0,"min_height":0.0},"id":""},{"type":"Feature","geometry":{"type":"MultiPolygon","coordinates":[[[[729182.5545172398,2887402.538814076],[729186.1833906621,2887399.9315672903],[729187.9224118165,2887402.345099014],[729184.293538621,2887404.9523453],[729182.5545172398,2887402.538814076]]]]},"properties":{"height":6.0,"min_height":0.0},"id":""},{"type":"Feature","geometry":{"type":"MultiPolygon","coordinates":[[[[729175.066977428,2887423.0886961534],[729115.0028359665,2887407.956069584],[729121.0095677226,2887387.9453657004],[729137.1467791381,2887392.2857688805],[729137.576618295,2887390.608654027],[729148.0930056741,2887393.021428619],[729147.7230019018,2887394.710679334],[729162.1770422683,2887398.0129134734],[729162.6241027919,2887395.9260163056],[729174.2161787477,2887398.634823777],[729173.6916712553,2887401.1415273156],[729179.831328836,2887402.5906483484],[729175.066977428,2887423.0886961534]]]]},"properties":{"height":6.0,"min_height":0.0},"id":""},{"type":"Feature","geometry":{"type":"MultiPolygon","coordinates":[[[[729139.2796816445,2887373.448262603],[729117.8270368808,2887368.5931871925],[729120.1915961755,2887358.205304334],[729141.6544581457,2887363.049478429],[729139.2796816445,2887373.448262603]]]]},"properties":{"height":6.0,"min_height":0.0},"id":""},{"type":"Feature","geometry":{"type":"MultiPolygon","coordinates":[[[[729144.4949244391,2887362.5896129045],[729120.7692395997,2887357.2290431196],[729123.403620644,2887345.7264838004],[729147.1193209654,2887351.0868808255],[729144.4949244391,2887362.5896129045]]]]},"properties":{"height":6.0,"min_height":0.0},"id":""},{"type":"Feature","geometry":{"type":"MultiPolygon","coordinates":[[[[729133.369235472,2887347.0212144656],[729123.87906768,2887344.8703423208],[729127.0777787678,2887330.8728626426],[729136.5681515946,2887333.0126564004],[729133.369235472,2887347.0212144656]]]]},"properties":{"height":6.0,"min_height":0.0},"id":""},{"type":"Feature","geometry":{"type":"MultiPolygon","coordinates":[[[[729137.6681813623,2887276.7394296704],[729128.327327699,2887275.2007725695],[729129.5479145423,2887267.829617961],[729138.8985839724,2887269.379531524],[729137.6681813623,2887276.7394296704]]]]},"properties":{"height":6.0,"min_height":0.0},"id":""},{"type":"Feature","geometry":{"type":"MultiPolygon","coordinates":[[[[729146.7575922648,2887285.7438806994],[729137.1571910302,2887284.1674003713],[729139.0814082806,2887272.6412665606],[729148.6718126766,2887274.2175716595],[729146.7575922648,2887285.7438806994]]]]},"properties":{"height":6.0,"min_height":0.0},"id":""},{"type":"Feature","geometry":{"type":"MultiPolygon","coordinates":[[[[729150.4695116775,2887288.6576155936],[729149.3055676743,2887295.652930288],[729136.2823042109,2887293.506397436],[729137.4564414609,2887286.500178136],[729150.4695116775,2887288.6576155936]]]]},"properties":{"height":6.0,"min_height":0.0},"id":""},{"type":"Feature","geometry":{"type":"MultiPolygon","coordinates":[[[[729138.2418996389,2887332.3105964027],[729127.9616905958,2887330.123657155],[729130.5889343688,2887317.8894688427],[729140.8791583637,2887320.0765854665],[729138.2418996389,2887332.3105964027]]]]},"properties":{"height":6.0,"min_height":0.0},"id":""},{"type":"Feature","geometry":{"type":"MultiPolygon","coordinates":[[[[729162.715091822,2887316.8032197026],[729160.4077207132,2887331.9025492244],[729159.9427253411,2887335.0088037285],[729155.5407098435,2887334.3439370855],[729156.0157094838,2887331.2378585287],[729145.4648369332,2887329.644647009],[729144.8085080159,2887333.9556261864],[729140.2067752479,2887333.265084515],[729140.863102633,2887328.954105219],[729143.1704509511,2887313.8547739177],[729162.715091822,2887316.8032197026]]]]},"properties":{"height":6.0,"min_height":0.0},"id":""},{"type":"Feature","geometry":{"type":"MultiPolygon","coordinates":[[[[729176.2053736292,2887325.39745465],[729165.4547805126,2887323.7785463645],[729166.7786277344,2887315.090285351],[729177.5292280648,2887316.7091941964],[729176.2053736292,2887325.39745465]]]]},"properties":{"height":6.0,"min_height":0.0},"id":""},{"type":"Feature","geometry":{"type":"MultiPolygon","coordinates":[[[[729184.0087945114,2887315.3380266386],[729182.6315947727,2887324.2137660305],[729178.329629344,2887323.550652346],[729179.706631186,2887314.68599269],[729184.0087945114,2887315.3380266386]]]]},"properties":{"height":6.0,"min_height":0.0},"id":""},{"type":"Feature","geometry":{"type":"MultiPolygon","coordinates":[[[[729191.9241378636,2887325.6518651717],[729183.559751137,2887324.3630980207],[729184.2476688257,2887319.9640082377],[729192.6120583953,2887321.25277562],[729191.9241378636,2887325.6518651717]]]]},"properties":{"height":6.0,"min_height":0.0},"id":""},{"type":"Feature","geometry":{"type":"MultiPolygon","coordinates":[[[[729183.6041666901,2887314.4442349696],[729179.5219255683,2887313.8071540976],[729180.8767733728,2887305.064022132],[729184.9690225954,2887305.701279272],[729183.6041666901,2887314.4442349696]]]]},"properties":{"height":6.0,"min_height":0.0},"id":""},{"type":"Feature","geometry":{"type":"MultiPolygon","coordinates":[[[[729179.3673052193,2887311.787254526],[729167.5088371244,2887309.993685069],[729169.3194491449,2887298.09980224],[729181.1779281349,2887299.8933725413],[729179.3673052193,2887311.787254526]]]]},"properties":{"height":6.0,"min_height":0.0},"id":""},{"type":"Feature","geometry":{"type":"MultiPolygon","coordinates":[[[[729186.0934794236,2887299.813611371],[729169.8129620265,2887297.3548139096],[729171.8394109387,2887284.001719879],[729188.1199451255,2887286.460518633],[729186.0934794236,2887299.813611371]]]]},"properties":{"height":6.0,"min_height":0.0},"id":""},{"type":"Feature","geometry":{"type":"MultiPolygon","coordinates":[[[[729188.9775516681,2887285.5002692444],[729172.0823371809,2887282.7092361227],[729173.1682637425,2887276.1669691224],[729190.0634867498,2887278.958003023],[729188.9775516681,2887285.5002692444]]]]},"properties":{"height":6.0,"min_height":0.0},"id":""},{"type":"Feature","geometry":{"type":"MultiPolygon","coordinates":[[[[729171.2520919611,2887280.9767016647],[729164.7453591793,2887279.909051035],[729165.7183625798,2887274.0963014173],[729172.2150929068,2887275.1637762818],[729171.2520919611,2887280.9767016647]]]]},"properties":{"height":6.0,"min_height":0.0},"id":""},{"type":"Feature","geometry":{"type":"MultiPolygon","coordinates":[[[[729161.394217026,2887306.550002635],[729165.2867507426,2887280.9936658246],[729171.2959439746,2887281.8973954176],[729167.4033983974,2887307.453731308],[729161.394217026,2887306.550002635]],[[729170.1272610605,2887283.472843195],[729166.4738758265,2887282.920896465],[729165.9869184231,2887286.1375984405],[729169.6302973876,2887286.6893690657],[729170.1272610605,2887283.472843195]],[[729163.6120386701,2887301.0916556674],[729163.3397457675,2887302.915626036],[729167.0431520934,2887303.4684524685],[729167.3254508656,2887301.644658171],[729163.6120386701,2887301.0916556674]]]]},"properties":{"height":6.0,"min_height":0.0},"id":""},{"type":"Feature","geometry":{"type":"MultiPolygon","coordinates":[[[[729153.525216504,2887302.13336976],[729149.0345059466,2887301.389362192],[729152.9296112536,2887277.9610817377],[729164.7453591793,2887279.909051035],[729160.8502325284,2887303.337329532],[729156.7785775508,2887302.6671922468],[729156.2964960494,2887305.6068951823],[729153.0331303934,2887305.072896739],[729153.525216504,2887302.13336976]],[[729155.6437245238,2887280.7020963836],[729155.005583845,2887284.547892516],[729161.1929228366,2887285.565585636],[729161.8308704165,2887281.730869642],[729155.6437245238,2887280.7020963836]]]]},"properties":{"height":6.0,"min_height":0.0},"id":""},{"type":"Feature","geometry":{"type":"MultiPolygon","coordinates":[[[[729153.0591628687,2887276.8550210195],[729153.9551061224,2887271.439917669],[729165.6011585813,2887273.3627350014],[729164.7052104676,2887278.7778379107],[729153.0591628687,2887276.8550210195]]]]},"properties":{"height":6.0,"min_height":0.0},"id":""},{"type":"Feature","geometry":{"type":"MultiPolygon","coordinates":[[[[729152.2766643047,2887277.528425544],[729149.2928569015,2887277.032597061],[729150.3107479471,2887270.9435516424],[729153.2847463064,2887271.4281242653],[729152.2766643047,2887277.528425544]]]]},"properties":{"height":6.0,"min_height":0.0},"id":""},{"type":"Feature","geometry":{"type":"MultiPolygon","coordinates":[[[[729150.7217189623,2887237.9111715634],[729158.1587804358,2887239.0062635513],[729153.9742138847,2887266.940393961],[729146.5373633818,2887265.83422321],[729150.7217189623,2887237.9111715634]]]]},"properties":{"height":6.0,"min_height":0.0},"id":""},{"type":"Feature","geometry":{"type":"MultiPolygon","coordinates":[[[[729168.2793777279,2887262.215620971],[729155.7501770759,2887260.9976860466],[729156.6517799856,2887251.8475770196],[729169.1809895145,2887253.065512158],[729168.2793777279,2887262.215620971]]]]},"properties":{"height":6.0,"min_height":0.0},"id":""},{"type":"Feature","geometry":{"type":"MultiPolygon","coordinates":[[[[729179.7902360352,2887263.858986794],[729174.1073132097,2887263.1826624707],[729176.3046547732,2887244.667711137],[729181.997591135,2887245.3442118596],[729179.7902360352,2887263.858986794]]]]},"properties":{"height":6.0,"min_height":0.0},"id":""},{"type":"Feature","geometry":{"type":"MultiPolygon","coordinates":[[[[729190.570045132,2887266.664340436],[729182.4495159059,2887265.7345371675],[729184.0319753097,2887252.018963293],[729192.1527081152,2887252.9376869407],[729190.570045132,2887266.664340436]]]]},"properties":{"height":6.0,"min_height":0.0},"id":""},{"type":"Feature","geometry":{"type":"MultiPolygon","coordinates":[[[[729186.3325795883,2887248.113751548],[729191.1705024546,2887250.171721085],[729190.3457645378,2887252.107888151],[729185.5078423208,2887250.0499188732],[729186.3325795883,2887248.113751548]]]]},"properties":{"height":6.0,"min_height":0.0},"id":""},{"type":"Feature","geometry":{"type":"MultiPolygon","coordinates":[[[[729194.8068513712,2887226.0960563403],[729186.0473151832,2887225.077425738],[729187.9445686066,2887208.8292923276],[729196.7043107721,2887209.8368434226],[729194.8068513712,2887226.0960563403]]]]},"properties":{"height":6.0,"min_height":0.0},"id":""},{"type":"Feature","geometry":{"type":"MultiPolygon","coordinates":[[[[729117.0666492535,2887214.952857282],[729149.1310689272,2887220.8036727905],[729147.8623892334,2887231.476832944],[729115.8081963267,2887225.6151146153],[729117.0666492535,2887214.952857282]]]]},"properties":{"height":6.0,"min_height":0.0},"id":""},{"type":"Feature","geometry":{"type":"MultiPolygon","coordinates":[[[[729132.6838181725,2887263.662007062],[729136.8799034588,2887235.6394094657],[729150.0566202785,2887237.6002192954],[729145.8607013884,2887265.6117347837],[729132.6838181725,2887263.662007062]],[[729139.5249657386,2887243.4443172975],[729139.252286104,2887245.2904478186],[729145.231870427,2887246.1714760526],[729145.5145563051,2887244.325521607],[729139.5249657386,2887243.4443172975]],[[729137.2766758713,2887258.600104435],[729136.800900357,2887261.750503138],[729142.7704716974,2887262.6313547967],[729143.2462486671,2887259.4809562042],[729137.2766758713,2887258.600104435]]]]},"properties":{"height":6.0,"min_height":0.0},"id":""},{"type":"Feature","geometry":{"type":"MultiPolygon","coordinates":[[[[729118.837480794,2887261.0798471784],[729123.3277835038,2887231.122828908],[729136.7242347051,2887233.1096566063],[729132.2339009951,2887263.0666725463],[729118.837480794,2887261.0798471784]],[[729127.3704217828,2887233.4438691055],[729126.8487798406,2887236.925963003],[729132.6186448917,2887237.7811291963],[729133.1402883857,2887234.2990354165],[729127.3704217828,2887233.4438691055]],[[729125.7424812019,2887250.3174121566],[729124.8130904634,2887256.49668234],[729129.0456265337,2887257.125304569],[729129.9650139079,2887250.945858538],[729125.7424812019,2887250.3174121566]]]]},"properties":{"height":6.0,"min_height":0.0},"id":""},{"type":"Feature","geometry":{"type":"MultiPolygon","coordinates":[[[[729094.5034176076,2887217.4598511225],[729098.1357576402,2887194.1710263737],[729111.4510361603,2887196.222896948],[729107.8284827159,2887219.5229756995],[729094.5034176076,2887217.4598511225]],[[729100.5539749275,2887201.218262504],[729106.9222331403,2887202.1947742524],[729107.6893239435,2887197.2761559635],[729101.3212581831,2887196.2885640524],[729100.5539749275,2887201.218262504]]]]},"properties":{"height":6.0,"min_height":0.0},"id":""},{"type":"Feature","geometry":{"type":"MultiPolygon","coordinates":[[[[729107.0853092158,2887227.634032277],[729101.5842206646,2887226.861189027],[729102.5560892699,2887219.973328156],[729108.0473702296,2887220.7349156504],[729107.0853092158,2887227.634032277]]]]},"properties":{"height":6.0,"min_height":0.0},"id":""},{"type":"Feature","geometry":{"type":"MultiPolygon","coordinates":[[[[729098.6886953311,2887226.466676652],[729093.197416637,2887225.7050929563],[729094.1694756476,2887218.8061518236],[729099.660562397,2887219.578815679],[729098.6886953311,2887226.466676652]]]]},"properties":{"height":6.0,"min_height":0.0},"id":""},{"type":"Feature","geometry":{"type":"MultiPolygon","coordinates":[[[[729065.362931873,2887195.5896744565],[729077.6794224349,2887197.524195726],[729074.2795736614,2887218.977268464],[729061.963103491,2887217.0427489034],[729065.362931873,2887195.5896744565]],[[729068.9610259455,2887202.701985377],[729068.5444515507,2887205.33250672],[729071.6585422942,2887205.819522687],[729072.0751173211,2887203.1890013963],[729068.9610259455,2887202.701985377]]]]},"properties":{"height":6.0,"min_height":0.0},"id":""},{"type":"Feature","geometry":{"type":"MultiPolygon","coordinates":[[[[729056.8690067169,2887251.17867928],[729062.1484034882,2887217.8883451484],[729074.1955063024,2887219.773794245],[729068.9258891062,2887253.0753816986],[729056.8690067169,2887251.17867928]],[[729070.6143686973,2887223.0801671813],[729070.9625322878,2887220.9250286203],[729064.504818175,2887219.9137105006],[729064.1566556608,2887222.0688491547],[729070.6143686973,2887223.0801671813]],[[729061.1123872367,2887239.238904186],[729060.6505324545,2887242.167880949],[729068.3357804983,2887243.378119675],[729068.807837261,2887240.4382390454],[729061.1123872367,2887239.238904186]],[[729062.5382579789,2887245.803179471],[729058.5058246447,2887245.178098273],[729058.2919514911,2887246.526510972],[729062.3141841753,2887247.1624961495],[729062.5382579789,2887245.803179471]],[[729065.8830473846,2887246.261001722],[729065.6570247371,2887247.7311180187],[729069.0006444916,2887248.255420906],[729069.2266675187,2887246.7853046395],[729065.8830473846,2887246.261001722]]]]},"properties":{"height":6.0,"min_height":0.0},"id":""},{"type":"Feature","geometry":{"type":"MultiPolygon","coordinates":[[[[729069.7288525752,2887252.945418561],[729076.0672628048,2887212.935008503],[729091.7273639884,2887215.3938493906],[729085.3889054031,2887255.4042553976],[729069.7288525752,2887252.945418561]],[[729087.0920244418,2887221.164357514],[729086.6764208477,2887223.739478735],[729089.4012704573,2887224.1642367938],[729089.8068691882,2887221.588939652],[729087.0920244418,2887221.164357514]],[[729087.4007546214,2887235.478447456],[729088.0982564937,2887231.101691018],[729086.7708513254,2887230.8899278836],[729086.0731550332,2887235.2777643255],[729087.4007546214,2887235.478447456]],[[729082.7687788231,2887251.3016528976],[729085.1442137357,2887251.6759318477],[729085.5613756663,2887249.0121708508],[729083.1959456492,2887248.638067826],[729082.7687788231,2887251.3016528976]],[[729075.7533589831,2887219.402188927],[729075.4051945787,2887221.557327417],[729085.7454613019,2887223.180019575],[729086.0936274282,2887221.024881235],[729075.7533589831,2887219.402188927]],[[729076.1354439652,2887231.822307428],[729081.0360122904,2887232.5956621612],[729081.3181044576,2887230.782946897],[729076.4275408469,2887230.009768068],[729076.1354439652,2887231.822307428]],[[729073.1794634833,2887250.8005067026],[729079.1380618666,2887251.736552397],[729079.6675526487,2887248.376513092],[729073.718958104,2887247.440643227],[729073.1794634833,2887250.8005067026]],[[729085.0290275682,2887253.1036637477],[729082.4840860362,2887252.6931534917],[729082.2372713094,2887254.2072375747],[729084.7924127893,2887254.6068438054],[729085.0290275682,2887253.1036637477]]]]},"properties":{"height":6.0,"min_height":0.0},"id":""},{"type":"Feature","geometry":{"type":"MultiPolygon","coordinates":[[[[729091.5340957749,2887256.543089764],[729087.9218922872,2887255.925389958],[729089.495756692,2887246.6762701008],[729093.1081576265,2887247.2828901852],[729091.5340957749,2887256.543089764]]]]},"properties":{"height":6.0,"min_height":0.0},"id":""},{"type":"Feature","geometry":{"type":"MultiPolygon","coordinates":[[[[729101.1333482524,2887309.9676348786],[729089.8944257105,2887308.229367746],[729091.0341672017,2887300.901123136],[729102.2732909867,2887302.628310815],[729101.1333482524,2887309.9676348786]]]]},"properties":{"height":6.0,"min_height":0.0},"id":""},{"type":"Feature","geometry":{"type":"MultiPolygon","coordinates":[[[[729056.385779515,2887298.0085929474],[729059.5892938399,2887283.7341028643],[729080.1765004368,2887288.2967619025],[729076.9727688362,2887302.5823285463],[729056.385779515,2887298.0085929474]]]]},"properties":{"height":6.0,"min_height":0.0},"id":""},{"type":"Feature","geometry":{"type":"MultiPolygon","coordinates":[[[[729004.618766937,2887269.1682175472],[729009.460385222,2887248.8155736537],[729058.1201884791,2887260.27797875],[729053.2682947243,2887280.641514145],[729049.4964415024,2887296.5020193094],[729038.2038326077,2887293.8318495513],[729041.9754773895,2887277.9824220873],[729004.618766937,2887269.1682175472]]]]},"properties":{"height":6.0,"min_height":0.0},"id":""},{"type":"Feature","geometry":{"type":"MultiPolygon","coordinates":[[[[729044.5658149294,2887248.490736498],[729049.6877643216,2887216.184053367],[729061.3454380179,2887218.0183088994],[729056.2234595581,2887250.3249895927],[729044.5658149294,2887248.490736498]],[[729057.9634374233,2887221.3836038676],[729058.4580358111,2887218.3000354078],[729052.5294374925,2887217.3645282565],[729052.0446510833,2887220.4593527396],[729057.9634374233,2887221.3836038676]],[[729048.994081674,2887226.0360724144],[729048.6904245698,2887227.93707588],[729058.5914242705,2887229.496605557],[729058.8952776692,2887227.5845222496],[729048.994081674,2887226.0360724144]],[[729047.5449529665,2887239.576659801],[729046.9374446117,2887243.389746756],[729049.0133043518,2887243.7255009264],[729049.621008155,2887239.9013340594],[729047.5449529665,2887239.576659801]],[[729056.7806485975,2887240.836321875],[729054.634750755,2887240.4993348853],[729053.9599989494,2887244.721324686],[729056.1159014776,2887245.0584875606],[729056.7806485975,2887240.836321875]]]]},"properties":{"height":6.0,"min_height":0.0},"id":""},{"type":"Feature","geometry":{"type":"MultiPolygon","coordinates":[[[[729061.207437199,2887217.328711906],[729054.6600619729,2887216.2936554053],[729057.6207622444,2887197.614789109],[729064.1683417526,2887198.638766437],[729061.207437199,2887217.328711906]]]]},"properties":{"height":6.0,"min_height":0.0},"id":""},{"type":"Feature","geometry":{"type":"MultiPolygon","coordinates":[[[[729035.3612328245,2887213.017208194],[729035.5725156448,2887204.985466481],[729040.974660398,2887205.124787748],[729040.6225885283,2887213.7636405015],[729035.3612328245,2887213.017208194]],[[729037.2550670797,2887207.198478675],[729039.0858628759,2887207.24175357],[729039.1272348721,2887205.4580554278],[729037.3064442389,2887205.4149564733],[729037.2550670797,2887207.198478675]]]]},"properties":{"height":6.0,"min_height":0.0},"id":""},{"type":"Feature","geometry":{"type":"MultiPolygon","coordinates":[[[[729032.2591122952,2887246.0022450476],[729035.0363283497,2887214.419085705],[729049.0495614335,2887216.050913753],[729044.6105692768,2887247.083932947],[729032.2591122952,2887246.0022450476]],[[729035.8000365722,2887220.506211158],[729035.4634565054,2887224.279728569],[729037.741960175,2887224.47495972],[729038.0685355046,2887220.701266389],[729035.8000365722,2887220.506211158]],[[729044.997798709,2887221.078026387],[729044.6475087934,2887225.061887133],[729047.3156384323,2887225.2972213235],[729047.6659291735,2887221.3133605886],[729044.997798709,2887221.078026387]],[[729034.3458548228,2887242.3038346334],[729042.7900802244,2887243.039734314],[729043.0404539718,2887240.1846223394],[729034.5960318815,2887239.4598025964],[729034.3458548228,2887242.3038346334]]]]},"properties":{"height":6.0,"min_height":0.0},"id":""},{"type":"Feature","geometry":{"type":"MultiPolygon","coordinates":[[[[729032.9431393994,2887232.714205792],[729027.8046532293,2887232.3800216536],[729028.9989067541,2887213.980428568],[729034.1375950531,2887214.303532676],[729032.9431393994,2887232.714205792]]]]},"properties":{"height":6.0,"min_height":0.0},"id":""},{"type":"Feature","geometry":{"type":"MultiPolygon","coordinates":[[[[729026.9105122379,2887229.7264538445],[729024.4320964108,2887229.51662618],[729025.6137822926,2887215.816168767],[729028.0922007456,2887216.0259964624],[729026.9105122379,2887229.7264538445]]]]},"properties":{"height":6.0,"min_height":0.0},"id":""},{"type":"Feature","geometry":{"type":"MultiPolygon","coordinates":[[[[729029.576868025,2887212.4167495663],[729029.7513124616,2887204.7722789557],[729035.1534571452,2887204.911597799],[729034.9419797669,2887212.954419462],[729029.576868025,2887212.4167495663]],[[729031.4438702574,2887206.9854662456],[729033.2644657992,2887207.039644359],[729033.3158424095,2887205.2561221826],[729031.4852412058,2887205.2017681575],[729031.4438702574,2887206.9854662456]]]]},"properties":{"height":6.0,"min_height":0.0},"id":""},{"type":"Feature","geometry":{"type":"MultiPolygon","coordinates":[[[[729013.2459238584,2887228.189445255],[729014.7044045429,2887211.2685887744],[729025.2774644882,2887212.17490426],[729023.8191647665,2887229.0846806145],[729013.2459238584,2887228.189445255]],[[729016.6197558802,2887214.472112534],[729022.8056997553,2887215.0020423825],[729023.0065016224,2887212.6891448963],[729016.820556642,2887212.159215034],[729016.6197558802,2887214.472112534]]]]},"properties":{"height":6.0,"min_height":0.0},"id":""},{"type":"Feature","geometry":{"type":"MultiPolygon","coordinates":[[[[729008.0740567016,2887222.922575109],[729003.6904521382,2887222.346754688],[729004.4176054203,2887216.851095629],[729008.8112172482,2887217.427092064],[729008.0740567016,2887222.922575109]]]]},"properties":{"height":6.0,"min_height":0.0},"id":""},{"type":"Feature","geometry":{"type":"MultiPolygon","coordinates":[[[[729013.6700385446,2887213.744165104],[729012.776930246,2887224.124679939],[729008.8190779348,2887223.811261008],[729010.1522261585,2887213.4495660155],[729013.6700385446,2887213.744165104]]]]},"properties":{"height":6.0,"min_height":0.0},"id":""},{"type":"Feature","geometry":{"type":"MultiPolygon","coordinates":[[[[729002.6161023765,2887221.9731984423],[728998.6719558616,2887221.4494392946],[728999.0645380996,2887218.4749102388],[729003.0086855218,2887218.9986694385],[729002.6161023765,2887221.9731984423]]]]},"properties":{"height":6.0,"min_height":0.0},"id":""},{"type":"Feature","geometry":{"type":"MultiPolygon","coordinates":[[[[729011.5006540717,2887243.7752532708],[729012.7695070215,2887229.1009902377],[729016.1274236437,2887229.3816957828],[729015.4372565591,2887237.3274335796],[729031.716553519,2887238.722002103],[729031.1378553598,2887245.4505271944],[729011.5006540717,2887243.7752532708]]]]},"properties":{"height":6.0,"min_height":0.0},"id":""},{"type":"Feature","geometry":{"type":"MultiPolygon","coordinates":[[[[728986.0476821393,2887255.242414722],[728987.6390751256,2887245.561345279],[729000.4932807265,2887247.6493340554],[728998.8916779776,2887257.3413066966],[728986.0476821393,2887255.242414722]]]]},"properties":{"height":6.0,"min_height":0.0},"id":""},{"type":"Feature","geometry":{"type":"MultiPolygon","coordinates":[[[[728984.8086409584,2887238.617721731],[728972.7065099956,2887235.8779667527],[728975.839388687,2887222.200725372],[728987.941532257,2887224.940482329],[728984.8086409584,2887238.617721731]]]]},"properties":{"height":6.0,"min_height":0.0},"id":""},{"type":"Feature","geometry":{"type":"MultiPolygon","coordinates":[[[[728987.7317916405,2887240.2872837544],[728990.2409813259,2887221.6669737464],[729012.0383544543,2887224.5771969357],[729009.5291333813,2887243.197505061],[728987.7317916405,2887240.2872837544]],[[728995.3305084426,2887224.2169590583],[729004.3668880101,2887225.428745027],[729004.5274171003,2887224.2678116933],[728995.4908419341,2887223.067105635],[728995.3305084426,2887224.2169590583]],[[729001.8030113567,2887241.4656636906],[729002.3314372298,2887237.595768574],[728997.259024138,2887236.919172999],[728996.7305997855,2887240.7890682095],[729001.8030113567,2887241.4656636906]]]]},"properties":{"height":6.0,"min_height":0.0},"id":""},{"type":"Feature","geometry":{"type":"MultiPolygon","coordinates":[[[[728997.4601337232,2887221.4946353347],[728993.366100779,2887220.957159386],[728994.0356259999,2887215.892739085],[728998.129660548,2887216.430215125],[728997.4601337232,2887221.4946353347]]]]},"properties":{"height":6.0,"min_height":0.0},"id":""},{"type":"Feature","geometry":{"type":"MultiPolygon","coordinates":[[[[728979.4019755514,2887218.240082832],[728985.5065731556,2887191.5145221604],[728998.286581067,2887194.4102865327],[728992.1819574413,2887221.135843138],[728979.4019755514,2887218.240082832]],[[728994.050541562,2887201.9501024843],[728994.8856272425,2887198.285099324],[728986.8904991851,2887196.482040068],[728986.0556105179,2887200.135963614],[728994.050541562,2887201.9501024843]],[[728988.5688195699,2887219.431983999],[728989.0782245706,2887217.2131787427],[728983.8644871537,2887216.0353524326],[728983.3552778114,2887218.2430778677],[728988.5688195699,2887219.431983999]]]]},"properties":{"height":6.0,"min_height":0.0},"id":""},{"type":"Feature","geometry":{"type":"MultiPolygon","coordinates":[[[[728971.2186314624,2887215.757637166],[728974.6461126731,2887209.2343567293],[728978.3748401065,2887211.1951613287],[728974.9373519461,2887217.7182650194],[728971.2186314624,2887215.757637166]]]]},"properties":{"height":6.0,"min_height":0.0},"id":""},{"type":"Feature","geometry":{"type":"MultiPolygon","coordinates":[[[[728966.1767424459,2887234.4110119403],[728969.8633224026,2887218.2719081086],[728975.3958690708,2887219.532916707],[728971.7094770811,2887235.660939515],[728966.1767424459,2887234.4110119403]]]]},"properties":{"height":6.0,"min_height":0.0},"id":""},{"type":"Feature","geometry":{"type":"MultiPolygon","coordinates":[[[[728965.1607946617,2887233.561899875],[728959.9570680457,2887232.384258655],[728961.4207559263,2887225.9816244976],[728966.6244850807,2887227.159266115],[728965.1607946617,2887233.561899875]]]]},"properties":{"height":6.0,"min_height":0.0},"id":""},{"type":"Feature","geometry":{"type":"MultiPolygon","coordinates":[[[[728956.1103034869,2887212.654721818],[728950.8567355598,2887211.465125645],[728953.4366674661,2887200.2054226785],[728958.690239897,2887201.3950195583],[728956.1103034869,2887212.654721818]]]]},"properties":{"height":6.0,"min_height":0.0},"id":""},{"type":"Feature","geometry":{"type":"MultiPolygon","coordinates":[[[[728955.318464286,2887218.415245895],[728944.8013269248,2887216.035880173],[728945.8091428687,2887211.6534912805],[728956.3162783402,2887214.0326816905],[728955.318464286,2887218.415245895]]]]},"properties":{"height":6.0,"min_height":0.0},"id":""},{"type":"Feature","geometry":{"type":"MultiPolygon","coordinates":[[[[728951.9748066695,2887202.518321542],[728949.8491841338,2887211.8464180348],[728938.454680841,2887209.274302859],[728940.5904954325,2887199.935301001],[728951.9748066695,2887202.518321542]]]]},"properties":{"height":6.0,"min_height":0.0},"id":""},{"type":"Feature","geometry":{"type":"MultiPolygon","coordinates":[[[[728943.9574890992,2887215.644213729],[728937.4579201977,2887214.1667219307],[728938.3902431943,2887210.093340522],[728944.8800034518,2887211.559576822],[728943.9574890992,2887215.644213729]]]]},"properties":{"height":6.0,"min_height":0.0},"id":""},{"type":"Feature","geometry":{"type":"MultiPolygon","coordinates":[[[[728939.5961534863,2887235.440061769],[728933.81425594,2887234.130352013],[728936.9798357375,2887220.2985124155],[728942.7617393787,2887221.6082231263],[728939.5961534863,2887235.440061769]]]]},"properties":{"height":6.0,"min_height":0.0},"id":""},{"type":"Feature","geometry":{"type":"MultiPolygon","coordinates":[[[[728945.4526378096,2887232.5061498494],[728941.4452720707,2887231.593378374],[728943.6246139056,2887222.055641029],[728947.6421826989,2887222.957508861],[728945.4526378096,2887232.5061498494]]]]},"properties":{"height":6.0,"min_height":0.0},"id":""},{"type":"Feature","geometry":{"type":"MultiPolygon","coordinates":[[[[728951.4742266139,2887234.9838329786],[728946.3103266449,2887233.8179806657],[728947.7314543154,2887227.5586814964],[728952.9053621391,2887228.724710054],[728951.4742266139,2887234.9838329786]]]]},"properties":{"height":6.0,"min_height":0.0},"id":""},{"type":"Feature","geometry":{"type":"MultiPolygon","coordinates":[[[[728953.346013227,2887225.8618592927],[728948.2119310962,2887224.7076140447],[728949.1664101512,2887220.512705334],[728954.3002991735,2887221.678030797],[728953.346013227,2887225.8618592927]]]]},"properties":{"height":6.0,"min_height":0.0},"id":""},{"type":"Feature","geometry":{"type":"MultiPolygon","coordinates":[[[[728955.447998569,2887221.864454708],[728961.0605876849,2887223.1268641655],[728957.2659807045,2887239.7184893456],[728951.6635988227,2887238.445176903],[728955.447998569,2887221.864454708]]]]},"properties":{"height":6.0,"min_height":0.0},"id":""},{"type":"Feature","geometry":{"type":"MultiPolygon","coordinates":[[[[728949.0951627028,2887249.051162474],[728951.3068618912,2887239.3809940857],[728956.8894273727,2887240.642874707],[728954.6777240713,2887250.313042452],[728949.0951627028,2887249.051162474]]]]},"properties":{"height":6.0,"min_height":0.0},"id":""},{"type":"Feature","geometry":{"type":"MultiPolygon","coordinates":[[[[728937.5588385279,2887244.869461921],[728932.0368902655,2887243.5754047935],[728933.3770674906,2887237.9353513033],[728938.8990181178,2887239.229408824],[728937.5588385279,2887244.869461921]]]]},"properties":{"height":6.0,"min_height":0.0},"id":""},{"type":"Feature","geometry":{"type":"MultiPolygon","coordinates":[[[[728947.7049028628,2887251.2766528605],[728937.3871203684,2887248.945128245],[728939.9680102331,2887237.630023699],[728950.2958070033,2887239.9617255647],[728947.7049028628,2887251.2766528605]]]]},"properties":{"height":6.0,"min_height":0.0},"id":""},{"type":"Feature","geometry":{"type":"MultiPolygon","coordinates":[[[[728946.3118203222,2887255.940437872],[728944.6524653861,2887263.2263044417],[728934.893045366,2887261.015428857],[728936.562205516,2887253.740817256],[728946.3118203222,2887255.940437872]]]]},"properties":{"height":6.0,"min_height":0.0},"id":""},{"type":"Feature","geometry":{"type":"MultiPolygon","coordinates":[[[[728952.3195941935,2887260.9116408094],[728946.4578607819,2887259.589437598],[728948.6595516654,2887249.91909305],[728954.5210946416,2887251.252376892],[728952.3195941935,2887260.9116408094]]]]},"properties":{"height":6.0,"min_height":0.0},"id":""},{"type":"Feature","geometry":{"type":"MultiPolygon","coordinates":[[[[728957.8828428301,2887266.118867706],[728952.1407870154,2887264.8209320796],[728955.2638294345,2887251.1324315392],[728961.0158966146,2887252.4305439717],[728957.8828428301,2887266.118867706]]]]},"properties":{"height":6.0,"min_height":0.0},"id":""},{"type":"Feature","geometry":{"type":"MultiPolygon","coordinates":[[[[728965.4600415073,2887267.7815658385],[728958.4918066848,2887266.207155525],[728959.8478425124,2887260.2348809987],[728966.8160805064,2887261.809291802],[728965.4600415073,2887267.7815658385]]]]},"properties":{"height":6.0,"min_height":0.0},"id":""},{"type":"Feature","geometry":{"type":"MultiPolygon","coordinates":[[[[728968.4393156422,2887258.8563951897],[728960.9925712184,2887257.173822114],[728963.4430941866,2887246.443848146],[728971.4175977318,2887248.279783267],[728968.4393156422,2887258.8563951897]]]]},"properties":{"height":6.0,"min_height":0.0},"id":""},{"type":"Feature","geometry":{"type":"MultiPolygon","coordinates":[[[[728964.5044522942,2887237.307629763],[728961.2300268722,2887251.636304287],[728955.6076397169,2887250.3626379827],[728958.8818642435,2887236.045042459],[728964.5044522942,2887237.307629763]]]]},"properties":{"height":6.0,"min_height":0.0},"id":""},{"type":"Feature","geometry":{"type":"MultiPolygon","coordinates":[[[[728966.0205016341,2887235.328186378],[728974.5039232505,2887237.250652241],[728973.0300293234,2887243.664189477],[728964.5566172363,2887241.741900142],[728966.0205016341,2887235.328186378]]]]},"properties":{"height":6.0,"min_height":0.0},"id":""},{"type":"Feature","geometry":{"type":"MultiPolygon","coordinates":[[[[728977.8457363531,2887254.388893105],[728971.878227302,2887252.8209846364],[728974.966233479,2887241.1268801917],[728980.9437531759,2887242.6949655726],[728977.8457363531,2887254.388893105]]]]},"properties":{"height":6.0,"min_height":0.0},"id":""},{"type":"Feature","geometry":{"type":"MultiPolygon","coordinates":[[[[728967.7706740786,2887266.1485917564],[728970.8790965693,2887256.1395200514],[728981.0229544869,2887259.2549350862],[728977.9245298328,2887269.2641808144],[728967.7706740786,2887266.1485917564]]]]},"properties":{"height":6.0,"min_height":0.0},"id":""},{"type":"Feature","geometry":{"type":"MultiPolygon","coordinates":[[[[728941.0978022814,2887296.347472989],[728955.6916709575,2887299.6740878825],[728949.8758075818,2887325.351810029],[728934.8408584744,2887324.3449568376],[728941.0978022814,2887296.347472989]]]]},"properties":{"height":6.0,"min_height":0.0},"id":""},{"type":"Feature","geometry":{"type":"MultiPolygon","coordinates":[[[[728966.1396225349,2887318.5110791707],[728965.3517982834,2887323.473670159],[728955.8081365664,2887322.086737482],[728959.8626606782,2887294.6933816536],[728990.7781074353,2887299.2822845043],[728988.1719831739,2887317.7235567803],[728985.4889264558,2887317.199802556],[728984.8440721304,2887320.2918141647],[728980.3724003577,2887319.603616524],[728980.8151992763,2887316.6188865746],[728972.9702960419,2887315.383722683],[728972.4999638043,2887319.3654734083],[728966.1396225349,2887318.5110791707]]]]},"properties":{"height":6.0,"min_height":0.0},"id":""},{"type":"Feature","geometry":{"type":"MultiPolygon","coordinates":[[[[728982.709887139,2887280.5757737514],[728984.116667954,2887273.99480662],[728995.7529896697,2887276.471468663],[728994.3462030003,2887283.052434971],[728982.709887139,2887280.5757737514]]]]},"properties":{"height":6.0,"min_height":0.0},"id":""},{"type":"Feature","geometry":{"type":"MultiPolygon","coordinates":[[[[728983.8659299392,2887272.316807511],[728986.1933738443,2887257.7719878308],[728998.6687267735,2887259.775732095],[728996.3312635096,2887274.3203746784],[728983.8659299392,2887272.316807511]]]]},"properties":{"height":6.0,"min_height":0.0},"id":""},{"type":"Feature","geometry":{"type":"MultiPolygon","coordinates":[[[[728951.7361404328,2887353.890973877],[728952.6479176673,2887348.7088936297],[728959.9115201369,2887349.9892456285],[728958.9897347067,2887355.1711497046],[728951.7361404328,2887353.890973877]]]]},"properties":{"height":6.0,"min_height":0.0},"id":""},{"type":"Feature","geometry":{"type":"MultiPolygon","coordinates":[[[[728959.1867964404,2887371.2898555608],[728956.0508237784,2887394.2549212934],[728930.5299495428,2887390.813817938],[728933.6560663423,2887367.8374935845],[728959.1867964404,2887371.2898555608]]]]},"properties":{"height":6.0,"min_height":0.0},"id":""},{"type":"Feature","geometry":{"type":"MultiPolygon","coordinates":[[[[728958.980100879,2887453.646861836],[728965.6613164893,2887420.303568258],[729014.4076410377,2887427.3783663237],[729014.1565374546,2887461.01204139],[728958.980100879,2887453.646861836]]]]},"properties":{"height":6.0,"min_height":0.0},"id":""},{"type":"Feature","geometry":{"type":"MultiPolygon","coordinates":[[[[729032.0481201513,2887468.5973516293],[729017.1691762652,2887464.988534228],[729021.5243710874,2887447.254104902],[729035.815364735,2887450.719585699],[729043.4277372019,2887419.6426167693],[729027.0340482893,2887416.2288239757],[729031.9386268766,2887395.7110423096],[729048.3628150328,2887399.6684615086],[729052.5464847788,2887382.584942106],[729072.1893345584,2887387.3415804976],[729068.5552702909,2887402.1959162415],[729083.6934412941,2887405.864762979],[729077.8496628564,2887429.7021159083],[729063.2598591689,2887426.15375141],[729056.5751155101,2887453.4232558054],[729072.9289930147,2887457.390560397],[729067.9050781301,2887477.8618997526],[729051.8005768274,2887473.9433183107],[729048.2216418209,2887488.510458451],[729028.349992387,2887483.683318688],[729032.0481201513,2887468.5973516293]]]]},"properties":{"height":6.0,"min_height":0.0},"id":""},{"type":"Feature","geometry":{"type":"MultiPolygon","coordinates":[[[[729052.2494492012,2887359.6370963594],[729041.749869979,2887360.250464545],[729041.5035438581,2887356.0455276663],[729052.003126411,2887355.432159037],[729052.2494492012,2887359.6370963594]]]]},"properties":{"height":6.0,"min_height":0.0},"id":""},{"type":"Feature","geometry":{"type":"MultiPolygon","coordinates":[[[[729012.1469878547,2887322.002085333],[729016.2283167222,2887307.321854128],[729033.9177184958,2887312.188160848],[729029.9965808563,2887326.294868749],[729061.0028546683,2887334.820148521],[729065.7256715404,2887317.8126131957],[729085.6561115731,2887323.2947412413],[729080.9226793385,2887340.3353351564],[729097.9746022671,2887345.0242725224],[729092.5895203563,2887364.403081422],[729077.7786811686,2887360.329900079],[729073.622577555,2887375.2748042885],[729049.8477104402,2887368.727575894],[729053.8539707919,2887354.3342010737],[729026.6526240129,2887346.851175676],[729022.1653730609,2887362.9872744144],[729001.7470558265,2887357.3636615593],[729006.169964473,2887341.47026134],[728991.6480656917,2887337.4687630706],[728997.0971232628,2887317.8582995227],[729012.1469878547,2887322.002085333]]]]},"properties":{"height":6.0,"min_height":0.0},"id":""},{"type":"Feature","geometry":{"type":"MultiPolygon","coordinates":[[[[729043.1162632029,2887568.819616262],[729045.588715967,2887557.413950887],[729104.6647471348,2887570.079503425],[729102.1924377859,2887581.4740814213],[729043.1162632029,2887568.819616262]]]]},"properties":{"height":6.0,"min_height":0.0},"id":""},{"type":"Feature","geometry":{"type":"MultiPolygon","coordinates":[[[[728953.7656808814,2887528.235057272],[728963.0834271751,2887529.9394492493],[728960.4366391788,2887544.434324173],[728951.1189032759,2887542.7299333224],[728953.7656808814,2887528.235057272]]]]},"properties":{"height":6.0,"min_height":0.0},"id":""},{"type":"Feature","geometry":{"type":"MultiPolygon","coordinates":[[[[728945.4415686822,2887521.8155326913],[728951.6920194542,2887523.2221635743],[728948.4771437048,2887536.443547245],[728942.230594551,2887534.815318187],[728945.4415686822,2887521.8155326913]]]]},"properties":{"height":6.0,"min_height":0.0},"id":""},{"type":"Feature","geometry":{"type":"MultiPolygon","coordinates":[[[[729035.6736912713,2887546.422193066],[728982.1383678905,2887535.106803806],[728985.1842191279,2887520.685447549],[729038.7196015632,2887532.0008449634],[729035.6736912713,2887546.422193066]]]]},"properties":{"height":6.0,"min_height":0.0},"id":""},{"type":"Feature","geometry":{"type":"MultiPolygon","coordinates":[[[[728984.481407725,2887557.813529899],[728986.7138257882,2887547.534143611],[729032.9848352228,2887557.613469527],[729030.7523808277,2887567.89285057],[728984.481407725,2887557.813529899]]]]},"properties":{"height":6.0,"min_height":0.0},"id":""},{"type":"Feature","geometry":{"type":"MultiPolygon","coordinates":[[[[729026.0096845147,2887578.6379250586],[729023.3307874013,2887590.970967297],[728979.1135475901,2887581.3489418947],[728981.8026029789,2887569.0049895816],[729026.0096845147,2887578.6379250586]]]]},"properties":{"height":6.0,"min_height":0.0},"id":""},{"type":"Feature","geometry":{"type":"MultiPolygon","coordinates":[[[[728991.7378285974,2887624.386041161],[729000.4594264829,2887626.9777396205],[728998.7597118111,2887633.1434692056],[728989.8382110589,2887630.537173309],[728991.7378285974,2887624.386041161]]]]},"properties":{"height":6.0,"min_height":0.0},"id":""},{"type":"Feature","geometry":{"type":"MultiPolygon","coordinates":[[[[729014.8686858367,2887614.0307898265],[728973.7102327084,2887605.1940666726],[728976.3592599775,2887592.849410009],[729017.5179467811,2887601.6750586964],[729014.8686858367,2887614.0307898265]]]]},"properties":{"height":6.0,"min_height":0.0},"id":""},{"type":"Feature","geometry":{"type":"MultiPolygon","coordinates":[[[[728965.0025885561,2887596.684103513],[728948.6382804164,2887592.7499872358],[728953.0654633284,2887574.3296397715],[728969.4297943574,2887578.263759918],[728965.0025885561,2887596.684103513]]]]},"properties":{"height":6.0,"min_height":0.0},"id":""},{"type":"Feature","geometry":{"type":"MultiPolygon","coordinates":[[[[728943.9462521708,2887590.938497681],[728946.9071412852,2887587.6101137004],[728949.1342115236,2887589.588856414],[728946.1733221912,2887592.9172399053],[728943.9462521708,2887590.938497681]]]]},"properties":{"height":6.0,"min_height":0.0},"id":""},{"type":"Feature","geometry":{"type":"MultiPolygon","coordinates":[[[[728967.2649665518,2887634.795320292],[728950.9767817139,2887630.5189497345],[728953.6578374935,2887620.3361142674],[728969.9458400444,2887624.6235672175],[728967.2649665518,2887634.795320292]]]]},"properties":{"height":6.0,"min_height":0.0},"id":""},{"type":"Feature","geometry":{"type":"MultiPolygon","coordinates":[[[[728961.1284344892,2887605.8484575716],[728957.165126133,2887618.945848071],[728947.0906150835,2887615.887061089],[728951.0537188607,2887602.800748213],[728961.1284344892,2887605.8484575716]]]]},"properties":{"height":6.0,"min_height":0.0},"id":""},{"type":"Feature","geometry":{"type":"MultiPolygon","coordinates":[[[[729008.2943958603,2887638.4427348697],[729003.4393223922,2887655.5809562015],[728974.0693419758,2887650.232194676],[728964.9304169053,2887669.101702244],[728929.2988392753,2887657.292175997],[728937.2535914829,2887636.8944908525],[728974.817766509,2887642.3872292414],[728978.6772116035,2887630.0749373487],[729008.2943958603,2887638.4427348697]]]]},"properties":{"height":6.0,"min_height":0.0},"id":""},{"type":"Feature","geometry":{"type":"MultiPolygon","coordinates":[[[[729047.3995929062,2887642.810109635],[729020.1477370566,2887635.9579055225],[729023.2137757532,2887624.374258302],[729050.0471286083,2887630.5541025675],[729047.3995929062,2887642.810109635]]]]},"properties":{"height":6.0,"min_height":0.0},"id":""},{"type":"Feature","geometry":{"type":"MultiPolygon","coordinates":[[[[729027.709574039,2887612.8711712467],[729030.1718089649,2887601.4764079596],[729094.621879531,2887615.2893623104],[729092.1595884773,2887626.684117563],[729027.709574039,2887612.8711712467]]]]},"properties":{"height":6.0,"min_height":0.0},"id":""},{"type":"Feature","geometry":{"type":"MultiPolygon","coordinates":[[[[729035.259225935,2887591.0477323188],[729037.731669602,2887579.642065957],[729099.8288236989,2887592.9481555],[729097.3563259037,2887604.3538140752],[729035.259225935,2887591.0477323188]]]]},"properties":{"height":6.0,"min_height":0.0},"id":""},{"type":"Feature","geometry":{"type":"MultiPolygon","coordinates":[[[[729068.4901282368,2887655.1400343617],[729050.138997457,2887650.9380840748],[729054.5150547032,2887632.018106284],[729072.8662119218,2887636.220060782],[729068.4901282368,2887655.1400343617]]]]},"properties":{"height":6.0,"min_height":0.0},"id":""},{"type":"Feature","geometry":{"type":"MultiPolygon","coordinates":[[[[729110.0276869065,2887583.8175092707],[729112.3917652465,2887572.8865309856],[729163.1024323455,2887583.75377506],[729160.7381166843,2887594.6958272466],[729110.0276869065,2887583.8175092707]]]]},"properties":{"height":6.0,"min_height":0.0},"id":""},{"type":"Feature","geometry":{"type":"MultiPolygon","coordinates":[[[[729099.9948108064,2887629.027541375],[729102.3588765151,2887618.096561885],[729153.0693685166,2887628.963779837],[729150.6950604044,2887639.905657189],[729099.9948108064,2887629.027541375]]]]},"properties":{"height":6.0,"min_height":0.0},"id":""},{"type":"Feature","geometry":{"type":"MultiPolygon","coordinates":[[[[729105.191561437,2887606.6972400295],[729107.5658336199,2887595.7553571956],[729158.2664069182,2887606.6224129973],[729155.9020974451,2887617.564465765],[729105.191561437,2887606.6972400295]]]]},"properties":{"height":6.0,"min_height":0.0},"id":""},{"type":"Feature","geometry":{"type":"MultiPolygon","coordinates":[[[[729169.5032707,2887579.4552079425],[729053.1019146801,2887553.6003941935],[729055.7950758215,2887542.165361309],[729062.544709443,2887537.950461401],[729069.6045883517,2887539.426803475],[729168.7724157633,2887558.9934667195],[729172.4687639677,2887565.6309664496],[729169.5032707,2887579.4552079425]]]]},"properties":{"height":6.0,"min_height":0.0},"id":""},{"type":"Feature","geometry":{"type":"MultiPolygon","coordinates":[[[[729113.6266676562,2887488.463833884],[729098.6640164551,2887485.064031449],[729111.4561765926,2887429.2181391586],[729126.4188914523,2887432.61795158],[729124.7925798744,2887439.7270510453],[729171.1363575358,2887450.2403727775],[729167.4393573906,2887466.3903416907],[729121.0956367496,2887455.8770288937],[729113.6266676562,2887488.463833884]]]]},"properties":{"height":6.0,"min_height":0.0},"id":""},{"type":"Feature","geometry":{"type":"MultiPolygon","coordinates":[[[[729153.9066831542,2887494.913668245],[729135.645966148,2887492.386800981],[729137.0322259814,2887482.4250452486],[729155.2929570561,2887484.9519134173],[729153.9066831542,2887494.913668245]]],[[[729164.2024640074,2887500.7584376107],[729162.2515971003,2887512.660937087],[729122.9628018866,2887506.7605121],[729125.3864109118,2887494.7222423293],[729157.725273313,2887499.724550222],[729160.5451813409,2887482.229139313],[729167.0223807793,2887483.263027458],[729164.2024640074,2887500.7584376107]]]]},"properties":{"height":6.0,"min_height":0.0},"id":""},{"type":"Feature","geometry":{"type":"MultiPolygon","coordinates":[[[[729173.057488124,2887465.6246888763],[729173.9780624779,2887459.3787640813],[729179.1788931647,2887460.146364084],[729178.2583163008,2887466.392288697],[729173.057488124,2887465.6246888763]]]]},"properties":{"height":6.0,"min_height":0.0},"id":""},{"type":"Feature","geometry":{"type":"MultiPolygon","coordinates":[[[[729220.3702485189,2887457.4686235986],[729207.9614345382,2887455.676402308],[729207.8778097748,2887457.0160227604],[729202.0394345797,2887456.6472779796],[729202.4131110687,2887450.768565634],[729220.9514944267,2887453.4444929594],[729220.3702485189,2887457.4686235986]]]]},"properties":{"height":6.0,"min_height":0.0},"id":""},{"type":"Feature","geometry":{"type":"MultiPolygon","coordinates":[[[[729207.2137462723,2887477.1207180675],[729200.4753007337,2887476.7139667636],[729201.6544224604,2887457.482841471],[729208.3926830309,2887457.9006726216],[729207.550780294,2887471.618196506],[729218.7482416737,2887472.291842829],[729218.411007891,2887477.805444427],[729207.2137462723,2887477.1207180675]]]]},"properties":{"height":6.0,"min_height":0.0},"id":""},{"type":"Feature","geometry":{"type":"MultiPolygon","coordinates":[[[[729217.0336687195,2887485.550672786],[729200.0078614418,2887484.5084583703],[729200.4314413783,2887477.5001167273],[729217.467458093,2887478.5314271236],[729217.0336687195,2887485.550672786]]]]},"properties":{"height":6.0,"min_height":0.0},"id":""},{"type":"Feature","geometry":{"type":"MultiPolygon","coordinates":[[[[729219.3449242099,2887471.371337716],[729208.3673818791,2887470.712644544],[729208.9703658456,2887460.9033583608],[729219.9377162767,2887461.57295532],[729219.3449242099,2887471.371337716]]]]},"properties":{"height":6.0,"min_height":0.0},"id":""},{"type":"Feature","geometry":{"type":"MultiPolygon","coordinates":[[[[729226.7836333691,2887476.345703399],[729219.6912392409,2887475.5780437556],[729221.7114741874,2887456.8937240266],[729228.8040735812,2887457.650304037],[729226.7836333691,2887476.345703399]]]]},"properties":{"height":6.0,"min_height":0.0},"id":""},{"type":"Feature","geometry":{"type":"MultiPolygon","coordinates":[[[[729225.9916909152,2887495.184641725],[729227.8331909947,2887478.1264371383],[729239.7506922372,2887479.4001953085],[729237.9091764162,2887496.4583993712],[729225.9916909152,2887495.184641725]],[[729230.9598131567,2887479.034887804],[729230.6595657665,2887481.8780392567],[729236.793015999,2887482.540160034],[729237.103269957,2887479.697184721],[729230.9598131567,2887479.034887804]]]]},"properties":{"height":6.0,"min_height":0.0},"id":""},{"type":"Feature","geometry":{"type":"MultiPolygon","coordinates":[[[[729225.8568685331,2887489.1972287567],[729217.4557492811,2887488.2957025003],[729218.3768833737,2887479.744440068],[729226.7880133995,2887480.6461425973],[729225.8568685331,2887489.1972287567]]]]},"properties":{"height":6.0,"min_height":0.0},"id":""},{"type":"Feature","geometry":{"type":"MultiPolygon","coordinates":[[[[729285.9244789449,2887506.3809051677],[729283.808309978,2887525.9612914785],[729243.3816984734,2887521.5921421894],[729219.2774127858,2887518.9955502115],[729216.9695303058,2887518.7665151027],[729213.4117193904,2887517.9058955126],[729210.1896734601,2887516.164513417],[729207.5417615138,2887513.646314211],[729205.6349517351,2887510.5315704234],[729204.5956070543,2887507.0330901914],[729204.5096800458,2887503.385137395],[729204.9242685951,2887500.3001630837],[729206.1793567268,2887488.695757366],[729222.3622465044,2887490.4324835357],[729221.1541846682,2887501.6387139913],[729221.8463583989,2887502.1163989943],[729238.5787367694,2887503.9071513815],[729237.3706608464,2887515.113381453],[729243.9829790745,2887515.861519421],[729245.7409667631,2887516.0587135367],[729247.2352002523,2887502.2418357315],[729285.9244789449,2887506.3809051677]]]]},"properties":{"height":6.0,"min_height":0.0},"id":""},{"type":"Feature","geometry":{"type":"MultiPolygon","coordinates":[[[[729228.0520158254,2887477.066281282],[729230.1187189802,2887458.017027124],[729241.2570008473,2887459.2105704215],[729239.2002864794,2887478.2600001236],[729228.0520158254,2887477.066281282]],[[729231.7852870646,2887459.997038269],[729231.3786118599,2887463.769322801],[729238.5410489644,2887464.538221049],[729238.9477262612,2887460.765936587],[729231.7852870646,2887459.997038269]]]]},"properties":{"height":6.0,"min_height":0.0},"id":""},{"type":"Feature","geometry":{"type":"MultiPolygon","coordinates":[[[[729249.9550158934,2887456.8920641495],[729245.8757467368,2887456.088759229],[729246.710446883,2887451.8806721233],[729250.7897173541,2887452.6839772067],[729249.9550158934,2887456.8920641495]]]]},"properties":{"height":6.0,"min_height":0.0},"id":""},{"type":"Feature","geometry":{"type":"MultiPolygon","coordinates":[[[[729239.3632373034,2887490.609785311],[729242.1516211655,2887459.5588186346],[729254.3486823512,2887462.5776044247],[729249.1014060138,2887492.3106986284],[729239.3632373034,2887490.609785311]],[[729252.0776540937,2887465.940237273],[729245.7318818698,2887464.8310365244],[729245.1205534205,2887468.2893834417],[729251.4663239546,2887469.3985840166],[729252.0776540937,2887465.940237273]],[[729243.2845255648,2887481.623658487],[729242.9059296615,2887483.800426364],[729248.3137379915,2887484.7490327484],[729248.6923348013,2887482.572264963],[729243.2845255648,2887481.623658487]]]]},"properties":{"height":6.0,"min_height":0.0},"id":""},{"type":"Feature","geometry":{"type":"MultiPolygon","coordinates":[[[[729252.8356230275,2887480.306593957],[729255.7271812775,2887463.865377124],[729274.0062439886,2887467.0577383167],[729271.104657382,2887483.498776679],[729252.8356230275,2887480.306593957]],[[729262.8027890357,2887467.2927788873],[729262.0465655589,2887471.5909140925],[729266.1175793413,2887472.2943286034],[729266.873609128,2887468.007273511],[729262.8027890357,2887467.2927788873]]]]},"properties":{"height":6.0,"min_height":0.0},"id":""},{"type":"Feature","geometry":{"type":"MultiPolygon","coordinates":[[[[729270.1758057512,2887461.2158537623],[729266.266042471,2887460.44877626],[729268.3733080769,2887449.901212907],[729272.2728742401,2887450.6791946637],[729270.1758057512,2887461.2158537623]]]]},"properties":{"height":6.0,"min_height":0.0},"id":""},{"type":"Feature","geometry":{"type":"MultiPolygon","coordinates":[[[[729280.6830323096,2887463.007910506],[729271.7166694822,2887461.8082314986],[729273.1912108073,2887450.8172776955],[729282.1577763068,2887452.005877177],[729280.6830323096,2887463.007910506]]]]},"properties":{"height":6.0,"min_height":0.0},"id":""},{"type":"Feature","geometry":{"type":"MultiPolygon","coordinates":[[[[729280.0572718317,2887486.6156448624],[729272.4655984407,2887485.7837494644],[729273.5625930412,2887475.772573097],[729281.1544673675,2887476.593388722],[729280.0572718317,2887486.6156448624]]]]},"properties":{"height":6.0,"min_height":0.0},"id":""},{"type":"Feature","geometry":{"type":"MultiPolygon","coordinates":[[[[729278.812499149,2887494.219119386],[729270.990905517,2887493.37209356],[729271.5636059879,2887488.1286380477],[729279.3850077457,2887488.986743961],[729278.812499149,2887494.219119386]]]]},"properties":{"height":6.0,"min_height":0.0},"id":""},{"type":"Feature","geometry":{"type":"MultiPolygon","coordinates":[[[[729269.7078985836,2887493.4825095213],[729251.4488835243,2887490.2905038223],[729252.9501475297,2887481.7605364393],[729271.2191797955,2887484.9527194793],[729269.7078985836,2887493.4825095213]]]]},"properties":{"height":6.0,"min_height":0.0},"id":""},{"type":"Feature","geometry":{"type":"MultiPolygon","coordinates":[[[[729234.2921009024,2887562.651355026],[729260.7187859081,2887566.3528708117],[729278.0504711655,2887568.774902639],[729276.43864432,2887580.1735263015],[729259.1069743368,2887577.7514954912],[729258.7745016955,2887580.1507433155],[729232.3476498651,2887576.4603093686],[729232.6901227457,2887574.0612373315],[729216.3267955702,2887571.77822596],[729217.9287592911,2887560.3683427065],[729234.2921009024,2887562.651355026]]]]},"properties":{"height":6.0,"min_height":0.0},"id":""},{"type":"Feature","geometry":{"type":"MultiPolygon","coordinates":[[[[729250.0271031507,2887595.5135422256],[729251.2634502625,2887584.4075601134],[729272.6893574055,2887586.7797379415],[729271.4429867398,2887597.8855432486],[729250.0271031507,2887595.5135422256]]]]},"properties":{"height":6.0,"min_height":0.0},"id":""},{"type":"Feature","geometry":{"type":"MultiPolygon","coordinates":[[[[729247.6004796344,2887606.0111521017],[729270.0351124302,2887608.5008353847],[729268.9541722859,2887618.16870943],[729268.5261105837,2887622.018201558],[729246.5193612502,2887615.6901067486],[729247.6004796344,2887606.0111521017]]]]},"properties":{"height":6.0,"min_height":0.0},"id":""},{"type":"Feature","geometry":{"type":"MultiPolygon","coordinates":[[[[729213.0961580669,2887596.115949669],[729214.3434535572,2887584.9547425667],[729246.2075618529,2887588.4859280796],[729244.9602388246,2887599.6471341616],[729213.0961580669,2887596.115949669]]]]},"properties":{"height":6.0,"min_height":0.0},"id":""},{"type":"Feature","geometry":{"type":"MultiPolygon","coordinates":[[[[729213.8163721818,2887561.4486413747],[729204.9910187188,2887597.7355677267],[729196.5498280018,2887595.7028358257],[729193.5325218007,2887593.1338036605],[729191.7614437328,2887589.7000306165],[729190.9040122874,2887586.6702551944],[729195.0795893985,2887569.486872465],[729197.009632025,2887566.162565149],[729201.3046562448,2887563.234546615],[729204.691674702,2887561.288056312],[729208.3305642039,2887560.9530935027],[729213.8163721818,2887561.4486413747]]]]},"properties":{"height":6.0,"min_height":0.0},"id":""},{"type":"Feature","geometry":{"type":"MultiPolygon","coordinates":[[[[729212.003245281,2887620.114460867],[729203.3181536729,2887652.413828769],[729185.7501712675,2887648.0702993046],[729184.3958652504,2887645.4086158206],[729183.7901124828,2887644.0014467784],[729183.202748799,2887642.118014896],[729183.8612803812,2887639.9572557267],[729188.9014572504,2887619.7078998527],[729190.3449343828,2887617.8712896006],[729191.7620280315,2887616.965221358],[729194.584382436,2887616.3942186427],[729196.3079908034,2887616.269383472],[729212.003245281,2887620.114460867]]]]},"properties":{"height":6.0,"min_height":0.0},"id":""},{"type":"Feature","geometry":{"type":"MultiPolygon","coordinates":[[[[729240.3407737908,2887636.9280007724],[729218.3890771669,2887629.747498727],[729222.2898162276,2887617.94582138],[729244.241531877,2887625.126328589],[729240.3407737908,2887636.9280007724]]]]},"properties":{"height":6.0,"min_height":0.0},"id":""},{"type":"Feature","geometry":{"type":"MultiPolygon","coordinates":[[[[729271.2170005771,2887648.244594329],[729242.9266129897,2887638.9906974477],[729246.8913043494,2887626.9684829907],[729275.1817169192,2887636.2223866307],[729271.2170005771,2887648.244594329]]]]},"properties":{"height":6.0,"min_height":0.0},"id":""},{"type":"Feature","geometry":{"type":"MultiPolygon","coordinates":[[[[729340.19035019,2887672.290848563],[729275.1910612909,2887651.041075339],[729279.8739693176,2887636.8813298997],[729344.8631256046,2887658.14202527],[729340.19035019,2887672.290848563]]]]},"properties":{"height":6.0,"min_height":0.0},"id":""},{"type":"Feature","geometry":{"type":"MultiPolygon","coordinates":[[[[729316.1245374824,2887620.9166095452],[729314.4020350123,2887636.3254798786],[729274.2786679468,2887626.1205826197],[729275.8817607993,2887611.806867191],[729287.968249423,2887613.139073167],[729287.4566866541,2887617.751850694],[729316.1245374824,2887620.9166095452]]]]},"properties":{"height":6.0,"min_height":0.0},"id":""},{"type":"Feature","geometry":{"type":"MultiPolygon","coordinates":[[[[729313.8958834694,2887600.27329774],[729283.9022381767,2887597.373376237],[729285.8700288811,2887577.125372059],[729315.8639162946,2887580.0142146433],[729313.8958834694,2887600.27329774]]]]},"properties":{"height":6.0,"min_height":0.0},"id":""},{"type":"Feature","geometry":{"type":"MultiPolygon","coordinates":[[[[729363.661171079,2887646.6248961794],[729368.2092351174,2887626.488835043],[729412.3916474499,2887636.366524198],[729407.843515568,2887656.502574928],[729363.661171079,2887646.6248961794]]]]},"properties":{"height":6.0,"min_height":0.0},"id":""},{"type":"Feature","geometry":{"type":"MultiPolygon","coordinates":[[[[729419.9614471643,2887632.7536712517],[729451.113605176,2887639.764110976],[729434.0049002875,2887715.0184192155],[729402.4941054218,2887707.9241027385],[729407.5822884479,2887685.5365454927],[729387.355778611,2887680.9907366633],[729391.564832675,2887662.489056],[729423.1255737566,2887669.595298384],[729425.5125101322,2887659.085925848],[729414.5369201237,2887656.62047996],[729419.9614471643,2887632.7536712517]]]]},"properties":{"height":6.0,"min_height":0.0},"id":""},{"type":"Feature","geometry":{"type":"MultiPolygon","coordinates":[[[[729403.6783636853,2887586.71447397],[729387.207047919,2887583.1769154686],[729388.0902553797,2887579.058354969],[729404.5615763317,2887582.5959142037],[729403.6783636853,2887586.71447397]]]]},"properties":{"height":6.0,"min_height":0.0},"id":""},{"type":"Feature","geometry":{"type":"MultiPolygon","coordinates":[[[[729325.285607257,2887634.355850933],[729321.2505698855,2887633.88579815],[729327.3958590692,2887581.5805258933],[729332.5495376363,2887582.1811108617],[729332.9264770285,2887578.9624737953],[729370.6407296852,2887583.3284843806],[729377.113809179,2887582.8883154728],[729382.4891083025,2887582.838901742],[729388.516265563,2887584.41915084],[729394.8074198503,2887587.4892312987],[729413.7255401581,2887589.6179714333],[729422.7804897102,2887590.896901852],[729433.2367431741,2887592.167274218],[729442.512944902,2887601.9067703844],[729439.2931130207,2887629.0155238593],[729364.8259458337,2887620.2668686095],[729363.6754843798,2887629.900266661],[729354.3571103723,2887628.8051543073],[729352.4288555533,2887645.097073962],[729324.4037273265,2887641.8105458952],[729325.285607257,2887634.355850933]]]]},"properties":{"height":6.0,"min_height":0.0},"id":""},{"type":"Feature","geometry":{"type":"MultiPolygon","coordinates":[[[[729373.2864663398,2887538.232309898],[729378.0496032927,2887499.6350608887],[729405.3134712816,2887502.974768831],[729400.560453211,2887541.5611101245],[729373.2864663398,2887538.232309898]]]]},"properties":{"height":6.0,"min_height":0.0},"id":""},{"type":"Feature","geometry":{"type":"MultiPolygon","coordinates":[[[[729422.7804897102,2887590.896901852],[729413.7255401581,2887589.6179714333],[729420.8641536885,2887525.2603595196],[729429.9189531845,2887526.5503715444],[729422.7804897102,2887590.896901852]]]]},"properties":{"height":3.0,"min_height":3.0},"id":""},{"type":"Feature","geometry":{"type":"MultiPolygon","coordinates":[[[[729474.4678241018,2887458.274371134],[729481.9342238912,2887453.152376189],[729470.8788227558,2887506.900631091],[729467.6330433462,2887513.892504645],[729464.0684148899,2887517.9638200277],[729459.8671153442,2887521.2480795477],[729455.3842562581,2887524.0397091038],[729449.0242770782,2887526.0113472836],[729442.205522027,2887526.7557295766],[729434.9551278879,2887527.0048409146],[729429.9189531845,2887526.5503715444],[729420.8641536885,2887525.2603595196],[729416.2534658812,2887524.5141380345],[729418.5362674675,2887505.712529836],[729415.5872173884,2887504.951244758],[729417.0964019485,2887487.454937192],[729412.5585623151,2887476.8900896176],[729413.4478315071,2887472.4280507406],[729432.0512319139,2887476.5241080304],[729435.6028332867,2887473.7603985206],[729439.5729945897,2887456.8948647273],[729473.0628987288,2887464.1681680935],[729474.4678241018,2887458.274371134]]]]},"properties":{"height":6.0,"min_height":0.0},"id":""},{"type":"Feature","geometry":{"type":"MultiPolygon","coordinates":[[[[729368.1978105687,2887468.5831560763],[729350.8291278093,2887464.2761831605],[729352.9178414979,2887455.9228170854],[729370.2965404866,2887460.2299681706],[729368.1978105687,2887468.5831560763]]]]},"properties":{"height":6.0,"min_height":0.0},"id":""},{"type":"Feature","geometry":{"type":"MultiPolygon","coordinates":[[[[729364.0742630005,2887486.7760121142],[729358.3743028315,2887485.367792051],[729360.150624638,2887478.2724352367],[729365.8603979701,2887479.691912029],[729364.0742630005,2887486.7760121142]]]]},"properties":{"height":6.0,"min_height":0.0},"id":""},{"type":"Feature","geometry":{"type":"MultiPolygon","coordinates":[[[[729364.7373426238,2887476.402526273],[729349.4015416458,2887472.5968575813],[729351.1021646484,2887465.821586056],[729366.4379734925,2887469.6272561676],[729364.7373426238,2887476.402526273]]]]},"properties":{"height":6.0,"min_height":0.0},"id":""},{"type":"Feature","geometry":{"type":"MultiPolygon","coordinates":[[[[729359.3819785095,2887478.159148688],[729357.63859952,2887485.0888344184],[729346.408374287,2887482.297557761],[729348.1515522765,2887475.3789509446],[729359.3819785095,2887478.159148688]]]]},"properties":{"height":6.0,"min_height":0.0},"id":""},{"type":"Feature","geometry":{"type":"MultiPolygon","coordinates":[[[[729332.1875674317,2887463.482431471],[729335.7932237061,2887447.984803745],[729352.7087146568,2887451.884770779],[729349.0930331979,2887467.382219117],[729332.1875674317,2887463.482431471]],[[729335.5457638277,2887455.217916843],[729335.0470891475,2887457.392569108],[729347.7461566189,2887460.3205324435],[729348.2546435362,2887458.1571366717],[729335.5457638277,2887455.217916843]]]]},"properties":{"height":6.0,"min_height":0.0},"id":""},{"type":"Feature","geometry":{"type":"MultiPolygon","coordinates":[[[[729325.482498352,2887447.537256084],[729324.8931653189,2887451.4504084624],[729332.1500032021,2887452.5424390975],[729329.3405612193,2887471.1352761956],[729328.6831972399,2887475.50165071],[729320.877255417,2887474.3334523113],[729321.0368369694,2887473.2279205755],[729316.9940848269,2887472.6247369642],[729320.4611773555,2887450.784954038],[729321.0503139668,2887446.882881537],[729325.482498352,2887447.537256084]]]]},"properties":{"height":6.0,"min_height":0.0},"id":""},{"type":"Feature","geometry":{"type":"MultiPolygon","coordinates":[[[[729343.4252884579,2887480.6268503806],[729343.7163055313,2887479.4460492334],[729329.7455623036,2887475.985859801],[729332.6518209622,2887464.399445982],[729346.6225764522,2887467.859637623],[729349.2732368227,2887468.5159008433],[729346.0759462649,2887481.28311314],[729343.4252884579,2887480.6268503806]],[[729336.9456491134,2887470.637430493],[729336.095341375,2887474.0250668866],[729341.3168132976,2887475.3251003264],[729342.1673174775,2887471.926384194],[729336.9456491134,2887470.637430493]]]]},"properties":{"height":6.0,"min_height":0.0},"id":""},{"type":"Feature","geometry":{"type":"MultiPolygon","coordinates":[[[[729342.2353457559,2887493.63999502],[729371.1776550903,2887496.011677246],[729370.0464031312,2887509.6686939313],[729341.1041243955,2887507.2970119626],[729342.2353457559,2887493.63999502]]]]},"properties":{"height":6.0,"min_height":0.0},"id":""},{"type":"Feature","geometry":{"type":"MultiPolygon","coordinates":[[[[729340.2310937445,2887517.0904629454],[729369.183355728,2887519.462320792],[729367.885939041,2887535.1668439666],[729338.9337122587,2887532.794986408],[729340.2310937445,2887517.0904629454]]]]},"properties":{"height":6.0,"min_height":0.0},"id":""},{"type":"Feature","geometry":{"type":"MultiPolygon","coordinates":[[[[729311.4199661956,2887525.4609839804],[729313.3149776058,2887508.780559188],[729334.4806783111,2887511.159329948],[729332.5856395629,2887527.839753678],[729311.4199661956,2887525.4609839804]]]]},"properties":{"height":6.0,"min_height":0.0},"id":""},{"type":"Feature","geometry":{"type":"MultiPolygon","coordinates":[[[[729284.5522044895,2887525.774885901],[729286.4282838718,2887508.462372532],[729310.2730373911,2887511.021268229],[729308.3969260431,2887528.3337805225],[729284.5522044895,2887525.774885901]]]]},"properties":{"height":6.0,"min_height":0.0},"id":""},{"type":"Feature","geometry":{"type":"MultiPolygon","coordinates":[[[[729296.4577905005,2887498.7303693285],[729297.9881408934,2887484.5705426177],[729333.7604350748,2887488.403477913],[729332.2300454621,2887502.563303315],[729296.4577905005,2887498.7303693285]]]]},"properties":{"height":6.0,"min_height":0.0},"id":""},{"type":"Feature","geometry":{"type":"MultiPolygon","coordinates":[[[[729280.1273570769,2887492.8679228923],[729282.7637212534,2887468.752495571],[729295.7098180208,2887470.1552460184],[729293.0734296676,2887494.2706725034],[729280.1273570769,2887492.8679228923]],[[729285.0356097781,2887479.554482953],[729290.6795852628,2887480.163678746],[729291.3469649226,2887474.090634278],[729285.7031818405,2887473.4703584127],[729285.0356097781,2887479.554482953]]]]},"properties":{"height":6.0,"min_height":0.0},"id":""},{"type":"Feature","geometry":{"type":"MultiPolygon","coordinates":[[[[729282.4478128166,2887450.880474955],[729276.3192239804,2887449.941334209],[729277.6315768509,2887441.341542316],[729283.7703700535,2887442.269779531],[729282.4478128166,2887450.880474955]]]]},"properties":{"height":6.0,"min_height":0.0},"id":""},{"type":"Feature","geometry":{"type":"MultiPolygon","coordinates":[[[[729286.3585762067,2887449.885312264],[729283.6435873937,2887449.4717650893],[729285.9510972274,2887434.3724462427],[729297.3701881609,2887436.1029831385],[729295.0526597686,2887451.202124806],[729289.9618856992,2887450.4364158367],[729289.6803507069,2887452.215888922],[729295.5297666846,2887453.0947042787],[729293.5510200692,2887466.005294647],[729281.1039525527,2887464.112578019],[729283.072486471,2887451.212890523],[729286.0870469487,2887451.664961524],[729286.3585762067,2887449.885312264]]]]},"properties":{"height":6.0,"min_height":0.0},"id":""},{"type":"Feature","geometry":{"type":"MultiPolygon","coordinates":[[[[729294.0367069477,2887434.4372034557],[729283.7958937165,2887432.8604126545],[729285.4650897966,2887422.1832216037],[729295.7059114722,2887423.760013094],[729294.0367069477,2887434.4372034557]]]]},"properties":{"height":6.0,"min_height":0.0},"id":""},{"type":"Feature","geometry":{"type":"MultiPolygon","coordinates":[[[[729281.9627796668,2887438.6358505073],[729275.9938788759,2887437.721688374],[729278.5609529726,2887420.9533432107],[729284.5300565418,2887421.8564259727],[729281.9627796668,2887438.6358505073]]]]},"properties":{"height":6.0,"min_height":0.0},"id":""},{"type":"Feature","geometry":{"type":"MultiPolygon","coordinates":[[[[729284.0702840616,2887420.684574102],[729279.5992388303,2887419.963030113],[729280.9465446521,2887411.6520223995],[729285.4275980194,2887412.37374277],[729284.0702840616,2887420.684574102]]]]},"properties":{"height":6.0,"min_height":0.0},"id":""},{"type":"Feature","geometry":{"type":"MultiPolygon","coordinates":[[[[729286.5223917668,2887407.604981696],[729275.5642394405,2887405.272983068],[729278.6502620877,2887390.8634560634],[729289.6186268216,2887393.1845525485],[729286.5223917668,2887407.604981696]]]]},"properties":{"height":6.0,"min_height":0.0},"id":""},{"type":"Feature","geometry":{"type":"MultiPolygon","coordinates":[[[[729298.0608362,2887405.9682608475],[729288.6680506055,2887403.9741445077],[729291.633107055,2887390.183160807],[729301.0259025501,2887392.1772785517],[729298.0608362,2887405.9682608475]]]]},"properties":{"height":6.0,"min_height":0.0},"id":""},{"type":"Feature","geometry":{"type":"MultiPolygon","coordinates":[[[[729285.1432455472,2887421.135715272],[729287.5903846093,2887405.495767533],[729299.2784731947,2887407.29753962],[729296.8413252843,2887422.937662346],[729285.1432455472,2887421.135715272]],[[729291.2995309294,2887406.8578224983],[729290.9276154425,2887409.223125284],[729295.0798608438,2887409.861476675],[729295.4517770889,2887407.4961739513],[729291.2995309294,2887406.8578224983]]]]},"properties":{"height":6.0,"min_height":0.0},"id":""},{"type":"Feature","geometry":{"type":"MultiPolygon","coordinates":[[[[729296.649100348,2887431.01408573],[729302.0705060468,2887409.020288273],[729315.5439901347,2887412.305434583],[729310.1225619632,2887434.2992280954],[729296.649100348,2887431.01408573]],[[729304.7189532075,2887410.9400111632],[729303.7056985198,2887415.0562854856],[729311.329493005,2887416.9084349168],[729312.3425550031,2887412.803240991],[729304.7189532075,2887410.9400111632]]]]},"properties":{"height":6.0,"min_height":0.0},"id":""},{"type":"Feature","geometry":{"type":"MultiPolygon","coordinates":[[[[729318.2099051183,2887410.3906069007],[729298.8958176363,2887406.2932959814],[729301.5449834686,2887393.959762797],[729320.8488887998,2887398.0679801186],[729318.2099051183,2887410.3906069007]]]]},"properties":{"height":6.0,"min_height":0.0},"id":""},{"type":"Feature","geometry":{"type":"MultiPolygon","coordinates":[[[[729315.4760878958,2887425.826003526],[729313.3924011788,2887425.3681482943],[729316.1657389164,2887412.8040513326],[729318.2496227089,2887413.2508268817],[729315.4760878958,2887425.826003526]]]]},"properties":{"height":6.0,"min_height":0.0},"id":""},{"type":"Feature","geometry":{"type":"MultiPolygon","coordinates":[[[[729315.973546186,2887435.089412282],[729311.0768240351,2887434.6706979],[729311.5042002063,2887429.7239364623],[729316.4007291532,2887430.153730847],[729315.973546186,2887435.089412282]]]]},"properties":{"height":6.0,"min_height":0.0},"id":""},{"type":"Feature","geometry":{"type":"MultiPolygon","coordinates":[[[[729294.8041286122,2887467.0248624966],[729298.5290656321,2887434.51629023],[729308.6972474866,2887435.670644443],[729304.972284877,2887468.17921569],[729294.8041286122,2887467.0248624966]],[[729299.8046448964,2887450.1774419383],[729298.8477273996,2887458.4842382837],[729302.8630044959,2887458.9428477073],[729303.819924575,2887450.6360514667],[729299.8046448964,2887450.1774419383]]]]},"properties":{"height":6.0,"min_height":0.0},"id":""},{"type":"Feature","geometry":{"type":"MultiPolygon","coordinates":[[[[729305.4385473623,2887469.5506844004],[729310.4458824673,2887436.399685533],[729321.6458301772,2887438.0709688514],[729316.6284611657,2887471.221789374],[729305.4385473623,2887469.5506844004]],[[729311.9931700178,2887446.291164961],[729311.4840216246,2887449.6293918006],[729316.6048112445,2887450.3956377124],[729317.1039557138,2887447.057234819],[729311.9931700178,2887446.291164961]],[[729314.4082691863,2887463.1693912307],[729309.5870563651,2887462.4416702925],[729309.2027918855,2887464.939756445],[729314.0240037765,2887465.66747731],[729314.4082691863,2887463.1693912307]]]]},"properties":{"height":6.0,"min_height":0.0},"id":""},{"type":"Feature","geometry":{"type":"MultiPolygon","coordinates":[[[[729333.9712363721,2887451.421831588],[729329.5882993434,2887450.8126547756],[729330.2765994977,2887445.826153778],[729334.6597333077,2887446.424250717],[729333.9712363721,2887451.421831588]]]]},"properties":{"height":6.0,"min_height":0.0},"id":""},{"type":"Feature","geometry":{"type":"MultiPolygon","coordinates":[[[[729329.0619235325,2887446.6027724],[729321.8992261444,2887445.279649624],[729323.2243189779,2887438.2317619044],[729330.3768199085,2887439.5657889363],[729329.0619235325,2887446.6027724]]]]},"properties":{"height":6.0,"min_height":0.0},"id":""},{"type":"Feature","geometry":{"type":"MultiPolygon","coordinates":[[[[729341.255123363,2887436.199555491],[729329.9496042265,2887434.2714779023],[729331.3875747476,2887425.928818553],[729342.6929060521,2887427.8679768327],[729341.255123363,2887436.199555491]]]]},"properties":{"height":6.0,"min_height":0.0},"id":""},{"type":"Feature","geometry":{"type":"MultiPolygon","coordinates":[[[[729340.0576888561,2887446.796383141],[729330.4909459972,2887445.0208385712],[729332.1695721654,2887436.0839121654],[729341.7363215958,2887437.8594574826],[729340.0576888561,2887446.796383141]]]]},"properties":{"height":6.0,"min_height":0.0},"id":""},{"type":"Feature","geometry":{"type":"MultiPolygon","coordinates":[[[[729354.3059636658,2887449.275043891],[729341.7526174006,2887446.028221907],[729344.1262201417,2887430.0212309],[729358.4158139777,2887433.5646300735],[729354.3059636658,2887449.275043891]]]]},"properties":{"height":6.0,"min_height":0.0},"id":""},{"type":"Feature","geometry":{"type":"MultiPolygon","coordinates":[[[[729345.2314602362,2887423.5236438815],[729350.6607254436,2887402.7935068817],[729365.0672902784,2887406.5163050257],[729359.6378074185,2887427.257517671],[729345.2314602362,2887423.5236438815]],[[729351.7534168805,2887404.397676279],[729350.6697195906,2887408.5348747415],[729361.818211258,2887411.4244605303],[729362.9019120263,2887407.2872627373],[729351.7534168805,2887404.397676279]]]]},"properties":{"height":6.0,"min_height":0.0},"id":""},{"type":"Feature","geometry":{"type":"MultiPolygon","coordinates":[[[[729366.9692028442,2887399.6780788153],[729365.6280082628,2887404.797166101],[729360.9156075083,2887403.572590384],[729362.2566051584,2887398.4645827287],[729366.9692028442,2887399.6780788153]]]]},"properties":{"height":6.0,"min_height":0.0},"id":""},{"type":"Feature","geometry":{"type":"MultiPolygon","coordinates":[[[[729361.1595358788,2887398.2457623878],[729359.8185386554,2887403.353770125],[729355.1059419035,2887402.1402765694],[729356.4371271331,2887397.0210123174],[729361.1595358788,2887398.2457623878]]]]},"properties":{"height":6.0,"min_height":0.0},"id":""},{"type":"Feature","geometry":{"type":"MultiPolygon","coordinates":[[[[729355.6823835656,2887396.6863029255],[729354.3413884474,2887401.794311069],[729349.6289858881,2887400.569739594],[729350.9599739064,2887395.46155492],[729355.6823835656,2887396.6863029255]]]]},"properties":{"height":6.0,"min_height":0.0},"id":""},{"type":"Feature","geometry":{"type":"MultiPolygon","coordinates":[[[[729348.7297361761,2887401.052658818],[729337.0232787491,2887398.0202598893],[729338.6650950405,2887391.7427053642],[729350.371362911,2887394.7861853377],[729348.7297361761,2887401.052658818]]]]},"properties":{"height":6.0,"min_height":0.0},"id":""},{"type":"Feature","geometry":{"type":"MultiPolygon","coordinates":[[[[729333.1074227669,2887403.2824340444],[729335.8869951238,2887404.007463517],[729337.1422827782,2887399.219364068],[729349.4165037595,2887402.405845115],[729343.3863650037,2887425.4307525675],[729329.8131809483,2887421.5563991773],[729333.1074227669,2887403.2824340444]],[[729339.7434879548,2887401.548348864],[729339.1422224703,2887403.865279055],[729345.7278128047,2887405.566166948],[729346.329079444,2887403.249236975],[729339.7434879548,2887401.548348864]]]]},"properties":{"height":6.0,"min_height":0.0},"id":""},{"type":"Feature","geometry":{"type":"MultiPolygon","coordinates":[[[[729317.8522338114,2887419.9049619343],[729324.3062502423,2887388.71903385],[729334.6876166894,2887390.841415698],[729328.2333803776,2887422.038420453],[729317.8522338114,2887419.9049619343]],[[729326.7108654947,2887390.845052891],[729326.2410363969,2887393.086713751],[729331.506465106,2887394.1658457285],[729331.9662898198,2887391.924008827],[729326.7108654947,2887390.845052891]],[[729328.2508788896,2887408.539129809],[729323.0452925367,2887407.472135652],[729322.6725347289,2887409.3165027765],[729327.868115073,2887410.3833206766],[729328.2508788896,2887408.539129809]]]]},"properties":{"height":6.0,"min_height":0.0},"id":""},{"type":"Feature","geometry":{"type":"MultiPolygon","coordinates":[[[[729344.2710675604,2887390.533571763],[729315.2255062535,2887382.075359771],[729315.5685243745,2887379.077793997],[729344.8206394264,2887383.1949443812],[729344.2710675604,2887390.533571763]]]]},"properties":{"height":6.0,"min_height":0.0},"id":""},{"type":"Feature","geometry":{"type":"MultiPolygon","coordinates":[[[[729339.8189401506,2887380.7793578315],[729322.8647268402,2887379.073250735],[729322.0077826735,2887378.8586616353],[729316.082853535,2887372.6030526734],[729322.0668258723,2887366.9782821345],[729326.9210756083,2887372.084534475],[729337.2515370798,2887373.11984626],[729337.7468138714,2887368.2961981255],[729341.0438827766,2887368.620253469],[729339.8189401506,2887380.7793578315]]]]},"properties":{"height":6.0,"min_height":0.0},"id":""},{"type":"Feature","geometry":{"type":"MultiPolygon","coordinates":[[[[729363.5712493297,2887388.6013252833],[729345.4026993155,2887387.0843887064],[729347.7147816049,2887359.793398381],[729365.8733646905,2887361.3101591626],[729363.5712493297,2887388.6013252833]]]]},"properties":{"height":6.0,"min_height":0.0},"id":""},{"type":"Feature","geometry":{"type":"MultiPolygon","coordinates":[[[[729348.9783775965,2887359.6493968084],[729342.8121225113,2887359.1418183777],[729344.5943313172,2887338.0703777275],[729350.7604013616,2887338.5890362402],[729367.6497031787,2887340.0058631115],[729366.2846528061,2887356.1414462705],[729349.3951769866,2887354.7356995926],[729348.9783775965,2887359.6493968084]]]]},"properties":{"height":6.0,"min_height":0.0},"id":""},{"type":"Feature","geometry":{"type":"MultiPolygon","coordinates":[[[[729339.3040479549,2887337.8331443667],[729344.3853899471,2887338.0001982525],[729343.6294413002,2887347.3967066235],[729338.8519693789,2887347.0244181817],[729339.3040479549,2887337.8331443667]]]]},"properties":{"height":6.0,"min_height":0.0},"id":""},{"type":"Feature","geometry":{"type":"MultiPolygon","coordinates":[[[[729330.4781944635,2887365.5968662957],[729331.5443817325,2887355.0642286055],[729342.3143103294,2887356.151614492],[729341.2483093673,2887366.673171969],[729330.4781944635,2887365.5968662957]]]]},"properties":{"height":6.0,"min_height":0.0},"id":""},{"type":"Feature","geometry":{"type":"MultiPolygon","coordinates":[[[[729306.7619418291,2887344.3535880554],[729310.3096554973,2887322.481973814],[729330.8589551492,2887325.780865439],[729327.3112068073,2887347.6524766465],[729306.7619418291,2887344.3535880554]],[[729313.7224276315,2887324.193484564],[729313.2395302296,2887327.1775042275],[729326.732802208,2887329.343577922],[729327.2157027137,2887326.359558529],[729313.7224276315,2887324.193484564]]]]},"properties":{"height":6.0,"min_height":0.0},"id":""},{"type":"Feature","geometry":{"type":"MultiPolygon","coordinates":[[[[729298.9901377314,2887359.434292041],[729302.5828147341,2887345.8095263587],[729318.4830334227,2887349.9686473864],[729314.8905351526,2887363.582329917],[729298.9901377314,2887359.434292041]]]]},"properties":{"height":6.0,"min_height":0.0},"id":""},{"type":"Feature","geometry":{"type":"MultiPolygon","coordinates":[[[[729303.7216635394,2887388.567211163],[729304.6810155115,2887382.9648106243],[729323.3146386641,2887387.6264838977],[729322.0344680159,2887392.6912314785],[729303.7216635394,2887388.567211163]]]]},"properties":{"height":6.0,"min_height":0.0},"id":""},{"type":"Feature","geometry":{"type":"MultiPolygon","coordinates":[[[[729313.6905430227,2887381.7158331946],[729304.0063598542,2887379.2178234737],[729304.8758929009,2887375.8748577368],[729314.5598834425,2887378.3839479014],[729313.6905430227,2887381.7158331946]]]]},"properties":{"height":6.0,"min_height":0.0},"id":""},{"type":"Feature","geometry":{"type":"MultiPolygon","coordinates":[[[[729303.0967859966,2887374.6021945877],[729305.5996761385,2887364.8928552787],[729316.290699569,2887367.6191762197],[729313.7878015856,2887377.328514056],[729303.0967859966,2887374.6021945877]]]]},"properties":{"height":6.0,"min_height":0.0},"id":""},{"type":"Feature","geometry":{"type":"MultiPolygon","coordinates":[[[[729302.5567857983,2887377.4189579976],[729294.7884639485,2887376.384444145],[729296.5708155876,2887363.2598120007],[729304.3289449541,2887364.305230168],[729302.5567857983,2887377.4189579976]]]]},"properties":{"height":6.0,"min_height":0.0},"id":""},{"type":"Feature","geometry":{"type":"MultiPolygon","coordinates":[[[[729292.9298229539,2887385.883457955],[729293.909433481,2887380.8355842447],[729303.8939134097,2887382.7625356996],[729302.9144940729,2887387.799328967],[729292.9298229539,2887385.883457955]]]]},"properties":{"height":6.0,"min_height":0.0},"id":""},{"type":"Feature","geometry":{"type":"MultiPolygon","coordinates":[[[[729291.9382441086,2887387.06301051],[729281.2851675528,2887385.0245478726],[729282.5184956217,2887378.640047313],[729293.1713823446,2887380.68959055],[729291.9382441086,2887387.06301051]]]]},"properties":{"height":6.0,"min_height":0.0},"id":""},{"type":"Feature","geometry":{"type":"MultiPolygon","coordinates":[[[[729293.5001211795,2887376.2287630173],[729269.8180695146,2887372.9412801038],[729271.9917336915,2887357.4849355356],[729291.7699296755,2887360.238193013],[729292.2500332565,2887356.8440376003],[729296.1437178957,2887357.38916881],[729295.6738136564,2887360.772420312],[729293.5001211795,2887376.2287630173]]]]},"properties":{"height":6.0,"min_height":0.0},"id":""},{"type":"Feature","geometry":{"type":"MultiPolygon","coordinates":[[[[729295.8194740879,2887355.9093671045],[729272.0130306664,2887352.8635288044],[729274.3069177752,2887335.126118435],[729298.1135889196,2887338.1608785386],[729295.8194740879,2887355.9093671045]]]]},"properties":{"height":6.0,"min_height":0.0},"id":""},{"type":"Feature","geometry":{"type":"MultiPolygon","coordinates":[[[[729298.7094765786,2887329.3268068004],[729274.8490568143,2887326.501685773],[729277.9827138765,2887300.2891665916],[729301.5934382984,2887303.087726419],[729300.994610679,2887308.1090529617],[729291.0668465346,2887306.936779434],[729291.407908676,2887304.050013327],[729282.009449754,2887302.942481699],[729281.3404557056,2887308.5389106087],[729300.916221167,2887310.856358824],[729298.7094765786,2887329.3268068004]]]]},"properties":{"height":6.0,"min_height":0.0},"id":""},{"type":"Feature","geometry":{"type":"MultiPolygon","coordinates":[[[[729308.7693476506,2887327.542142636],[729300.0983699373,2887326.6136547155],[729301.3792106814,2887314.6882861145],[729310.0501964013,2887315.616774297],[729308.7693476506,2887327.542142636]]]]},"properties":{"height":6.0,"min_height":0.0},"id":""},{"type":"Feature","geometry":{"type":"MultiPolygon","coordinates":[[[[729310.1130027067,2887321.7137563396],[729313.7620289621,2887298.6358343796],[729333.5044439926,2887301.721019982],[729329.8653879124,2887324.799115169],[729310.1130027067,2887321.7137563396]],[[729316.1263905073,2887300.20697028],[729315.5293939381,2887303.9869867815],[729329.9220015204,2887306.2353951414],[729330.5190022861,2887302.455378989],[729316.1263905073,2887300.20697028]],[[729327.0637801446,2887323.6192807336],[729327.2437635119,2887322.4919414613],[729312.7613209685,2887320.2308694352],[729312.5813388613,2887321.358208815],[729327.0637801446,2887323.6192807336]]]]},"properties":{"height":6.0,"min_height":0.0},"id":""},{"type":"Feature","geometry":{"type":"MultiPolygon","coordinates":[[[[729312.2712640197,2887300.8816887066],[729302.3091872584,2887299.952638012],[729303.0832802646,2887291.7977917246],[729313.0453633188,2887292.7268425478],[729312.2712640197,2887300.8816887066]]]]},"properties":{"height":6.0,"min_height":0.0},"id":""},{"type":"Feature","geometry":{"type":"MultiPolygon","coordinates":[[[[729319.9860855503,2887298.1358234775],[729313.7011023881,2887297.548587434],[729314.2182744837,2887292.049236809],[729320.5032603247,2887292.636472904],[729319.9860855503,2887298.1358234775]]]]},"properties":{"height":6.0,"min_height":0.0},"id":""},{"type":"Feature","geometry":{"type":"MultiPolygon","coordinates":[[[[729326.2808787046,2887298.734318726],[729319.9860855503,2887298.1358234775],[729320.5032603247,2887292.636472904],[729326.7980561595,2887293.234968206],[729326.2808787046,2887298.734318726]]]]},"properties":{"height":6.0,"min_height":0.0},"id":""},{"type":"Feature","geometry":{"type":"MultiPolygon","coordinates":[[[[729319.1273806302,2887284.3772748536],[729312.9384860345,2887283.4481457295],[729313.6634870075,2887278.6507088826],[729319.8525789618,2887279.5687582046],[729319.1273806302,2887284.3772748536]]]]},"properties":{"height":6.0,"min_height":0.0},"id":""},{"type":"Feature","geometry":{"type":"MultiPolygon","coordinates":[[[[729302.7026575727,2887258.8401123513],[729315.6696179472,2887260.7752344],[729311.4878323601,2887288.5320596565],[729298.5207047365,2887286.6080196938],[729302.7026575727,2887258.8401123513]],[[729303.869476307,2887277.270197537],[729303.3938552435,2887280.4095131643],[729308.6045658533,2887281.188416059],[729309.0701828062,2887278.048924387],[729303.869476307,2887277.270197537]]]]},"properties":{"height":6.0,"min_height":0.0},"id":""},{"type":"Feature","geometry":{"type":"MultiPolygon","coordinates":[[[[729286.5380193957,2887288.458597722],[729288.0683622038,2887262.9271948426],[729298.4263339516,2887263.5417822814],[729296.9059760652,2887289.073361583],[729286.5380193957,2887288.458597722]],[[729290.1209597326,2887279.3667723695],[729289.9343275083,2887282.5776757747],[729293.4236659176,2887282.7831840226],[729293.6102990104,2887279.572280603],[729290.1209597326,2887279.3667723695]]]]},"properties":{"height":6.0,"min_height":0.0},"id":""},{"type":"Feature","geometry":{"type":"MultiPolygon","coordinates":[[[[729301.2341854444,2887300.7538858354],[729279.1119730922,2887298.6797832004],[729279.7635688256,2887291.797372621],[729301.8857929668,2887293.871475493],[729301.2341854444,2887300.7538858354]]]]},"properties":{"height":6.0,"min_height":0.0},"id":""},{"type":"Feature","geometry":{"type":"MultiPolygon","coordinates":[[[[729298.0497985765,2887261.0524700917],[729286.7900529793,2887259.3580021267],[729290.0509575377,2887237.8581731864],[729301.3107218291,2887239.5526425885],[729298.0497985765,2887261.0524700917]]]]},"properties":{"height":6.0,"min_height":0.0},"id":""},{"type":"Feature","geometry":{"type":"MultiPolygon","coordinates":[[[[729289.1914877277,2887236.080782097],[729287.6021688189,2887243.3567719897],[729283.1353525684,2887242.391471949],[729284.7246689921,2887235.115481694],[729289.1914877277,2887236.080782097]]]]},"properties":{"height":6.0,"min_height":0.0},"id":""},{"type":"Feature","geometry":{"type":"MultiPolygon","coordinates":[[[[729307.4519272168,2887217.0395125905],[729302.5776442529,2887239.2202761257],[729299.2477373582,2887238.4855694054],[729304.121819637,2887216.3158850176],[729307.4519272168,2887217.0395125905]]]]},"properties":{"height":6.0,"min_height":0.0},"id":""},{"type":"Feature","geometry":{"type":"MultiPolygon","coordinates":[[[[729298.9327146821,2887237.0502640638],[729290.5682161006,2887235.196176923],[729294.7505041601,2887216.5055866707],[729295.2176001986,2887214.4190447475],[729303.582112037,2887216.2731338935],[729298.9327146821,2887237.0502640638]]]]},"properties":{"height":6.0,"min_height":0.0},"id":""},{"type":"Feature","geometry":{"type":"MultiPolygon","coordinates":[[[[729307.3945676864,2887216.3180811955],[729304.1341077683,2887215.617846536],[729306.332309372,2887205.592807516],[729309.6027772161,2887206.293218678],[729307.3945676864,2887216.3180811955]]]]},"properties":{"height":6.0,"min_height":0.0},"id":""},{"type":"Feature","geometry":{"type":"MultiPolygon","coordinates":[[[[729316.6063441368,2887242.8144328385],[729302.8372574258,2887239.823350446],[729310.6384299387,2887204.3164367373],[729324.4075539848,2887207.307524612],[729316.6063441368,2887242.8144328385]]]]},"properties":{"height":6.0,"min_height":0.0},"id":""},{"type":"Feature","geometry":{"type":"MultiPolygon","coordinates":[[[[729313.8644033663,2887257.5735981986],[729300.4789686851,2887255.5313608334],[729302.5926200477,2887241.7808074104],[729315.9780689414,2887243.8230458978],[729313.8644033663,2887257.5735981986]]]]},"properties":{"height":6.0,"min_height":0.0},"id":""},{"type":"Feature","geometry":{"type":"MultiPolygon","coordinates":[[[[729318.3309643439,2887271.628413761],[729315.0968288502,2887271.139223259],[729315.833396706,2887266.2533228244],[729319.0675334227,2887266.742513419],[729318.3309643439,2887271.628413761]]]]},"properties":{"height":6.0,"min_height":0.0},"id":""},{"type":"Feature","geometry":{"type":"MultiPolygon","coordinates":[[[[729319.5155400806,2887264.034964916],[729316.3112237834,2887263.557382674],[729317.3083461856,2887256.947057228],[729320.5126641216,2887257.4246395943],[729319.5155400806,2887264.034964916]]]]},"properties":{"height":6.0,"min_height":0.0},"id":""},{"type":"Feature","geometry":{"type":"MultiPolygon","coordinates":[[[[729340.2432363742,2887253.2278188835],[729337.8290232425,2887269.267344431],[729336.2754943045,2887279.6251497795],[729332.9513127196,2887279.1343691926],[729334.504838998,2887268.7765636444],[729323.1550535865,2887267.0804779786],[729321.5676188745,2887277.659355309],[729318.4829803781,2887277.206046032],[729320.0804179525,2887266.627344661],[729322.4948041623,2887250.576737471],[729340.2432363742,2887253.2278188835]]]]},"properties":{"height":6.0,"min_height":0.0},"id":""},{"type":"Feature","geometry":{"type":"MultiPolygon","coordinates":[[[[729350.1268640079,2887222.2352835517],[729329.0264281908,2887216.122570239],[729330.1129155417,2887212.3955055866],[729351.2133572275,2887218.508220224],[729350.1268640079,2887222.2352835517]]]]},"properties":{"height":6.0,"min_height":0.0},"id":""},{"type":"Feature","geometry":{"type":"MultiPolygon","coordinates":[[[[729353.1287402621,2887210.9054735918],[729351.4274004984,2887216.5834750826],[729336.6122892719,2887212.1774313296],[729338.3134276974,2887206.5105083464],[729353.1287402621,2887210.9054735918]]]]},"properties":{"height":6.0,"min_height":0.0},"id":""},{"type":"Feature","geometry":{"type":"MultiPolygon","coordinates":[[[[729349.3860211904,2887245.55282423],[729321.6652001474,2887241.418317607],[729324.1695813697,2887224.8040410904],[729351.8804325758,2887228.938374243],[729349.3860211904,2887245.55282423]]]]},"properties":{"height":6.0,"min_height":0.0},"id":""},{"type":"Feature","geometry":{"type":"MultiPolygon","coordinates":[[[[729360.0818086257,2887225.8464261233],[729350.8397015233,2887223.2453419585],[729353.7734076111,2887212.9450892354],[729363.0153267412,2887215.557254932],[729360.0818086257,2887225.8464261233]]]]},"properties":{"height":6.0,"min_height":0.0},"id":""},{"type":"Feature","geometry":{"type":"MultiPolygon","coordinates":[[[[729355.7802167329,2887263.2437062203],[729356.7254699904,2887247.6438197903],[729366.733266691,2887248.252294689],[729365.7880013639,2887263.852181282],[729355.7802167329,2887263.2437062203]],[[729363.5193742308,2887260.2544573736],[729358.5804180715,2887259.9569049967],[729358.4247055023,2887262.5476821344],[729363.3636606724,2887262.8452345254],[729363.5193742308,2887260.2544573736]]]]},"properties":{"height":6.0,"min_height":0.0},"id":""},{"type":"Feature","geometry":{"type":"MultiPolygon","coordinates":[[[[729354.0171492524,2887265.6066795248],[729352.1783042316,2887265.4523837604],[729352.7753688833,2887258.2586777103],[729354.6144100267,2887258.4018935054],[729354.0171492524,2887265.6066795248]]]]},"properties":{"height":6.0,"min_height":0.0},"id":""},{"type":"Feature","geometry":{"type":"MultiPolygon","coordinates":[[[[729350.4420492596,2887265.155810253],[729342.0085671716,2887263.8103101435],[729343.1547522214,2887256.6927730246],[729351.5880438474,2887258.0493535125],[729350.4420492596,2887265.155810253]]]]},"properties":{"height":6.0,"min_height":0.0},"id":""},{"type":"Feature","geometry":{"type":"MultiPolygon","coordinates":[[[[729355.3843045773,2887289.138674392],[729356.4222885384,2887264.862106969],[729365.2931648189,2887265.239978068],[729364.2651696083,2887289.516722192],[729355.3843045773,2887289.138674392]],[[729358.1316652291,2887279.1898108074],[729357.9807454555,2887282.645178728],[729362.6613091951,2887282.8384309616],[729362.8020297363,2887279.3939667996],[729358.1316652291,2887279.1898108074]]]]},"properties":{"height":6.0,"min_height":0.0},"id":""},{"type":"Feature","geometry":{"type":"MultiPolygon","coordinates":[[[[729368.0025593697,2887300.6437829887],[729353.9278892705,2887299.6644402063],[729354.3169597359,2887294.051999834],[729368.4016413075,2887295.0315187736],[729368.0025593697,2887300.6437829887]]]]},"properties":{"height":6.0,"min_height":0.0},"id":""},{"type":"Feature","geometry":{"type":"MultiPolygon","coordinates":[[[[729351.1369320123,2887279.1220637807],[729338.0828700708,2887277.019119541],[729339.9911588398,2887265.271050461],[729353.0452326119,2887267.3739957395],[729351.1369320123,2887279.1220637807]]]]},"properties":{"height":6.0,"min_height":0.0},"id":""},{"type":"Feature","geometry":{"type":"MultiPolygon","coordinates":[[[[729347.8324814938,2887287.742193022],[729334.2381381356,2887285.6297387914],[729335.1176582447,2887280.0148504176],[729348.7120074952,2887282.12730513],[729347.8324814938,2887287.742193022]]]]},"properties":{"height":6.0,"min_height":0.0},"id":""},{"type":"Feature","geometry":{"type":"MultiPolygon","coordinates":[[[[729331.3915151448,2887287.5746340337],[729319.8122079236,2887285.8412584933],[729320.9351913491,2887278.335392603],[729332.5247057365,2887280.057864827],[729331.3915151448,2887287.5746340337]]]]},"properties":{"height":6.0,"min_height":0.0},"id":""},{"type":"Feature","geometry":{"type":"MultiPolygon","coordinates":[[[[729332.5658612777,2887299.321560919],[729326.2808787046,2887298.734318726],[729326.7980561595,2887293.234968206],[729333.0930467718,2887293.822386611],[729332.5658612777,2887299.321560919]]]]},"properties":{"height":6.0,"min_height":0.0},"id":""},{"type":"Feature","geometry":{"type":"MultiPolygon","coordinates":[[[[729349.1629967976,2887299.713540826],[729334.0744684172,2887298.9047858776],[729334.3427417907,2887293.8998065786],[729349.4314710976,2887294.6974814287],[729349.1629967976,2887299.713540826]]]]},"properties":{"height":6.0,"min_height":0.0},"id":""},{"type":"Feature","geometry":{"type":"MultiPolygon","coordinates":[[[[729331.8505152528,2887326.308160514],[729333.6044975688,2887301.722781591],[729348.6785301196,2887302.7861995827],[729346.9245191319,2887327.37157859],[729331.8505152528,2887326.308160514]],[[729345.9321567989,2887304.7217733217],[729335.9261599486,2887304.013591426],[729335.6454272282,2887308.020844227],[729345.6414156242,2887308.7288499647],[729345.9321567989,2887304.7217733217]]]]},"properties":{"height":6.0,"min_height":0.0},"id":""},{"type":"Feature","geometry":{"type":"MultiPolygon","coordinates":[[[[729367.744254501,2887303.376838112],[729367.1429431447,2887311.3795590606],[729370.2114643566,2887311.610928606],[729368.8285703094,2887329.8963799584],[729347.7886008837,2887328.3178000795],[729349.1612647122,2887310.043252495],[729352.7296635672,2887310.3055865173],[729353.3309659977,2887302.30286556],[729367.744254501,2887303.376838112]],[[729356.3938018992,2887304.5623964537],[729355.9500211689,2887310.4398754947],[729364.395958907,2887311.076268309],[729364.8399385895,2887305.187709292],[729356.3938018992,2887304.5623964537]]]]},"properties":{"height":6.0,"min_height":0.0},"id":""},{"type":"Feature","geometry":{"type":"MultiPolygon","coordinates":[[[[729384.5538750675,2887301.932758057],[729375.1093463139,2887301.1679334273],[729374.8671483224,2887304.1229405133],[729385.52095733,2887304.9866452618],[729383.7117019214,2887327.0218668114],[729373.0581062024,2887326.1470822208],[729372.7261643456,2887330.219934055],[729384.4591624046,2887331.180228249],[729382.6508832315,2887353.160050346],[729370.9177100181,2887352.2108362895],[729370.7517393043,2887354.2472622483],[729380.865805129,2887355.068211908],[729380.2401272921,2887362.749085116],[729370.1162572873,2887361.9168793256],[729367.5278079233,2887361.7050460307],[729373.0015725098,2887295.256605503],[729375.5800298237,2887295.46826271],[729385.0245627466,2887296.233087373],[729384.5538750675,2887301.932758057]]]]},"properties":{"height":6.0,"min_height":0.0},"id":""},{"type":"Feature","geometry":{"type":"MultiPolygon","coordinates":[[[[729405.2272775185,2887339.670133604],[729400.5357524599,2887339.5320882215],[729401.0192038582,2887323.4474787596],[729410.4721079249,2887323.735884241],[729410.0588615799,2887337.5385464965],[729405.2974934507,2887337.38818592],[729405.2272775185,2887339.670133604]]]]},"properties":{"height":6.0,"min_height":0.0},"id":""},{"type":"Feature","geometry":{"type":"MultiPolygon","coordinates":[[[[729410.9559718064,2887316.1522641457],[729401.6268340737,2887315.6554536335],[729402.822864935,2887293.7756832074],[729412.1518232916,2887294.283573395],[729410.9559718064,2887316.1522641457]]]]},"properties":{"height":6.0,"min_height":0.0},"id":""},{"type":"Feature","geometry":{"type":"MultiPolygon","coordinates":[[[[729384.3750351928,2887327.4325516084],[729386.4363280658,2887294.4956861255],[729401.952557801,2887295.4561184547],[729399.9012307558,2887328.393160609],[729384.3750351928,2887327.4325516084]],[[729389.551569365,2887301.16734814],[729389.1600006142,2887307.4890836026],[729397.987900388,2887308.0324740806],[729398.3894788146,2887301.7109147767],[729389.551569365,2887301.16734814]]]]},"properties":{"height":6.0,"min_height":0.0},"id":""},{"type":"Feature","geometry":{"type":"MultiPolygon","coordinates":[[[[729397.0819809854,2887287.8668655446],[729397.887557837,2887261.44710182],[729408.100721515,2887261.759974068],[729407.2951238735,2887288.1797386934],[729397.0819809854,2887287.8668655446]],[[729398.4583509075,2887272.7954904414],[729404.800397988,2887272.9847684717],[729404.8782233722,2887270.2707016785],[729398.5363701021,2887270.070343727],[729398.4583509075,2887272.7954904414]]]]},"properties":{"height":6.0,"min_height":0.0},"id":""},{"type":"Feature","geometry":{"type":"MultiPolygon","coordinates":[[[[729394.362734783,2887284.283365796],[729387.6614756945,2887284.0323492833],[729387.4808887908,2887289.1718745288],[729383.910142458,2887289.042491143],[729384.5675950251,2887271.0324336174],[729388.1283409332,2887271.161640618],[729388.0884273665,2887272.2914462336],[729394.7898876516,2887272.5313825374],[729394.362734783,2887284.283365796]]]]},"properties":{"height":6.0,"min_height":0.0},"id":""},{"type":"Feature","geometry":{"type":"MultiPolygon","coordinates":[[[[729383.0972250202,2887289.73751401],[729370.6860251294,2887289.208618377],[729371.7248181314,2887264.887730157],[729384.1260359274,2887265.416448865],[729383.0972250202,2887289.73751401]]]]},"properties":{"height":6.0,"min_height":0.0},"id":""},{"type":"Feature","geometry":{"type":"MultiPolygon","coordinates":[[[[729369.8536283892,2887289.304794536],[729365.3231473822,2887289.114182309],[729366.2849787043,2887266.321450644],[729370.8154676777,2887266.512062619],[729369.8536283892,2887289.304794536]]]]},"properties":{"height":6.0,"min_height":0.0},"id":""},{"type":"Feature","geometry":{"type":"MultiPolygon","coordinates":[[[[729383.7068502024,2887261.9399575605],[729367.2149853035,2887261.250539554],[729367.5733796812,2887252.8334550797],[729384.0650601692,2887253.5339527307],[729383.7068502024,2887261.9399575605]]]]},"properties":{"height":6.0,"min_height":0.0},"id":""},{"type":"Feature","geometry":{"type":"MultiPolygon","coordinates":[[[[729380.8637965682,2887246.0627729646],[729379.8209386738,2887250.721609876],[729368.654888877,2887248.2528821058],[729369.6977428029,2887243.5940445936],[729380.8637965682,2887246.0627729646]]]]},"properties":{"height":6.0,"min_height":0.0},"id":""},{"type":"Feature","geometry":{"type":"MultiPolygon","coordinates":[[[[729383.7016953368,2887228.700701861],[729372.4049160313,2887225.697666551],[729374.8361362794,2887216.6520780493],[729386.1229178531,2887219.6549387],[729383.7016953368,2887228.700701861]]]]},"properties":{"height":6.0,"min_height":0.0},"id":""},{"type":"Feature","geometry":{"type":"MultiPolygon","coordinates":[[[[729388.251417029,2887232.9149374925],[729383.6513547689,2887231.559336661],[729384.9922310628,2887227.0276656137],[729389.602300293,2887228.383443002],[729388.251417029,2887232.9149374925]]]]},"properties":{"height":6.0,"min_height":0.0},"id":""},{"type":"Feature","geometry":{"type":"MultiPolygon","coordinates":[[[[729383.1985675765,2887245.9043867667],[729374.512488429,2887243.556910893],[729377.9784255537,2887230.8830999457],[729386.6643178532,2887233.241657496],[729383.1985675765,2887245.9043867667]]]]},"properties":{"height":6.0,"min_height":0.0},"id":""},{"type":"Feature","geometry":{"type":"MultiPolygon","coordinates":[[[[729397.8833920234,2887242.3613838437],[729387.2151574771,2887238.9039002187],[729390.1456819545,2887229.922523666],[729400.8239289597,2887233.3801853764],[729397.8833920234,2887242.3613838437]]]]},"properties":{"height":6.0,"min_height":0.0},"id":""},{"type":"Feature","geometry":{"type":"MultiPolygon","coordinates":[[[[729395.182873664,2887227.4842130756],[729386.5826802859,2887224.805740196],[729389.7314613381,2887214.7974493024],[729398.321655657,2887217.4757475825],[729395.182873664,2887227.4842130756]]]]},"properties":{"height":6.0,"min_height":0.0},"id":""},{"type":"Feature","geometry":{"type":"MultiPolygon","coordinates":[[[[729401.6021319553,2887230.67845336],[729395.9083035276,2887228.915665895],[729399.7254836243,2887216.757881592],[729405.4191220388,2887218.5317503265],[729401.6021319553,2887230.67845336]]]]},"properties":{"height":6.0,"min_height":0.0},"id":""},{"type":"Feature","geometry":{"type":"MultiPolygon","coordinates":[[[[729414.029629286,2887255.857183008],[729399.6711195974,2887251.6696883007],[729403.5564736658,2887238.4823478246],[729417.9149974767,2887242.6698457673],[729414.029629286,2887255.857183008]]]]},"properties":{"height":6.0,"min_height":0.0},"id":""},{"type":"Feature","geometry":{"type":"MultiPolygon","coordinates":[[[[729394.896774065,2887255.6643038513],[729382.5560334425,2887251.70078173],[729385.6889480426,2887242.0247134455],[729398.0398979952,2887245.9773341077],[729394.896774065,2887255.6643038513]]]]},"properties":{"height":6.0,"min_height":0.0},"id":""},{"type":"Feature","geometry":{"type":"MultiPolygon","coordinates":[[[[729394.9604912448,2887269.6637819638],[729384.6582615495,2887269.293933887],[729384.9879630785,2887260.2335053477],[729395.2801945822,2887260.603176949],[729394.9604912448,2887269.6637819638]]]]},"properties":{"height":6.0,"min_height":0.0},"id":""},{"type":"Feature","geometry":{"type":"MultiPolygon","coordinates":[[[[729429.3771806292,2887256.7370890784],[729415.7569282812,2887252.684497183],[729419.3399003217,2887240.7553439634],[729432.9601647595,2887244.8079387075],[729429.3771806292,2887256.7370890784]]]]},"properties":{"height":6.0,"min_height":0.0},"id":""},{"type":"Feature","geometry":{"type":"MultiPolygon","coordinates":[[[[729421.1359691886,2887230.26881341],[729418.8764235204,2887239.7940068273],[729403.8358258752,2887236.2595007354],[729406.0953606525,2887226.7343055154],[729421.1359691886,2887230.26881341]]]]},"properties":{"height":6.0,"min_height":0.0},"id":""},{"type":"Feature","geometry":{"type":"MultiPolygon","coordinates":[[[[729413.7314469614,2887226.757958027],[729406.1167723264,2887224.950252385],[729412.32884397,2887202.970407151],[729419.079302938,2887204.4082248234],[729413.7314469614,2887226.757958027]]]]},"properties":{"height":6.0,"min_height":0.0},"id":""},{"type":"Feature","geometry":{"type":"MultiPolygon","coordinates":[[[[729435.2431165196,2887197.5884487866],[729427.0294749043,2887233.7641426343],[729420.8385546505,2887232.3805080736],[729421.6963095163,2887228.5718361298],[729414.8673813113,2887227.043966514],[729422.2134238449,2887194.6656831587],[729435.2431165196,2887197.5884487866]],[[729423.9591554909,2887201.811985029],[729423.1349280593,2887205.4217458847],[729429.564820796,2887206.8760899585],[729430.3892451548,2887203.255249397],[729423.9591554909,2887201.811985029]],[[729428.5427943431,2887220.5793615333],[729418.364333528,2887218.294238943],[729417.6481634693,2887221.4514830094],[729427.8166164097,2887223.7364289924],[729428.5427943431,2887220.5793615333]]]]},"properties":{"height":6.0,"min_height":0.0},"id":""},{"type":"Feature","geometry":{"type":"MultiPolygon","coordinates":[[[[729436.7810462989,2887242.6696392214],[729426.3145938306,2887240.257518323],[729429.6501602627,2887225.8967404785],[729440.1166241742,2887228.308863209],[729436.7810462989,2887242.6696392214]]]]},"properties":{"height":6.0,"min_height":0.0},"id":""},{"type":"Feature","geometry":{"type":"MultiPolygon","coordinates":[[[[729446.6279926333,2887245.5917770807],[729437.724390962,2887243.6615964673],[729440.6519982251,2887230.302225701],[729449.5457987405,2887232.221151414],[729446.6279926333,2887245.5917770807]]]]},"properties":{"height":6.0,"min_height":0.0},"id":""},{"type":"Feature","geometry":{"type":"MultiPolygon","coordinates":[[[[729430.0849723781,2887224.5078882035],[729435.9762077254,2887199.153040001],[729446.1236898436,2887201.493046603],[729440.2224294924,2887226.847715429],[729430.0849723781,2887224.5078882035]],[[729442.5062218083,2887203.4465093245],[729438.0505745912,2887202.4148527617],[729437.5740350685,2887204.467975068],[729442.0298767556,2887205.488551537],[729442.5062218083,2887203.4465093245]],[[729439.3174015005,2887217.9982882105],[729439.6852994871,2887216.430922796],[729435.139802978,2887215.386600781],[729434.7721006969,2887216.942886302],[729439.3174015005,2887217.9982882105]]]]},"properties":{"height":6.0,"min_height":0.0},"id":""},{"type":"Feature","geometry":{"type":"MultiPolygon","coordinates":[[[[729451.3396037698,2887233.228090602],[729461.1395068903,2887236.548413527],[729460.2812745309,2887246.065037851],[729449.155693033,2887244.1400407585],[729451.3396037698,2887233.228090602]]]]},"properties":{"height":6.0,"min_height":0.0},"id":""},{"type":"Feature","geometry":{"type":"MultiPolygon","coordinates":[[[[729431.6503590168,2887265.189444179],[729435.3489719098,2887245.559353992],[729450.5819467626,2887248.3990314137],[729446.8833108894,2887268.0291189766],[729431.6503590168,2887265.189444179]],[[729441.6405036261,2887261.6857179794],[729435.8861271034,2887260.5203494453],[729435.283331034,2887263.491171754],[729441.0277008549,2887264.656363877],[729441.6405036261,2887261.6857179794]]]]},"properties":{"height":6.0,"min_height":0.0},"id":""},{"type":"Feature","geometry":{"type":"MultiPolygon","coordinates":[[[[729443.9726732904,2887288.9476811565],[729450.5391105933,2887251.9671385246],[729463.0211256489,2887254.159867947],[729456.4546528094,2887291.1404069164],[729443.9726732904,2887288.9476811565]],[[729453.2098528356,2887259.4400771954],[729452.9988660612,2887260.622286673],[729457.5586449899,2887261.4230328505],[729457.7696321767,2887260.240823415],[729453.2098528356,2887259.4400771954]],[[729451.2587890674,2887267.9288595277],[729450.7923053514,2887270.5474131512],[729456.1601750012,2887271.49539512],[729456.626659802,2887268.8768416075],[729451.2587890674,2887267.9288595277]]]]},"properties":{"height":6.0,"min_height":0.0},"id":""},{"type":"Feature","geometry":{"type":"MultiPolygon","coordinates":[[[[729451.4982804137,2887302.0589345274],[729445.5688081394,2887301.7438989985],[729445.9109629377,2887295.388042065],[729451.8502483107,2887295.7143337694],[729451.4982804137,2887302.0589345274]]]]},"properties":{"height":6.0,"min_height":0.0},"id":""},{"type":"Feature","geometry":{"type":"MultiPolygon","coordinates":[[[[729443.0300728028,2887289.6182493707],[729428.9362497346,2887287.4525629748],[729430.5147799996,2887266.588119988],[729445.97776206,2887270.573437981],[729443.0300728028,2887289.6182493707]],[[729438.0660978847,2887281.650497743],[729431.7779321484,2887280.6752293454],[729431.3044267059,2887283.6926627667],[729437.5925909802,2887284.667931043],[729438.0660978847,2887281.650497743]]]]},"properties":{"height":6.0,"min_height":0.0},"id":""},{"type":"Feature","geometry":{"type":"MultiPolygon","coordinates":[[[[729426.7905588688,2887287.1044334536],[729419.3908757125,2887286.730264454],[729420.3120300208,2887268.5253473446],[729427.7117235821,2887268.8995161005],[729426.7905588688,2887287.1044334536]]]]},"properties":{"height":6.0,"min_height":0.0},"id":""},{"type":"Feature","geometry":{"type":"MultiPolygon","coordinates":[[[[729407.7051489777,2887288.1980435713],[729408.5107474574,2887261.7782789106],[729418.7241065323,2887262.0800795364],[729417.9184872616,2887288.4998450982],[729407.7051489777,2887288.1980435713]],[[729410.9615676792,2887273.215197589],[729417.3034197767,2887273.415561713],[729417.3814429292,2887270.6904148203],[729411.0393943524,2887270.5011307374],[729410.9615676792,2887273.215197589]]]]},"properties":{"height":6.0,"min_height":0.0},"id":""},{"type":"Feature","geometry":{"type":"MultiPolygon","coordinates":[[[[729430.8279667122,2887307.901544259],[729430.129957719,2887320.8236014596],[729424.1504676576,2887320.5076938947],[729424.8584760387,2887307.585813044],[729430.8279667122,2887307.901544259]]]]},"properties":{"height":6.0,"min_height":0.0},"id":""},{"type":"Feature","geometry":{"type":"MultiPolygon","coordinates":[[[[729423.7592144076,2887309.1957137864],[729423.1555924721,2887320.168751269],[729411.7467109474,2887319.5577175533],[729413.0624173204,2887295.430120142],[729424.471320112,2887296.0411534426],[729423.8914169078,2887306.804023594],[729421.991764892,2887306.6929800324],[729421.859367586,2887309.095750201],[729423.7592144076,2887309.1957137864]]]]},"properties":{"height":6.0,"min_height":0.0},"id":""},{"type":"Feature","geometry":{"type":"MultiPolygon","coordinates":[[[[729419.9161720742,2887338.731839547],[729410.828349246,2887338.172770836],[729411.7678185815,2887322.905281989],[729420.8556521373,2887323.464350565],[729419.9161720742,2887338.731839547]]]]},"properties":{"height":6.0,"min_height":0.0},"id":""},{"type":"Feature","geometry":{"type":"MultiPolygon","coordinates":[[[[729432.4518797953,2887339.0080609424],[729421.5652435025,2887338.2953819856],[729422.6717322465,2887321.5013225814],[729433.5585778479,2887322.202921437],[729432.4518797953,2887339.0080609424]]]]},"properties":{"height":6.0,"min_height":0.0},"id":""},{"type":"Feature","geometry":{"type":"MultiPolygon","coordinates":[[[[729433.3338705007,2887340.64177633],[729436.8556757834,2887316.2759509725],[729447.597818045,2887317.806268959],[729444.0759925321,2887342.172092907],[729433.3338705007,2887340.64177633]],[[729438.192379416,2887323.91380721],[729437.6565503879,2887327.6283983067],[729443.4767839336,2887328.462427873],[729444.0228151529,2887324.7369331555],[729438.192379416,2887323.91380721]]]]},"properties":{"height":6.0,"min_height":0.0},"id":""},{"type":"Feature","geometry":{"type":"MultiPolygon","coordinates":[[[[729448.8772430511,2887308.2416465622],[729447.9145688801,2887316.8697578083],[729435.8778319608,2887315.5383042167],[729435.2133118364,2887321.4451459036],[729431.0479125924,2887320.9838550077],[729431.7024254571,2887315.0768370116],[729432.6650887979,2887306.4487253674],[729448.8772430511,2887308.2416465622]]]]},"properties":{"height":6.0,"min_height":0.0},"id":""},{"type":"Feature","geometry":{"type":"MultiPolygon","coordinates":[[[[729451.5640027677,2887321.6223327825],[729448.437403335,2887321.2790864636],[729449.5892454946,2887311.0028776033],[729452.7158474122,2887311.346124015],[729451.5640027677,2887321.6223327825]]]]},"properties":{"height":6.0,"min_height":0.0},"id":""},{"type":"Feature","geometry":{"type":"MultiPolygon","coordinates":[[[[729450.4054629975,2887329.4379038783],[729447.0991596481,2887329.069325234],[729447.7883802201,2887322.896916612],[729451.0946851496,2887323.2654953157],[729450.4054629975,2887329.4379038783]]]]},"properties":{"height":6.0,"min_height":0.0},"id":""},{"type":"Feature","geometry":{"type":"MultiPolygon","coordinates":[[[[729449.0595220673,2887341.073954616],[729445.8829006746,2887340.7298273034],[729447.0827645129,2887330.0000438974],[729450.24918802,2887330.355075041],[729449.0595220673,2887341.073954616]]]]},"properties":{"height":6.0,"min_height":0.0},"id":""},{"type":"Feature","geometry":{"type":"MultiPolygon","coordinates":[[[[729446.751668437,2887343.6822381113],[729444.366604135,2887358.059756469],[729436.6225785674,2887356.781750997],[729439.007634284,2887342.4042318556],[729446.751668437,2887343.6822381113]]]]},"properties":{"height":6.0,"min_height":0.0},"id":""},{"type":"Feature","geometry":{"type":"MultiPolygon","coordinates":[[[[729450.0044940454,2887375.4935459867],[729435.5140665926,2887373.121355454],[729437.6530448163,2887360.2135966336],[729452.1432915087,2887362.596868465],[729450.0044940454,2887375.4935459867]]]]},"properties":{"height":6.0,"min_height":0.0},"id":""},{"type":"Feature","geometry":{"type":"MultiPolygon","coordinates":[[[[729452.9233841999,2887383.0816937992],[729436.070440335,2887379.6038745246],[729437.2505525725,2887373.972116984],[729454.093498397,2887377.44976099],[729452.9233841999,2887383.0816937992]]]]},"properties":{"height":6.0,"min_height":0.0},"id":""},{"type":"Feature","geometry":{"type":"MultiPolygon","coordinates":[[[[729433.8063171718,2887401.3207498193],[729437.8284561423,2887382.0731951385],[729452.1484434742,2887385.0298081306],[729448.1362886886,2887404.277536205],[729433.8063171718,2887401.3207498193]],[[729438.0995513456,2887399.068857297],[729444.7608331796,2887400.4497101456],[729445.4712936122,2887397.0485311975],[729438.8100100413,2887395.6676781126],[729438.0995513456,2887399.068857297]]]]},"properties":{"height":6.0,"min_height":0.0},"id":""},{"type":"Feature","geometry":{"type":"MultiPolygon","coordinates":[[[[729432.7911913791,2887400.4272780064],[729427.206771703,2887399.275984769],[729430.1036974661,2887385.3840682665],[729435.6781177863,2887386.5351860616],[729432.7911913791,2887400.4272780064]]]]},"properties":{"height":6.0,"min_height":0.0},"id":""},{"type":"Feature","geometry":{"type":"MultiPolygon","coordinates":[[[[729425.4326332932,2887402.835762914],[729412.7580704414,2887400.218495156],[729416.9672468342,2887380.0099736224],[729429.6418292951,2887382.627244024],[729425.4326332932,2887402.835762914]]]]},"properties":{"height":6.0,"min_height":0.0},"id":""},{"type":"Feature","geometry":{"type":"MultiPolygon","coordinates":[[[[729417.1280463603,2887377.1311164927],[729423.0176959725,2887341.6349078426],[729436.6596586455,2887343.881301168],[729430.7699716955,2887379.3775064102],[729417.1280463603,2887377.1311164927]],[[729424.3103616158,2887354.6141956085],[729423.9188008956,2887356.9569839],[729429.9363955131,2887357.9496527947],[729430.3179519993,2887355.6066883663],[729424.3103616158,2887354.6141956085]],[[729427.8023160767,2887372.852514327],[729421.0961185572,2887371.7479660166],[729420.5137813122,2887375.26223667],[729427.2201721814,2887376.3557048314],[729427.8023160767,2887372.852514327]]]]},"properties":{"height":6.0,"min_height":0.0},"id":""},{"type":"Feature","geometry":{"type":"MultiPolygon","coordinates":[[[[729419.5110204199,2887353.210733884],[729401.6897152724,2887350.1592439436],[729403.0936217787,2887342.0487402836],[729420.9051278894,2887345.088975109],[729419.5110204199,2887353.210733884]]]]},"properties":{"height":6.0,"min_height":0.0},"id":""},{"type":"Feature","geometry":{"type":"MultiPolygon","coordinates":[[[[729416.9765591888,2887370.3897285066],[729399.5743298663,2887367.412121215],[729402.3819449017,2887351.20219365],[729419.7741906345,2887354.1796268546],[729416.9765591888,2887370.3897285066]]]]},"properties":{"height":6.0,"min_height":0.0},"id":""},{"type":"Feature","geometry":{"type":"MultiPolygon","coordinates":[[[[729388.7925890902,2887353.3568794187],[729383.8562047812,2887352.9152750373],[729385.4867178369,2887334.778268214],[729385.8729832586,2887330.4625378246],[729388.6809709619,2887330.7114907703],[729388.2947046019,2887335.0272211456],[729396.1389405776,2887335.730623423],[729396.523453323,2887331.514612922],[729400.1008761257,2887331.832536541],[729399.7263675497,2887336.0487232367],[729398.1058398158,2887354.1859059664],[729393.4091932437,2887353.7706870106],[729393.1979290247,2887356.1055676145],[729398.6640085999,2887356.5897549284],[729397.1955485948,2887372.911935423],[729380.3176606756,2887371.4176831753],[729381.7760940327,2887355.0953261494],[729388.5811305735,2887355.7028400176],[729388.7925890902,2887353.3568794187]]]]},"properties":{"height":6.0,"min_height":0.0},"id":""},{"type":"Feature","geometry":{"type":"MultiPolygon","coordinates":[[[[729378.1285988776,2887376.9430080242],[729369.2950337443,2887376.1556918034],[729370.4569368046,2887363.031220345],[729379.3007113539,2887363.80763291],[729378.1285988776,2887376.9430080242]]]]},"properties":{"height":6.0,"min_height":0.0},"id":""},{"type":"Feature","geometry":{"type":"MultiPolygon","coordinates":[[[[729377.0332507726,2887378.3313123607],[729375.7281779193,2887389.9237510487],[729368.2266913349,2887389.082309476],[729369.5317574528,2887377.4898705333],[729377.0332507726,2887378.3313123607]]]]},"properties":{"height":6.0,"min_height":0.0},"id":""},{"type":"Feature","geometry":{"type":"MultiPolygon","coordinates":[[[[729374.8833618871,2887397.545348218],[729365.7901500348,2887395.5897017987],[729367.2485141063,2887388.9320828733],[729376.3415354586,2887390.8988099494],[729374.8833618871,2887397.545348218]]]]},"properties":{"height":6.0,"min_height":0.0},"id":""},{"type":"Feature","geometry":{"type":"MultiPolygon","coordinates":[[[[729376.5579239263,2887388.841104972],[729379.3467222353,2887373.1295974324],[729395.7695970123,2887376.0234291633],[729392.9709686862,2887391.7236784613],[729391.5939460767,2887391.488841659],[729390.1496373769,2887399.620801254],[729376.2310947248,2887397.170079499],[729377.6854000059,2887389.038295204],[729376.5579239263,2887388.841104972]],[[729381.5452966093,2887389.2281886963],[729381.1000101434,2887391.780616369],[729387.5752964651,2887392.9254117925],[729388.0305894983,2887390.373160455],[729381.5452966093,2887389.2281886963]]]]},"properties":{"height":6.0,"min_height":0.0},"id":""},{"type":"Feature","geometry":{"type":"MultiPolygon","coordinates":[[[[729413.2414329856,2887374.480222867],[729413.9305090129,2887371.1562502384],[729417.3808314542,2887371.8709441237],[729411.5976000521,2887399.621717474],[729393.7772811935,2887395.94957842],[729399.5057647554,2887368.4638384576],[729402.9759038417,2887369.1899608322],[729402.3419309268,2887372.2267353786],[729413.2414329856,2887374.480222867]],[[729403.7543460493,2887373.2934529632],[729403.261760496,2887375.689879338],[729411.7579827264,2887377.446617995],[729412.2605751468,2887375.0503680515],[729403.7543460493,2887373.2934529632]]]]},"properties":{"height":6.0,"min_height":0.0},"id":""},{"type":"Feature","geometry":{"type":"MultiPolygon","coordinates":[[[[729409.4333270622,2887406.0119814817],[729405.284790541,2887405.1630736697],[729406.3889965916,2887399.862480249],[729410.537534799,2887400.7113882885],[729409.4333270622,2887406.0119814817]]]]},"properties":{"height":6.0,"min_height":0.0},"id":""},{"type":"Feature","geometry":{"type":"MultiPolygon","coordinates":[[[[729404.1582918284,2887404.910481],[729399.3417425823,2887403.91680855],[729400.4245696281,2887398.6934222463],[729405.2511260889,2887399.687271176],[729404.1582918284,2887404.910481]]]]},"properties":{"height":6.0,"min_height":0.0},"id":""},{"type":"Feature","geometry":{"type":"MultiPolygon","coordinates":[[[[729394.4477027562,2887411.3008382493],[729382.8807501611,2887408.3041035812],[729384.0287825224,2887403.924204672],[729395.5957389406,2887406.9209400765],[729394.4477027562,2887411.3008382493]]]]},"properties":{"height":6.0,"min_height":0.0},"id":""},{"type":"Feature","geometry":{"type":"MultiPolygon","coordinates":[[[[729398.2693681387,2887403.4324178547],[729390.8500252218,2887401.905237188],[729391.8234293604,2887397.2119274708],[729399.2525850849,2887398.750364694],[729398.2693681387,2887403.4324178547]]]]},"properties":{"height":6.0,"min_height":0.0},"id":""},{"type":"Feature","geometry":{"type":"MultiPolygon","coordinates":[[[[729381.8290787714,2887408.917337288],[729367.0340699069,2887405.0879287175],[729368.3646743988,2887400.0019052867],[729383.1696942241,2887403.8314911528],[729381.8290787714,2887408.917337288]]]]},"properties":{"height":6.0,"min_height":0.0},"id":""},{"type":"Feature","geometry":{"type":"MultiPolygon","coordinates":[[[[729361.4705808645,2887427.755295623],[729367.1901111568,2887405.888682641],[729381.5866641549,2887409.611323461],[729375.867110098,2887431.477931882],[729361.4705808645,2887427.755295623]],[[729372.4593480742,2887407.8878226657],[729369.4904580814,2887407.1151175573],[729368.4385270664,2887411.1531237066],[729371.397606002,2887411.9145724643],[729372.4593480742,2887407.8878226657]],[[729375.7072147906,2887408.7319419463],[729374.655477006,2887412.7588677513],[729377.6143602056,2887413.5313979574],[729378.6662940175,2887409.4933923422],[729375.7072147906,2887408.7319419463]]]]},"properties":{"height":6.0,"min_height":0.0},"id":""},{"type":"Feature","geometry":{"type":"MultiPolygon","coordinates":[[[[729377.1208359578,2887430.7574220444],[729382.7433201083,2887409.288107524],[729394.9578827636,2887412.4514158117],[729389.3351836798,2887433.931806509],[729377.1208359578,2887430.7574220444]],[[729384.6448735273,2887410.995192501],[729383.4966461867,2887415.3861713456],[729391.2477699905,2887417.3957787994],[729392.3959999024,2887413.0048004477],[729384.6448735273,2887410.995192501]]]]},"properties":{"height":6.0,"min_height":0.0},"id":""},{"type":"Feature","geometry":{"type":"MultiPolygon","coordinates":[[[[729385.5386687709,2887448.328805446],[729373.3739703076,2887445.177464521],[729376.8608066086,2887431.883351371],[729389.0155120185,2887435.0345184375],[729385.5386687709,2887448.328805446]]]]},"properties":{"height":6.0,"min_height":0.0},"id":""},{"type":"Feature","geometry":{"type":"MultiPolygon","coordinates":[[[[729355.3040062892,2887450.0019574394],[729360.8940916846,2887428.6650674627],[729375.2804196035,2887432.3986069327],[729369.6903110485,2887453.735492451],[729355.3040062892,2887450.0019574394]],[[729363.8289722874,2887430.8004324776],[729362.7556678427,2887434.915646419],[729371.3038851167,2887437.127697682],[729372.3871974729,2887433.012660446],[729363.8289722874,2887430.8004324776]]]]},"properties":{"height":6.0,"min_height":0.0},"id":""},{"type":"Feature","geometry":{"type":"MultiPolygon","coordinates":[[[[729414.5869843004,2887407.7541846894],[729410.2293134071,2887406.8461745097],[729411.3778359981,2887401.3025266323],[729415.7455140254,2887402.2107132887],[729414.5869843004,2887407.7541846894]]]]},"properties":{"height":6.0,"min_height":0.0},"id":""},{"type":"Feature","geometry":{"type":"MultiPolygon","coordinates":[[[[729419.5563949029,2887409.160642095],[729415.6373957326,2887408.3490241757],[729416.8292594622,2887402.6177218063],[729420.7582656359,2887403.4295161907],[729419.5563949029,2887409.160642095]]]]},"properties":{"height":6.0,"min_height":0.0},"id":""},{"type":"Feature","geometry":{"type":"MultiPolygon","coordinates":[[[[729423.8167441823,2887409.91177336],[729420.8549344544,2887409.305432287],[729422.0793534708,2887403.4306191406],[729425.0411645311,2887404.036960393],[729423.8167441823,2887409.91177336]]]]},"properties":{"height":6.0,"min_height":0.0},"id":""},{"type":"Feature","geometry":{"type":"MultiPolygon","coordinates":[[[[729437.3792797712,2887413.2540339767],[729424.7247391632,2887410.6371061224],[729426.2444792506,2887403.3377336925],[729438.8990269303,2887405.9546625],[729437.3792797712,2887413.2540339767]]]]},"properties":{"height":6.0,"min_height":0.0},"id":""},{"type":"Feature","geometry":{"type":"MultiPolygon","coordinates":[[[[729442.3647497607,2887403.5219431138],[729440.6041951481,2887411.9919152297],[729438.2607618393,2887411.5072974334],[729440.0213149348,2887403.037325114],[729442.3647497607,2887403.5219431138]]]]},"properties":{"height":6.0,"min_height":0.0},"id":""},{"type":"Feature","geometry":{"type":"MultiPolygon","coordinates":[[[[729435.6028332867,2887473.7603985206],[729432.0512319139,2887476.5241080304],[729413.4478315071,2887472.4280507406],[729409.409959746,2887471.547838572],[729407.1899941779,2887467.463288227],[729416.8142589151,2887425.0613856087],[729420.9956159873,2887422.342014068],[729478.7831914468,2887435.452043192],[729480.4658341312,2887437.654040943],[729483.2235759738,2887435.641112196],[729485.467342427,2887438.3739182344],[729482.6572318022,2887440.5189249255],[729484.2615880583,2887442.619793123],[729481.9342238912,2887453.152376189],[729474.4678241018,2887458.274371134],[729473.0628987288,2887464.1681680935],[729439.5729945897,2887456.8948647273],[729435.6028332867,2887473.7603985206]]]]},"properties":{"height":6.0,"min_height":0.0},"id":""},{"type":"Feature","geometry":{"type":"MultiPolygon","coordinates":[[[[729453.9592943765,2887381.6590977623],[729465.0482985377,2887383.949218693],[729460.2162374761,2887407.128199268],[729457.8983598698,2887418.2594569614],[729440.8261278633,2887414.7334302245],[729443.1439909178,2887403.6021705717],[729449.1172477079,2887404.8379047397],[729453.9592943765,2887381.6590977623]],[[729461.8696526358,2887389.4016817324],[729455.3278440429,2887388.056175511],[729454.8036716754,2887390.54071174],[729461.3552891221,2887391.897474041],[729461.8696526358,2887389.4016817324]],[[729452.1147412134,2887407.3955634693],[729456.6421096971,2887408.3287442974],[729457.35257308,2887404.9275657665],[729452.8252034199,2887403.99438478],[729452.1147412134,2887407.3955634693]]]]},"properties":{"height":6.0,"min_height":0.0},"id":""},{"type":"Feature","geometry":{"type":"MultiPolygon","coordinates":[[[[729491.9999343929,2887351.628203668],[729480.3674440196,2887348.940566854],[729487.4260020924,2887318.685258939],[729491.0144592489,2887319.513239327],[729494.0019998528,2887306.731269786],[729525.8296343475,2887314.0751379156],[729500.1273550593,2887424.301352887],[729468.3001827747,2887416.946447792],[729469.9565076081,2887409.8489862015],[729465.2217620898,2887408.7569792033],[729476.4165791747,2887360.730224827],[729489.1853707795,2887363.6817149026],[729491.9999343929,2887351.628203668]]]]},"properties":{"height":6.0,"min_height":0.0},"id":""},{"type":"Feature","geometry":{"type":"MultiPolygon","coordinates":[[[[729455.2535859529,2887380.340804389],[729459.6479527891,2887359.282129337],[729471.5546791663,2887361.741827661],[729467.1602931351,2887382.800500117],[729455.2535859529,2887380.340804389]],[[729459.9583894708,2887368.930176956],[729467.4373885418,2887370.480613685],[729467.9509728334,2887368.0291414764],[729460.4619670422,2887366.4785282947],[729459.9583894708,2887368.930176956]]]]},"properties":{"height":6.0,"min_height":0.0},"id":""},{"type":"Feature","geometry":{"type":"MultiPolygon","coordinates":[[[[729478.053024842,2887339.4234627187],[729470.8267293954,2887338.298643598],[729471.8186591705,2887331.9874836253],[729479.0447629325,2887333.1233830224],[729478.053024842,2887339.4234627187]]]]},"properties":{"height":6.0,"min_height":0.0},"id":""},{"type":"Feature","geometry":{"type":"MultiPolygon","coordinates":[[[[729454.3672401381,2887358.5019292366],[729455.005859558,2887354.633981214],[729451.4233173509,2887354.038866091],[729450.751364884,2887358.0946451863],[729446.7297605296,2887357.4252962125],[729447.4015165564,2887353.380596988],[729450.4250077226,2887335.146210817],[729469.4860142396,2887338.275023688],[729466.462496271,2887356.5094074155],[729459.7362810066,2887355.404487094],[729459.0876548556,2887359.2722587287],[729454.3672401381,2887358.5019292366]]]]},"properties":{"height":6.0,"min_height":0.0},"id":""},{"type":"Feature","geometry":{"type":"MultiPolygon","coordinates":[[[[729451.1831471554,2887329.6067713615],[729454.9855188925,2887302.9516218654],[729473.8644741841,2887305.6228093966],[729470.0620635477,2887332.277956256],[729451.1831471554,2887329.6067713615]],[[729456.2868264967,2887309.7576004164],[729470.6931316869,2887311.7958229985],[729471.3101342716,2887307.450907317],[729456.9138296016,2887305.4128606664],[729456.2868264967,2887309.7576004164]]]]},"properties":{"height":6.0,"min_height":0.0},"id":""},{"type":"Feature","geometry":{"type":"MultiPolygon","coordinates":[[[[729479.8069220688,2887330.7649578713],[729472.1902181968,2887329.644343618],[729474.3945833669,2887314.731639791],[729482.0112960126,2887315.852254684],[729479.8069220688,2887330.7649578713]]]]},"properties":{"height":6.0,"min_height":0.0},"id":""},{"type":"Feature","geometry":{"type":"MultiPolygon","coordinates":[[[[729479.9050798751,2887307.0149081144],[729475.4096945089,2887306.536706263],[729475.9597343935,2887301.4480215325],[729480.4451161658,2887301.926047169],[729479.9050798751,2887307.0149081144]]]]},"properties":{"height":6.0,"min_height":0.0},"id":""},{"type":"Feature","geometry":{"type":"MultiPolygon","coordinates":[[[[729491.0957010062,2887297.292402792],[729481.247925498,2887295.5561385276],[729484.0594080647,2887279.700957171],[729493.9071955933,2887281.4372226726],[729491.0957010062,2887297.292402792]]]]},"properties":{"height":6.0,"min_height":0.0},"id":""},{"type":"Feature","geometry":{"type":"MultiPolygon","coordinates":[[[[729474.6064687255,2887279.4125005766],[729469.9966697937,2887278.610866557],[729471.352402475,2887270.9650215595],[729475.9622041231,2887271.7666558595],[729474.6064687255,2887279.4125005766]]]]},"properties":{"height":6.0,"min_height":0.0},"id":""},{"type":"Feature","geometry":{"type":"MultiPolygon","coordinates":[[[[729479.7217388497,2887294.697993519],[729467.7286615369,2887292.5914417296],[729469.8842242465,2887280.448733878],[729481.8773127708,2887282.5552868224],[729479.7217388497,2887294.697993519]]]]},"properties":{"height":6.0,"min_height":0.0},"id":""},{"type":"Feature","geometry":{"type":"MultiPolygon","coordinates":[[[[729453.5683637974,2887301.5855632513],[729454.5363715354,2887295.495649832],[729475.6860208157,2887298.8053444335],[729474.7181983385,2887304.8841770305],[729453.5683637974,2887301.5855632513]]]]},"properties":{"height":6.0,"min_height":0.0},"id":""},{"type":"Feature","geometry":{"type":"MultiPolygon","coordinates":[[[[729466.7524293547,2887292.3304082807],[729457.4832034238,2887290.704105595],[729461.3288025609,2887268.981841642],[729470.6080493827,2887270.608322182],[729466.7524293547,2887292.3304082807]]]]},"properties":{"height":6.0,"min_height":0.0},"id":""},{"type":"Feature","geometry":{"type":"MultiPolygon","coordinates":[[[[729476.6177692129,2887268.641596306],[729462.4929332361,2887266.5307460586],[729464.2600894662,2887254.846699262],[729478.3847429893,2887256.968630467],[729476.6177692129,2887268.641596306]]]]},"properties":{"height":6.0,"min_height":0.0},"id":""},{"type":"Feature","geometry":{"type":"MultiPolygon","coordinates":[[[[729477.5633734157,2887237.691170149],[729445.7153655522,2887228.651317688],[729446.6647898032,2887225.3208485395],[729444.4241089295,2887224.682874877],[729446.6100839425,2887217.0627365443],[729448.8507660932,2887217.700710487],[729450.5248654685,2887211.8670700956],[729482.3729133208,2887220.906931348],[729477.5633734157,2887237.691170149]]]]},"properties":{"height":6.0,"min_height":0.0},"id":""},{"type":"Feature","geometry":{"type":"MultiPolygon","coordinates":[[[[729482.9884103688,2887239.3716751444],[729478.9624248799,2887238.3808230776],[729484.3082953228,2887216.7182437456],[729488.3344826263,2887217.6980169895],[729482.9884103688,2887239.3716751444]]]]},"properties":{"height":6.0,"min_height":0.0},"id":""},{"type":"Feature","geometry":{"type":"MultiPolygon","coordinates":[[[[729492.9687610269,2887222.224117373],[729493.7840775694,2887219.689294332],[729503.7265972004,2887222.8680773648],[729502.9112788,2887225.402899922],[729492.9687610269,2887222.224117373]]]]},"properties":{"height":6.0,"min_height":0.0},"id":""},{"type":"Feature","geometry":{"type":"MultiPolygon","coordinates":[[[[729496.6351649623,2887243.6243063146],[729496.0017525695,2887246.627837937],[729489.779655402,2887245.3101206897],[729490.412871155,2887242.3176688557],[729496.6351649623,2887243.6243063146]]]]},"properties":{"height":6.0,"min_height":0.0},"id":""},{"type":"Feature","geometry":{"type":"MultiPolygon","coordinates":[[[[729469.0107899418,2887251.627530161],[729470.8528268165,2887241.374564463],[729485.4395503894,2887243.9701460307],[729483.5975020047,2887254.2231105175],[729469.0107899418,2887251.627530161]]]]},"properties":{"height":6.0,"min_height":0.0},"id":""},{"type":"Feature","geometry":{"type":"MultiPolygon","coordinates":[[[[729486.978924951,2887276.460616585],[729476.8372681249,2887274.9297645655],[729478.6585632823,2887263.0139204017],[729488.8002294388,2887264.5447731493],[729486.978924951,2887276.460616585]]]]},"properties":{"height":6.0,"min_height":0.0},"id":""},{"type":"Feature","geometry":{"type":"MultiPolygon","coordinates":[[[[729519.7009862484,2887269.4006819883],[729513.2044122573,2887267.7566964887],[729517.3858477975,2887251.404736543],[729523.8824298214,2887253.048723532],[729519.7009862484,2887269.4006819883]]]]},"properties":{"height":6.0,"min_height":0.0},"id":""},{"type":"Feature","geometry":{"type":"MultiPolygon","coordinates":[[[[729489.2226958906,2887261.016603866],[729492.1891589004,2887249.43127238],[729514.1799190987,2887254.9946944313],[729511.2132415955,2887266.5911023244],[729489.2226958906,2887261.016603866]]]]},"properties":{"height":6.0,"min_height":0.0},"id":""},{"type":"Feature","geometry":{"type":"MultiPolygon","coordinates":[[[[729500.4880326402,2887248.1920602666],[729497.0582757504,2887247.4444591757],[729501.7291261144,2887226.035993563],[729505.1590838335,2887226.7725154813],[729500.4880326402,2887248.1920602666]]]]},"properties":{"height":6.0,"min_height":0.0},"id":""},{"type":"Feature","geometry":{"type":"MultiPolygon","coordinates":[[[[729502.5165447609,2887250.078733],[729507.0614801195,2887224.456348328],[729518.1169386117,2887227.5217512697],[729513.9209021351,2887252.086272808],[729502.5165447609,2887250.078733]],[[729509.862512206,2887227.9415631476],[729509.4405278562,2887230.305981012],[729513.8804460943,2887231.0935508427],[729514.3024312494,2887228.729133062],[729509.862512206,2887227.9415631476]],[[729513.1366764758,2887237.5199161395],[729507.8286318472,2887236.584049208],[729507.3295819935,2887239.3461125684],[729512.6476309081,2887240.2821556753],[729513.1366764758,2887237.5199161395]]]]},"properties":{"height":6.0,"min_height":0.0},"id":""},{"type":"Feature","geometry":{"type":"MultiPolygon","coordinates":[[[[729524.9589669972,2887249.321494773],[729518.5322257841,2887247.6898214677],[729521.4667485503,2887236.2147656595],[729527.8934953392,2887237.8464399995],[729524.9589669972,2887249.321494773]]]]},"properties":{"height":6.0,"min_height":0.0},"id":""},{"type":"Feature","geometry":{"type":"MultiPolygon","coordinates":[[[[729522.7646805649,2887224.4670369662],[729528.4517875212,2887205.0271670576],[729536.0198035316,2887207.2109588073],[729530.3324903455,2887226.661906214],[729522.7646805649,2887224.4670369662]],[[729530.7975007795,2887206.520429848],[729530.4354487068,2887207.7553939023],[729532.5066229703,2887208.3571452238],[729532.8686752314,2887207.1221812125],[729530.7975007795,2887206.520429848]],[[729525.8771999802,2887222.7707004626],[729528.8843916599,2887223.643863711],[729529.4596330936,2887221.670066663],[729526.4524409735,2887220.7969033145],[729525.8771999802,2887222.7707004626]]]]},"properties":{"height":6.0,"min_height":0.0},"id":""},{"type":"Feature","geometry":{"type":"MultiPolygon","coordinates":[[[[729543.9154411491,2887237.3751013493],[729534.0110750238,2887276.9014058537],[729537.3293967239,2887277.7246378544],[729532.076184379,2887298.6684130095],[729528.7578679421,2887297.845181957],[729522.9383554376,2887296.401539344],[729521.6031925345,2887301.7423912752],[729514.0597809826,2887299.8693723115],[729516.5958003039,2887269.5454684515],[729522.0564981344,2887270.9052003925],[729531.2499036143,2887234.2369696307],[729543.9154411491,2887237.3751013493]]]]},"properties":{"height":6.0,"min_height":0.0},"id":""},{"type":"Feature","geometry":{"type":"MultiPolygon","coordinates":[[[[729503.5010421807,2887300.4259159598],[729491.5299349697,2887298.2088943156],[729493.1759320983,2887289.426571695],[729505.1470473931,2887291.6435942543],[729503.5010421807,2887300.4259159598]]]]},"properties":{"height":6.0,"min_height":0.0},"id":""},{"type":"Feature","geometry":{"type":"MultiPolygon","coordinates":[[[[729588.022573319,2887234.561415282],[729593.7091423048,2887207.207985208],[729628.4728832563,2887214.360002085],[729622.7960515587,2887241.7246787464],[729588.022573319,2887234.561415282]],[[729598.8850681488,2887216.77555147],[729596.5994137996,2887227.7743623126],[729616.9829320399,2887231.96853282],[729619.2686035549,2887220.969724281],[729598.8850681488,2887216.77555147]]]]},"properties":{"height":6.0,"min_height":0.0},"id":""},{"type":"Feature","geometry":{"type":"MultiPolygon","coordinates":[[[[729626.7733347148,2887257.4002691135],[729619.5997299198,2887293.5942247915],[729588.9995085751,2887287.590691042],[729588.8429666287,2887282.8442226476],[729589.0713163216,2887277.838536045],[729589.549260192,2887273.435754188],[729590.3765666945,2887268.518208925],[729591.5237010756,2887264.193722956],[729592.8130600085,2887259.7498261696],[729594.0820633911,2887255.8929925906],[729596.1830338145,2887251.3969011637],[729626.7733347148,2887257.4002691135]]]]},"properties":{"height":6.0,"min_height":0.0},"id":""},{"type":"Feature","geometry":{"type":"MultiPolygon","coordinates":[[[[729606.4206283037,2887320.161647251],[729593.9887159563,2887317.9696557345],[729595.812791332,2887307.605547684],[729608.2547189664,2887309.7977165785],[729606.4206283037,2887320.161647251]]]]},"properties":{"height":6.0,"min_height":0.0},"id":""},{"type":"Feature","geometry":{"type":"MultiPolygon","coordinates":[[[[729585.3900515434,2887303.8529667873],[729582.4212580814,2887316.7017546315],[729612.8341319922,2887323.6773188445],[729613.5921266952,2887320.4210676206],[729609.4553329034,2887319.4725524024],[729612.8138397379,2887304.957039535],[729627.1282269456,2887308.2351609296],[729623.7596989324,2887322.7504948936],[729619.5672889138,2887340.8534218585],[729564.0845506194,2887328.12700453],[729567.5289060554,2887313.2804947454],[729572.0244410026,2887293.8750551753],[729586.9170103276,2887297.28523858],[729592.9874335256,2887298.6889993437],[729591.4706723772,2887305.245823433],[729585.3900515434,2887303.8529667873]]]]},"properties":{"height":6.0,"min_height":0.0},"id":""},{"type":"Feature","geometry":{"type":"MultiPolygon","coordinates":[[[[729572.9291174897,2887406.6538410825],[729563.4170739575,2887404.613087477],[729565.0628156086,2887396.983441918],[729562.9391080966,2887396.5248411316],[729571.4806399131,2887357.096449688],[729573.604549113,2887357.543971403],[729575.2497138921,2887349.947566665],[729584.8414492282,2887352.011896804],[729584.5035514637,2887353.5797884553],[729649.2935480002,2887367.4679102264],[729638.0597274187,2887419.3730901964],[729594.8266239164,2887410.1099311695],[729595.3718102342,2887407.57035138],[729573.7353229724,2887402.932934077],[729572.9291174897,2887406.6538410825]]]]},"properties":{"height":6.0,"min_height":0.0},"id":""},{"type":"Feature","geometry":{"type":"MultiPolygon","coordinates":[[[[729555.9767455234,2887453.681309528],[729552.895862711,2887453.0174212013],[729554.3541257033,2887446.3708961713],[729557.445015338,2887447.034961069],[729555.9767455234,2887453.681309528]]]]},"properties":{"height":6.0,"min_height":0.0},"id":""},{"type":"Feature","geometry":{"type":"MultiPolygon","coordinates":[[[[729566.9637267551,2887446.9921452263],[729554.3800980105,2887444.897257415],[729558.8749927348,2887418.143488785],[729571.4686527164,2887420.238555369],[729566.9637267551,2887446.9921452263]]]]},"properties":{"height":6.0,"min_height":0.0},"id":""},{"type":"Feature","geometry":{"type":"MultiPolygon","coordinates":[[[[729581.5373328453,2887448.0470290063],[729583.2809301305,2887434.8663089974],[729595.9922471553,2887436.5312210447],[729596.8939491326,2887429.6643025964],[729609.7351440013,2887431.342600601],[729608.8334352019,2887438.209518665],[729612.7376818578,2887438.7216836526],[729611.0038644634,2887451.9136583153],[729581.5373328453,2887448.0470290063]]]]},"properties":{"height":6.0,"min_height":0.0},"id":""},{"type":"Feature","geometry":{"type":"MultiPolygon","coordinates":[[[[729588.1128576932,2887477.002034107],[729577.0478021604,2887476.1974015455],[729576.1984390893,2887474.98541929],[729579.2705638339,2887464.2221381725],[729577.9979472745,2887456.9289732664],[729579.2102956558,2887456.2853367147],[729612.8933600236,2887460.547715551],[729613.5519919237,2887461.2243329566],[729613.5333437086,2887481.58427866],[729612.2456416648,2887481.960581055],[729588.1128576932,2887477.002034107]]]]},"properties":{"height":6.0,"min_height":0.0},"id":""},{"type":"Feature","geometry":{"type":"MultiPolygon","coordinates":[[[[729585.0158248149,2887507.9145605196],[729584.1535743246,2887507.433857019],[729587.2074222974,2887493.7331447587],[729587.9329408052,2887479.2598834787],[729598.1322941141,2887483.185877243],[729607.4866659491,2887481.677182627],[729608.1441249454,2887482.4202797967],[729604.459339259,2887501.2525813105],[729605.9207528124,2887509.7571739596],[729605.2351679028,2887510.609595902],[729595.4030380321,2887508.5631685387],[729585.0158248149,2887507.9145605196]]]]},"properties":{"height":6.0,"min_height":0.0},"id":""},{"type":"Feature","geometry":{"type":"MultiPolygon","coordinates":[[[[729649.3347150211,2887531.4481281666],[729648.3955585012,2887541.5729171047],[729646.8749947124,2887557.993932531],[729545.7042078284,2887548.740198305],[729544.2685392614,2887548.4267259385],[729543.091201848,2887547.652302493],[729542.2901096081,2887546.5409238325],[729541.8191882268,2887545.435364276],[729541.7600414649,2887544.2483945293],[729541.7832794792,2887542.9298755694],[729546.7760415615,2887518.589984046],[729561.8246792416,2887521.6482434454],[729560.8947532122,2887526.1428105417],[729565.2005488914,2887533.96602454],[729608.9564464877,2887537.962622659],[729609.525095859,2887531.8213395383],[729628.6600423901,2887533.5773723633],[729628.10138911,2887539.7188317217],[729639.712378727,2887540.7769743195],[729640.6515284416,2887530.652185257],[729649.3347150211,2887531.4481281666]]]]},"properties":{"height":6.0,"min_height":0.0},"id":""},{"type":"Feature","geometry":{"type":"MultiPolygon","coordinates":[[[[729572.1088733814,2887512.242342635],[729541.3637264847,2887505.4050619546],[729547.532343883,2887477.949282536],[729541.112210591,2887476.5172052984],[729539.4070426055,2887484.112554906],[729535.1800564574,2887483.1735526663],[729540.4802920651,2887459.559501499],[729563.8482287555,2887464.7593938434],[729558.6679682108,2887487.810298849],[729576.6923835808,2887491.818779682],[729572.1088733814,2887512.242342635]]]]},"properties":{"height":6.0,"min_height":0.0},"id":""},{"type":"Feature","geometry":{"type":"MultiPolygon","coordinates":[[[[729530.680387086,2887522.6953544565],[729521.3681398492,2887520.680311976],[729525.8948555875,2887500.0673192902],[729535.1971122711,2887502.0821875934],[729530.680387086,2887522.6953544565]]]]},"properties":{"height":6.0,"min_height":0.0},"id":""},{"type":"Feature","geometry":{"type":"MultiPolygon","coordinates":[[[[729521.0669737904,2887546.2888140306],[729520.2728841004,2887537.3969916003],[729527.6807763318,2887536.7295332286],[729528.4746658374,2887545.632436462],[729521.0669737904,2887546.2888140306]]]]},"properties":{"height":6.0,"min_height":0.0},"id":""},{"type":"Feature","geometry":{"type":"MultiPolygon","coordinates":[[[[729458.2323822414,2887608.9224350215],[729458.7178597432,2887619.4269942394],[729448.2005762807,2887619.9177888534],[729447.7152856084,2887609.4021506547],[729458.2323822414,2887608.9224350215]]]]},"properties":{"height":6.0,"min_height":0.0},"id":""},{"type":"Feature","geometry":{"type":"MultiPolygon","coordinates":[[[[729556.9543753357,2887687.237588298],[729499.7369127721,2887674.2147302404],[729493.7189990241,2887665.2973560914],[729496.0812977471,2887655.0535594537],[729492.3134294379,2887654.1891570855],[729500.44263451,2887618.8321770234],[729513.8000991336,2887621.871673233],[729511.8270606883,2887630.470896454],[729518.0970415359,2887631.9003200587],[729518.932263206,2887628.2353397356],[729543.4244194533,2887633.7986224024],[729542.5789905462,2887637.474505314],[729567.1107528105,2887643.0606999234],[729556.9543753357,2887687.237588298]]]]},"properties":{"height":6.0,"min_height":0.0},"id":""},{"type":"Feature","geometry":{"type":"MultiPolygon","coordinates":[[[[729589.1259621682,2887636.4107968924],[729553.7636683756,2887632.052338989],[729557.295176869,2887603.7409911645],[729592.6475430127,2887608.0992765524],[729589.1259621682,2887636.4107968924]]]]},"properties":{"height":6.0,"min_height":0.0},"id":""},{"type":"Feature","geometry":{"type":"MultiPolygon","coordinates":[[[[729616.4414149304,2887604.4511306672],[729615.3432628263,2887615.6482106587],[729598.418400166,2887613.997648712],[729599.8427364908,2887599.625372211],[729616.7576128433,2887601.2757582217],[729616.4414149304,2887604.4511306672]]]]},"properties":{"height":6.0,"min_height":0.0},"id":""},{"type":"Feature","geometry":{"type":"MultiPolygon","coordinates":[[[[729599.0917947448,2887635.9768954064],[729601.2779349338,2887616.9962549256],[729613.733040097,2887618.423931978],[729611.5468816038,2887637.404571721],[729599.0917947448,2887635.9768954064]]]]},"properties":{"height":6.0,"min_height":0.0},"id":""},{"type":"Feature","geometry":{"type":"MultiPolygon","coordinates":[[[[729612.5390862689,2887633.91969769],[729623.2363998182,2887635.1390599185],[729620.5293220589,2887658.687976121],[729609.8220229154,2887657.4684382807],[729612.5390862689,2887633.91969769]]]]},"properties":{"height":6.0,"min_height":0.0},"id":""},{"type":"Feature","geometry":{"type":"MultiPolygon","coordinates":[[[[729595.649903896,2887639.329916534],[729592.6476278866,2887665.4339042273],[729602.8256275337,2887666.588679751],[729602.624286743,2887668.3584804605],[729611.7433070927,2887669.4059260683],[729609.2268058367,2887691.229186483],[729600.1076055574,2887690.1928214957],[729599.8113788537,2887692.80329083],[729581.453309135,2887690.7063039877],[729581.7495321279,2887688.095834509],[729571.8613056513,2887686.9683489106],[729574.3679339917,2887665.1338295797],[729577.5813201775,2887637.27129592],[729595.649903896,2887639.329916534]]]]},"properties":{"height":6.0,"min_height":0.0},"id":""}]}